org_name,gene,url,org_type,registry_platform,registry_url,natural_history_study,coalitions,contact,fda_report,notes
ADNP Kids Research Foundation,ADNP,https://adnpkids.com/,foundation,Citizen,,,Simons Searchlight,,,ADNP Syndrome / Helsmoortel-Van der Aa Syndrome; registry: ADNP registry through partners; Citizen Health partnership
ADNP Kids Foundation,ADNP,,foundation,Citizen,,,Simons Searchlight,,,ADNP Syndrome / Helsmoortel-Van der Aa Syndrome; registry: ADNP registry through partners; Citizen Health partnership
Coffin-Siris Syndrome Foundation,ARID1B,https://www.coffinsiris.org/,foundation,Foundation-hosted,,,Simons Searchlight,,,Coffin-Siris Syndrome 1 (ARID1B-related); registry: CSS Foundation registry; Simons Searchlight
CSS Network,ARID1B,,foundation,Foundation-hosted,,,Simons Searchlight,,,Coffin-Siris Syndrome 1 (ARID1B-related); registry: CSS Foundation registry; Simons Searchlight
Foundation for ARID1B Research,ARID1B,,foundation,Foundation-hosted,,,Simons Searchlight,,,Coffin-Siris Syndrome 1 (ARID1B-related); registry: CSS Foundation registry; Simons Searchlight
Simons Searchlight ARX Facebook community,ARX,,family group,,,,Simons Searchlight,,,"ARX-related disorders (XLAG, Partington, ISSX); registry: Captured under Simons Searchlight and broader DEE registries"
CACNA1A Foundation,CACNA1A,https://www.cacna1a.org,foundation,Foundation-hosted,https://www.cacna1a.org/participate-research,,COMBINEDBrain,info@cacna1a.org,,"CACNA1A-related disorders (EA2, FHM1, SCA6, DEE42); registry: CACNA1A Foundation registry (in development)"
International Foundation for CDKL5 Research,CDKL5,https://www.cdkl5.com,foundation,REDCap,https://cdkl5.com/help-our-researchers,,,info@cdkl5.com,EL-PFDD Meeting (2019),CDKL5 Deficiency Disorder (CDD); registry: International CDKL5 Disorder Database (ICDD)
Loulou Foundation,CDKL5,,foundation,REDCap,https://cdkl5.com/help-our-researchers,,,info@cdkl5.com,EL-PFDD Meeting (2019),CDKL5 Deficiency Disorder (CDD); registry: International CDKL5 Disorder Database (ICDD)
Coalition to Cure CHD2,CHD2,https://www.curechd2.org,foundation,Citizen,https://www.curechd2.org/rare-x,,COMBINEDBrain;Simons Searchlight,info@curechd2.org,,CHD2-related neurodevelopmental disorder / DEE; registry: Citizen Health partnership; building dedicated registry
Batten Disease Support and Research Association,CLN3,https://bdsra.org,foundation,REDCap,https://bdsra.org/clinical-news/bdsra-funds-crucial-project-to-expand-a-batten-disease-patient-registry/,,,,,"Juvenile Neuronal Ceroid Lipofuscinosis (Batten Disease, CLN3); registry: DEM-CHILD database (international Batten registry); BDSRA registry"
Beyond Batten Disease Foundation,CLN3,,foundation,REDCap,https://bdsra.org/clinical-news/bdsra-funds-crucial-project-to-expand-a-batten-disease-patient-registry/,,,,,"Juvenile Neuronal Ceroid Lipofuscinosis (Batten Disease, CLN3); registry: DEM-CHILD database (international Batten registry); BDSRA registry"
Noah's Hope/Hope4Bridget,CLN3,,foundation,REDCap,https://bdsra.org/clinical-news/bdsra-funds-crucial-project-to-expand-a-batten-disease-patient-registry/,,,,,"Juvenile Neuronal Ceroid Lipofuscinosis (Batten Disease, CLN3); registry: DEM-CHILD database (international Batten registry); BDSRA registry"
multiple country orgs,CLN3,,foundation,REDCap,https://bdsra.org/clinical-news/bdsra-funds-crucial-project-to-expand-a-batten-disease-patient-registry/,,,,,"Juvenile Neuronal Ceroid Lipofuscinosis (Batten Disease, CLN3); registry: DEM-CHILD database (international Batten registry); BDSRA registry"
ForeBatten Foundation,CLN3,,foundation,REDCap,https://bdsra.org/clinical-news/bdsra-funds-crucial-project-to-expand-a-batten-disease-patient-registry/,,,,,"Juvenile Neuronal Ceroid Lipofuscinosis (Batten Disease, CLN3); registry: DEM-CHILD database (international Batten registry); BDSRA registry"
CSNK2A1 Foundation,CSNK2A1,https://www.csnk2a1foundation.org/,foundation,REDCap,https://www.csnk2a1foundation.org/contact-registry,,COMBINEDBrain;Simons Searchlight,info@csnk2a1foundation.org,Patient Listening Session (2024),Okur-Chung Neurodevelopmental Syndrome (OCNDS); registry: CSNK2A1 Foundation registry; Brain Gene Registry partnership
DDX3X Foundation,DDX3X,https://ddx3x.org/,foundation,Citizen,https://ddx3x.org/registry/,,Simons Searchlight,,,DDX3X Syndrome (Toriello-Carey-like; X-linked); registry: DDX3X Foundation registry; Citizen Health partnership
IDefine,EHMT1,https://www.idefine.org/,foundation,Citizen,,,Simons Searchlight,,,Kleefstra Syndrome (9q34.3 deletion / EHMT1); registry: IDefine registry; RARE-X / Citizen Health platforms; Simons Searchlight
Kleefstra Syndrome International,EHMT1,https://kleefstrasyndrome.org/,foundation,Citizen,,,Simons Searchlight,,,Kleefstra Syndrome (9q34.3 deletion / EHMT1); registry: IDefine registry; RARE-X / Citizen Health platforms; Simons Searchlight
Kleefstra Syndrome UK,EHMT1,,foundation,Citizen,,,Simons Searchlight,,,Kleefstra Syndrome (9q34.3 deletion / EHMT1); registry: IDefine registry; RARE-X / Citizen Health platforms; Simons Searchlight
FOXG1 Research Foundation (FRF),FOXG1,https://www.foxg1research.org/,foundation,Foundation-hosted,https://www.foxg1research.org/,yes,,contact@foxg1research.org,,FOXG1 Syndrome (congenital Rett variant); registry: FRF NH/registry program
FOXG1 Research Foundation,FOXG1,,foundation,Foundation-hosted,https://www.foxg1research.org/,yes,,contact@foxg1research.org,,FOXG1 Syndrome (congenital Rett variant); registry: FRF NH/registry program
International FOXG1 Foundation,FOXG1,,foundation,Foundation-hosted,https://www.foxg1research.org/,yes,,contact@foxg1research.org,,FOXG1 Syndrome (congenital Rett variant); registry: FRF NH/registry program
International FOXP1 Foundation,FOXP1,https://www.foxp1.org/,foundation,REDCap,,,Simons Searchlight,,,FOXP1 Syndrome (intellectual disability with language impairment + autism); registry: FOXP1 Foundation registry; Simons Searchlight
FOXP1 Foundation Facebook Group,FOXP1,,family group,REDCap,,,Simons Searchlight,,,FOXP1 Syndrome (intellectual disability with language impairment + autism); registry: FOXP1 Foundation registry; Simons Searchlight
Fundación Internacional FOXP1,FOXP1,,foundation,REDCap,,,Simons Searchlight,,,FOXP1 Syndrome (intellectual disability with language impairment + autism); registry: FOXP1 Foundation registry; Simons Searchlight
Simons Searchlight Facebook group,FOXP1,,family group,REDCap,,,Simons Searchlight,,,FOXP1 Syndrome (intellectual disability with language impairment + autism); registry: FOXP1 Foundation registry; Simons Searchlight
Bow Foundation,GNAO1,https://gnao1.org/,foundation,Pulse Infoframe,https://gnao1.org/gnao1-international-patient-registry/,,,,,"GNAO1-related neurodevelopmental disorder (DEE17); registry: GNAO1 International Patient Registry (Bow Foundation, hosted via Invitae PIN)"
Famiglie GNAO1,GNAO1,,foundation,Pulse Infoframe,https://gnao1.org/gnao1-international-patient-registry/,,,,,"GNAO1-related neurodevelopmental disorder (DEE17); registry: GNAO1 International Patient Registry (Bow Foundation, hosted via Invitae PIN)"
CureGRIN Foundation,GRIN1,https://curegrin.org/,foundation,REDCap,https://curegrin.org/gri-registry/ | https://grin2b.com/grin-registry/ | https://curegrin.org/gricensus/,,COMBINEDBrain,,,GRIN1-related neurodevelopmental disorder (DEE8); registry: CureGRIN registry; Combined Brain partnership
CureGRIN,GRIN1,,foundation,REDCap,https://curegrin.org/gri-registry/ | https://grin2b.com/grin-registry/ | https://curegrin.org/gricensus/,,COMBINEDBrain,,,GRIN1-related neurodevelopmental disorder (DEE8); registry: CureGRIN registry; Combined Brain partnership
GRIN1 Parent Support Group,GRIN1,,foundation,REDCap,https://curegrin.org/gri-registry/ | https://grin2b.com/grin-registry/ | https://curegrin.org/gricensus/,,COMBINEDBrain,,,GRIN1-related neurodevelopmental disorder (DEE8); registry: CureGRIN registry; Combined Brain partnership
CureGRIN Foundation,GRIN2A,https://curegrin.org/,foundation,Foundation-hosted,https://curegrin.org/gri-registry/ | https://grin2b.com/grin-registry/ | https://curegrin.org/gricensus/,,COMBINEDBrain;Simons Searchlight,,,"GRIN2A-related disorders (epilepsy-aphasia spectrum, LKS, CSWS); registry: CureGRIN registry; Combined Brain partnership"
GRI Center of Excellence,GRIN2A,,foundation,Foundation-hosted,https://curegrin.org/gri-registry/ | https://grin2b.com/grin-registry/ | https://curegrin.org/gricensus/,,COMBINEDBrain;Simons Searchlight,,,"GRIN2A-related disorders (epilepsy-aphasia spectrum, LKS, CSWS); registry: CureGRIN registry; Combined Brain partnership"
CureGRIN,GRIN2A,,foundation,Foundation-hosted,https://curegrin.org/gri-registry/ | https://grin2b.com/grin-registry/ | https://curegrin.org/gricensus/,,COMBINEDBrain;Simons Searchlight,,,"GRIN2A-related disorders (epilepsy-aphasia spectrum, LKS, CSWS); registry: CureGRIN registry; Combined Brain partnership"
GRIN2B Foundation,GRIN2B,http://grin2b.com/,foundation,Foundation-hosted,https://grin2b.com/register/,,COMBINEDBrain;Simons Searchlight,info@grin2b.com,,GRIN2B-related neurodevelopmental disorder (DEE/NDD); registry: GRIN2B Foundation registry; Combined Brain partnership 2024
CureGRIN,GRIN2B,,foundation,Foundation-hosted,https://grin2b.com/register/,,COMBINEDBrain;Simons Searchlight,info@grin2b.com,,GRIN2B-related neurodevelopmental disorder (DEE/NDD); registry: GRIN2B Foundation registry; Combined Brain partnership 2024
2BCURED,GRIN2B,,foundation,Foundation-hosted,https://grin2b.com/register/,,COMBINEDBrain;Simons Searchlight,info@grin2b.com,,GRIN2B-related neurodevelopmental disorder (DEE/NDD); registry: GRIN2B Foundation registry; Combined Brain partnership 2024
GRI France,GRIN2B,,foundation,Foundation-hosted,https://grin2b.com/register/,,COMBINEDBrain;Simons Searchlight,info@grin2b.com,,GRIN2B-related neurodevelopmental disorder (DEE/NDD); registry: GRIN2B Foundation registry; Combined Brain partnership 2024
GRIN Europe,GRIN2B,,foundation,Foundation-hosted,https://grin2b.com/register/,,COMBINEDBrain;Simons Searchlight,info@grin2b.com,,GRIN2B-related neurodevelopmental disorder (DEE/NDD); registry: GRIN2B Foundation registry; Combined Brain partnership 2024
KCNB1 Foundation,KCNB1,https://kcnb1.org/,foundation,Citizen,,,COMBINEDBrain;Simons Searchlight,,,KCNB1 Encephalopathy (DEE26); registry: KCNB1 Foundation registry; Simons Searchlight; Citizen Health
KCNB1.org,KCNB1,,foundation,Citizen,,,COMBINEDBrain;Simons Searchlight,,,KCNB1 Encephalopathy (DEE26); registry: KCNB1 Foundation registry; Simons Searchlight; Citizen Health
Simons Searchlight KCNB1 Facebook community,KCNB1,,family group,Citizen,,,COMBINEDBrain;Simons Searchlight,,,KCNB1 Encephalopathy (DEE26); registry: KCNB1 Foundation registry; Simons Searchlight; Citizen Health
International Rett Syndrome Foundation,MECP2,https://www.rettsyndrome.org/,foundation,REDCap,https://www.interrett.com.au/,yes,,,Patient Listening Session (2025); EL-PFDD Meeting (2022),"Rett Syndrome; MECP2 Duplication Syndrome (males); registry: Rett Syndrome NH Study (US); InterRett (international, Western Australia)"
Reverse Rett (UK),MECP2,https://www.reverserett.org.uk/,foundation,REDCap,https://www.interrett.com.au/,yes,,,Patient Listening Session (2025); EL-PFDD Meeting (2022),"Rett Syndrome; MECP2 Duplication Syndrome (males); registry: Rett Syndrome NH Study (US); InterRett (international, Western Australia)"
Rett Syndrome Research Trust,MECP2,https://reverserett.org/,foundation,REDCap,https://www.interrett.com.au/,yes,,,Patient Listening Session (2025); EL-PFDD Meeting (2022),"Rett Syndrome; MECP2 Duplication Syndrome (males); registry: Rett Syndrome NH Study (US); InterRett (international, Western Australia)"
MECP2 Duplication Foundation,MECP2,https://mecp2duplication.com/,foundation,REDCap,https://www.interrett.com.au/,yes,,,Patient Listening Session (2025); EL-PFDD Meeting (2022),"Rett Syndrome; MECP2 Duplication Syndrome (males); registry: Rett Syndrome NH Study (US); InterRett (international, Western Australia)"
Rett Syndrome.org,MECP2,,foundation,REDCap,https://www.interrett.com.au/,yes,,,Patient Listening Session (2025); EL-PFDD Meeting (2022),"Rett Syndrome; MECP2 Duplication Syndrome (males); registry: Rett Syndrome NH Study (US); InterRett (international, Western Australia)"
MED13L Foundation,MED13L,https://med13l.org/,foundation,Foundation-hosted,https://med13l.org/research-hub/join-med13l-research-opportunities/,,COMBINEDBrain;Simons Searchlight,info@med13l.org,,MED13L Syndrome (intellectual disability with distinctive facial features); registry: MED13L Foundation registry; Simons Searchlight
MED13L (Germany),MED13L,,foundation,Foundation-hosted,https://med13l.org/research-hub/join-med13l-research-opportunities/,,COMBINEDBrain;Simons Searchlight,info@med13l.org,,MED13L Syndrome (intellectual disability with distinctive facial features); registry: MED13L Foundation registry; Simons Searchlight
MED13L España,MED13L,,foundation,Foundation-hosted,https://med13l.org/research-hub/join-med13l-research-opportunities/,,COMBINEDBrain;Simons Searchlight,info@med13l.org,,MED13L Syndrome (intellectual disability with distinctive facial features); registry: MED13L Foundation registry; Simons Searchlight
MEF2C Foundation,MEF2C,https://www.usmef2cfoundation.org/,foundation,Foundation-hosted,https://www.usmef2cfoundation.org/joinsimonssearchlight,,Simons Searchlight,info@usmef2cfoundation.org,Patient Listening Session (2024),MEF2C Haploinsufficiency Syndrome (5q14.3 microdeletion); registry: MEF2C Foundation registry; Simons Searchlight
Asociacion MEF2C,MEF2C,,foundation,Foundation-hosted,https://www.usmef2cfoundation.org/joinsimonssearchlight,,Simons Searchlight,info@usmef2cfoundation.org,Patient Listening Session (2024),MEF2C Haploinsufficiency Syndrome (5q14.3 microdeletion); registry: MEF2C Foundation registry; Simons Searchlight
MEF2C Family Foundation,MEF2C,,foundation,Foundation-hosted,https://www.usmef2cfoundation.org/joinsimonssearchlight,,Simons Searchlight,info@usmef2cfoundation.org,Patient Listening Session (2024),MEF2C Haploinsufficiency Syndrome (5q14.3 microdeletion); registry: MEF2C Foundation registry; Simons Searchlight
US MEF2C Foundation,MEF2C,,foundation,Foundation-hosted,https://www.usmef2cfoundation.org/joinsimonssearchlight,,Simons Searchlight,info@usmef2cfoundation.org,Patient Listening Session (2024),MEF2C Haploinsufficiency Syndrome (5q14.3 microdeletion); registry: MEF2C Foundation registry; Simons Searchlight
PCDH19 Alliance,PCDH19,https://www.pcdh19info.org/,foundation,Foundation-hosted,https://pcdh19info.org/resources/lacy-smith-ms-cgc-nilika-singhal-md-pcdh19-registry-looking-back-on-ten-years/,yes,COMBINEDBrain,julie@pcdh19info.org,,PCDH19 Clustering Epilepsy (formerly EFMR); registry: PCDH19 Alliance registry / NH partnership
Together for the research on PCDH19,PCDH19,,foundation,Foundation-hosted,https://pcdh19info.org/resources/lacy-smith-ms-cgc-nilika-singhal-md-pcdh19-registry-looking-back-on-ten-years/,yes,COMBINEDBrain,julie@pcdh19info.org,,PCDH19 Clustering Epilepsy (formerly EFMR); registry: PCDH19 Alliance registry / NH partnership
United Mitochondrial Disease Foundation,POLG,https://www.umdf.org/,foundation,REDCap,https://rarediseasesnetwork.org/cms/namdc,,,,EL-PFDD Meeting (2019),"POLG-related disorders (Alpers, MEMSA, ANS, PEO, MCHS); registry: NAMDC (North American Mitochondrial Disease Consortium) registry; UK MitoCohort"
MitoAction,POLG,https://www.mitoaction.org/,foundation,REDCap,https://rarediseasesnetwork.org/cms/namdc,,,,EL-PFDD Meeting (2019),"POLG-related disorders (Alpers, MEMSA, ANS, PEO, MCHS); registry: NAMDC (North American Mitochondrial Disease Consortium) registry; UK MitoCohort"
Lily Foundation (UK),POLG,https://www.thelilyfoundation.org.uk/,foundation,REDCap,https://rarediseasesnetwork.org/cms/namdc,,,,EL-PFDD Meeting (2019),"POLG-related disorders (Alpers, MEMSA, ANS, PEO, MCHS); registry: NAMDC (North American Mitochondrial Disease Consortium) registry; UK MitoCohort"
Mito Foundation (AU),POLG,https://www.mito.org.au/,foundation,REDCap,https://rarediseasesnetwork.org/cms/namdc,,,,EL-PFDD Meeting (2019),"POLG-related disorders (Alpers, MEMSA, ANS, PEO, MCHS); registry: NAMDC (North American Mitochondrial Disease Consortium) registry; UK MitoCohort"
International Mito Patients,POLG,,foundation,REDCap,https://rarediseasesnetwork.org/cms/namdc,,,,EL-PFDD Meeting (2019),"POLG-related disorders (Alpers, MEMSA, ANS, PEO, MCHS); registry: NAMDC (North American Mitochondrial Disease Consortium) registry; UK MitoCohort"
PolG Foundation,POLG,,foundation,REDCap,https://rarediseasesnetwork.org/cms/namdc,,,,EL-PFDD Meeting (2019),"POLG-related disorders (Alpers, MEMSA, ANS, PEO, MCHS); registry: NAMDC (North American Mitochondrial Disease Consortium) registry; UK MitoCohort"
Jordan's Guardian Angels,PPP2R5D,https://jordansguardianangels.org/,foundation,REDCap,,yes,,,,Jordan's Syndrome (PPP2R5D-related neurodevelopmental disorder); registry: JGA NH study (Columbia/Wendy Chung); JGA International Family Conference cohort
PPP2R5D Foundation,PPP2R5D,,foundation,REDCap,,yes,,,,Jordan's Syndrome (PPP2R5D-related neurodevelopmental disorder); registry: JGA NH study (Columbia/Wendy Chung); JGA International Family Conference cohort
PURA Syndrome Foundation,PURA,https://purasyndrome.org/,foundation,Foundation-hosted,https://purasyndrome.org/research/patient-registry/,,,,,PURA Syndrome; registry: PURA Syndrome Foundation registry; PURA biobank (Helmholtz Munich partnership)
PURA Foundation Australia,PURA,,foundation,Foundation-hosted,https://purasyndrome.org/research/patient-registry/,,,,,PURA Syndrome; registry: PURA Syndrome Foundation registry; PURA biobank (Helmholtz Munich partnership)
GrandPOPS,PURA,,foundation,Foundation-hosted,https://purasyndrome.org/research/patient-registry/,,,,,PURA Syndrome; registry: PURA Syndrome Foundation registry; PURA biobank (Helmholtz Munich partnership)
SATB2 Gene Foundation,SATB2,https://www.satb2gene.org/,foundation,Foundation-hosted,,,COMBINEDBrain;Simons Searchlight,,,SATB2-Associated Syndrome (SAS; Glass syndrome); registry: SATB2 Gene Foundation registry; Simons Searchlight
international family network,SATB2,,family group,Foundation-hosted,,,COMBINEDBrain;Simons Searchlight,,,SATB2-Associated Syndrome (SAS; Glass syndrome); registry: SATB2 Gene Foundation registry; Simons Searchlight
SATB2- genfundament,SATB2,,foundation,Foundation-hosted,,,COMBINEDBrain;Simons Searchlight,,,SATB2-Associated Syndrome (SAS; Glass syndrome); registry: SATB2 Gene Foundation registry; Simons Searchlight
SATB2 Syndrome (2q33.1) Facebook Group,SATB2,,family group,Foundation-hosted,,,COMBINEDBrain;Simons Searchlight,,,SATB2-Associated Syndrome (SAS; Glass syndrome); registry: SATB2 Gene Foundation registry; Simons Searchlight
Dravet Syndrome Foundation,SCN1A,https://www.dravetfoundation.org,foundation,Foundation-hosted,https://dravetfoundation.org/research/for-patients-families/registry-natural-history-studies/,,COMBINEDBrain;Simons Searchlight,info@dravetfoundation.org,EL-PFDD Meeting (2022),Dravet Syndrome; GEFS+2; FHM3; registry: Dravet Syndrome International Patient Registry
Dravet Syndrome UK,SCN1A,,foundation,Foundation-hosted,https://dravetfoundation.org/research/for-patients-families/registry-natural-history-studies/,,COMBINEDBrain;Simons Searchlight,info@dravetfoundation.org,EL-PFDD Meeting (2022),Dravet Syndrome; GEFS+2; FHM3; registry: Dravet Syndrome International Patient Registry
Dravet Syndrome European Federation,SCN1A,,foundation,Foundation-hosted,https://dravetfoundation.org/research/for-patients-families/registry-natural-history-studies/,,COMBINEDBrain;Simons Searchlight,info@dravetfoundation.org,EL-PFDD Meeting (2022),Dravet Syndrome; GEFS+2; FHM3; registry: Dravet Syndrome International Patient Registry
Dravet.org.au,SCN1A,,foundation,Foundation-hosted,https://dravetfoundation.org/research/for-patients-families/registry-natural-history-studies/,,COMBINEDBrain;Simons Searchlight,info@dravetfoundation.org,EL-PFDD Meeting (2022),Dravet Syndrome; GEFS+2; FHM3; registry: Dravet Syndrome International Patient Registry
multi-country,SCN1A,,foundation,Foundation-hosted,https://dravetfoundation.org/research/for-patients-families/registry-natural-history-studies/,,COMBINEDBrain;Simons Searchlight,info@dravetfoundation.org,EL-PFDD Meeting (2022),Dravet Syndrome; GEFS+2; FHM3; registry: Dravet Syndrome International Patient Registry
Dravet Foundation,SCN1A,,foundation,Foundation-hosted,https://dravetfoundation.org/research/for-patients-families/registry-natural-history-studies/,,COMBINEDBrain;Simons Searchlight,info@dravetfoundation.org,EL-PFDD Meeting (2022),Dravet Syndrome; GEFS+2; FHM3; registry: Dravet Syndrome International Patient Registry
ICE Epilepsy Alliance,SCN1A,,foundation,Foundation-hosted,https://dravetfoundation.org/research/for-patients-families/registry-natural-history-studies/,,COMBINEDBrain;Simons Searchlight,info@dravetfoundation.org,EL-PFDD Meeting (2022),Dravet Syndrome; GEFS+2; FHM3; registry: Dravet Syndrome International Patient Registry
FamilieSCN2A Foundation,SCN2A,https://www.scn2a.org/,foundation,Foundation-hosted,https://scn2a.iamrare.org/,,COMBINEDBrain;Simons Searchlight,info@scn2a.org,Patient Listening Session (2021),"SCN2A-related disorders (DEE11, BFNIS, autism, ID); registry: FamilieSCN2A registry; international SCN2A consortium"
SCN2A Australia,SCN2A,,foundation,Foundation-hosted,https://scn2a.iamrare.org/,,COMBINEDBrain;Simons Searchlight,info@scn2a.org,Patient Listening Session (2021),"SCN2A-related disorders (DEE11, BFNIS, autism, ID); registry: FamilieSCN2A registry; international SCN2A consortium"
SCN2A Europe,SCN2A,,foundation,Foundation-hosted,https://scn2a.iamrare.org/,,COMBINEDBrain;Simons Searchlight,info@scn2a.org,Patient Listening Session (2021),"SCN2A-related disorders (DEE11, BFNIS, autism, ID); registry: FamilieSCN2A registry; international SCN2A consortium"
SCN2A Foundation,SCN2A,,foundation,Foundation-hosted,https://scn2a.iamrare.org/,,COMBINEDBrain;Simons Searchlight,info@scn2a.org,Patient Listening Session (2021),"SCN2A-related disorders (DEE11, BFNIS, autism, ID); registry: FamilieSCN2A registry; international SCN2A consortium"
Wishes for Elliott,SCN8A,https://scn8aalliance.org/,foundation,Foundation-hosted,https://scn8aalliance.org/scn8a-registry/,,COMBINEDBrain,info@scn8aalliance.org,,"SCN8A-related disorders (DEE13, BFIS5, ID); registry: Wishes for Elliott registry partnership; international SCN8A consortium"
The Cute Syndrome Foundation,SCN8A,,foundation,Foundation-hosted,https://scn8aalliance.org/scn8a-registry/,,COMBINEDBrain,info@scn8aalliance.org,,"SCN8A-related disorders (DEE13, BFIS5, ID); registry: Wishes for Elliott registry partnership; international SCN8A consortium"
SCN8A Alliance,SCN8A,,foundation,Foundation-hosted,https://scn8aalliance.org/scn8a-registry/,,COMBINEDBrain,info@scn8aalliance.org,,"SCN8A-related disorders (DEE13, BFIS5, ID); registry: Wishes for Elliott registry partnership; international SCN8A consortium"
Cute Syndrome Foundation,SCN8A,,foundation,Foundation-hosted,https://scn8aalliance.org/scn8a-registry/,,COMBINEDBrain,info@scn8aalliance.org,,"SCN8A-related disorders (DEE13, BFIS5, ID); registry: Wishes for Elliott registry partnership; international SCN8A consortium"
SETBP1 Society,SETBP1,https://www.setbp1.org/,foundation,Citizen,,,COMBINEDBrain;Simons Searchlight,,,SETBP1 Disorder (haploinsufficiency / Schinzel-Giedion when GoF); registry: SETBP1 Society registry; Citizen Health partnership
Phelan-McDermid Syndrome Foundation,SHANK3,https://pmsf.org/,foundation,Matrix (Across Healthcare),https://pmsf.org/datahub/,yes,Simons Searchlight,info@pmsf.org,EL-PFDD Meeting (2022),"Phelan-McDermid Syndrome (22q13.3 deletion / SHANK3); registry: PMSF International Registry (Matrix platform, early adopter); Simons Searchlight; Mt Sinai academic NH"
CureSHANK,SHANK3,,foundation,Matrix (Across Healthcare),https://pmsf.org/datahub/,yes,Simons Searchlight,info@pmsf.org,EL-PFDD Meeting (2022),"Phelan-McDermid Syndrome (22q13.3 deletion / SHANK3); registry: PMSF International Registry (Matrix platform, early adopter); Simons Searchlight; Mt Sinai academic NH"
Phelan-McDermid Foundation Europe,SHANK3,,foundation,Matrix (Across Healthcare),https://pmsf.org/datahub/,yes,Simons Searchlight,info@pmsf.org,EL-PFDD Meeting (2022),"Phelan-McDermid Syndrome (22q13.3 deletion / SHANK3); registry: PMSF International Registry (Matrix platform, early adopter); Simons Searchlight; Mt Sinai academic NH"
22q13 Deletion Syndrome Foundation,SHANK3,,foundation,Matrix (Across Healthcare),https://pmsf.org/datahub/,yes,Simons Searchlight,info@pmsf.org,EL-PFDD Meeting (2022),"Phelan-McDermid Syndrome (22q13.3 deletion / SHANK3); registry: PMSF International Registry (Matrix platform, early adopter); Simons Searchlight; Mt Sinai academic NH"
TESS Research Foundation,SLC13A5,https://tessresearch.org,foundation,Pulse Infoframe,https://www.tessresearch.org/join-registry/,yes,,info@tessresearch.org,,SLC13A5 Citrate Transporter Disorder (DEE25); registry: TESS Foundation registry; Ciitizen/Invitae partnership; SLC13A5 Citrate Transporter Disorder NH
SLC6A1 Connect,SLC6A1,https://slc6a1connect.org/,foundation,Citizen,https://slc6a1connect.org/registry/,,COMBINEDBrain;Simons Searchlight,afreed@slc6a1connect.org,,SLC6A1-related disorder (myoclonic-atonic epilepsy / NDD); registry: SLC6A1 Connect registry; Citizen Health partnership
STXBP1 Foundation,STXBP1,https://stxbp1disorders.org,foundation,REDCap,https://www.stxbp1disorders.org/contact-list,yes,COMBINEDBrain;Simons Searchlight,info@stxbp1disorders.org,EL-PFDD Meeting (2023),STXBP1 Encephalopathy (DEE4); Ohtahara syndrome variant; registry: STXBP1 NH Study (NCT06555965); Brain Gene Registry partnership
European STXBP1 Association,STXBP1,,foundation,REDCap,https://www.stxbp1disorders.org/contact-list,yes,COMBINEDBrain;Simons Searchlight,info@stxbp1disorders.org,EL-PFDD Meeting (2023),STXBP1 Encephalopathy (DEE4); Ohtahara syndrome variant; registry: STXBP1 NH Study (NCT06555965); Brain Gene Registry partnership
SynGAP Research Fund,SYNGAP1,https://syngapresearchfund.com,foundation,Citizen,https://curesyngap1.org/join-the-citizen-registry/,,COMBINEDBrain;Simons Searchlight,info@cureSYNGAP1.org,EL-PFDD Meeting (2020),SYNGAP1-Related Intellectual Disability (MRD5); registry: SYNGAP1 Patient Registry; Brain Gene Registry; Citizen Health
Bridge the Gap - SYNGAP Education and Research Foundation,SYNGAP1,,foundation,Citizen,https://curesyngap1.org/join-the-citizen-registry/,,COMBINEDBrain;Simons Searchlight,info@cureSYNGAP1.org,EL-PFDD Meeting (2020),SYNGAP1-Related Intellectual Disability (MRD5); registry: SYNGAP1 Patient Registry; Brain Gene Registry; Citizen Health
CURE SYNGAP1,SYNGAP1,,foundation,Citizen,https://curesyngap1.org/join-the-citizen-registry/,,COMBINEDBrain;Simons Searchlight,info@cureSYNGAP1.org,EL-PFDD Meeting (2020),SYNGAP1-Related Intellectual Disability (MRD5); registry: SYNGAP1 Patient Registry; Brain Gene Registry; Citizen Health
SYNGAP1 Foundation,SYNGAP1,,foundation,Citizen,https://curesyngap1.org/join-the-citizen-registry/,,COMBINEDBrain;Simons Searchlight,info@cureSYNGAP1.org,EL-PFDD Meeting (2020),SYNGAP1-Related Intellectual Disability (MRD5); registry: SYNGAP1 Patient Registry; Brain Gene Registry; Citizen Health
TANGO2 Research Foundation,TANGO2,https://tango2research.org/,foundation,REDCap,,,,,,TANGO2 Deficiency Disorder (TDD); Metabolic Encephalomyopathic Crisis with Recurrent Rhabdomyolysis; registry: T2RF registry; Baylor academic registry
Tess Foundation,TBCK,https://www.curetbck.org/,foundation,REDCap,,yes,,,,TBCK-related neurodegenerative disorder (TBCK encephaloneuropathy); registry: Cure TBCK registry; CHOP academic NH
CureTBCK,TBCK,,foundation,REDCap,,yes,,,,TBCK-related neurodegenerative disorder (TBCK encephaloneuropathy); registry: Cure TBCK registry; CHOP academic NH
international family network,TBCK,,family group,REDCap,,yes,,,,TBCK-related neurodegenerative disorder (TBCK encephaloneuropathy); registry: Cure TBCK registry; CHOP academic NH
Fundación TBCK,TBCK,,foundation,REDCap,,yes,,,,TBCK-related neurodegenerative disorder (TBCK encephaloneuropathy); registry: Cure TBCK registry; CHOP academic NH
TSC Alliance (US),TSC1,https://www.tscalliance.org,foundation,REDCap,https://www.tscalliance.org/get-involved/participate-in-research/tsc-biosample-repository-and-natural-history-database/,yes,,info@tscalliance.org,EL-PFDD Meeting (2017),Tuberous Sclerosis Complex (TSC1); registry: TSC Natural History Database (TSC Alliance); TOSCA (international cohort)
Tuberous Sclerosis Association (UK),TSC1,,foundation,REDCap,https://www.tscalliance.org/get-involved/participate-in-research/tsc-biosample-repository-and-natural-history-database/,yes,,info@tscalliance.org,EL-PFDD Meeting (2017),Tuberous Sclerosis Complex (TSC1); registry: TSC Natural History Database (TSC Alliance); TOSCA (international cohort)
Tuberous Sclerosis Australia,TSC1,,foundation,REDCap,https://www.tscalliance.org/get-involved/participate-in-research/tsc-biosample-repository-and-natural-history-database/,yes,,info@tscalliance.org,EL-PFDD Meeting (2017),Tuberous Sclerosis Complex (TSC1); registry: TSC Natural History Database (TSC Alliance); TOSCA (international cohort)
multi-country,TSC1,,foundation,REDCap,https://www.tscalliance.org/get-involved/participate-in-research/tsc-biosample-repository-and-natural-history-database/,yes,,info@tscalliance.org,EL-PFDD Meeting (2017),Tuberous Sclerosis Complex (TSC1); registry: TSC Natural History Database (TSC Alliance); TOSCA (international cohort)
TS Alliance,TSC1,,foundation,REDCap,https://www.tscalliance.org/get-involved/participate-in-research/tsc-biosample-repository-and-natural-history-database/,yes,,info@tscalliance.org,EL-PFDD Meeting (2017),Tuberous Sclerosis Complex (TSC1); registry: TSC Natural History Database (TSC Alliance); TOSCA (international cohort)
TS Alliance,TSC2,,foundation,REDCap,https://www.tscalliance.org/get-involved/participate-in-research/tsc-biosample-repository-and-natural-history-database/,yes,,info@tscalliance.org,EL-PFDD Meeting (2017),"Tuberous Sclerosis Complex (TSC2, most cases); registry: Same, TSC Natural History Database; TOSCA"
Tuberous Sclerosis Association (UK),TSC2,,foundation,REDCap,https://www.tscalliance.org/get-involved/participate-in-research/tsc-biosample-repository-and-natural-history-database/,yes,,info@tscalliance.org,EL-PFDD Meeting (2017),"Tuberous Sclerosis Complex (TSC2, most cases); registry: Same, TSC Natural History Database; TOSCA"
Angelman Syndrome Foundation,UBE3A,https://www.angelman.org/,foundation,REDCap,https://angelman.org/contactregistry/,,,info@angelman.org,EL-PFDD Meeting (2025),Angelman Syndrome; registry: LADDER database (Lifespan Angelman Database; ASF/FAST partnership); ASF Clinics network
Foundation for Angelman Syndrome Therapeutics,UBE3A,,foundation,REDCap,https://angelman.org/contactregistry/,,,info@angelman.org,EL-PFDD Meeting (2025),Angelman Syndrome; registry: LADDER database (Lifespan Angelman Database; ASF/FAST partnership); ASF Clinics network
Angelman Syndrome UK,UBE3A,,foundation,REDCap,https://angelman.org/contactregistry/,,,info@angelman.org,EL-PFDD Meeting (2025),Angelman Syndrome; registry: LADDER database (Lifespan Angelman Database; ASF/FAST partnership); ASF Clinics network
Angelman Syndrome Alliance,UBE3A,,foundation,REDCap,https://angelman.org/contactregistry/,,,info@angelman.org,EL-PFDD Meeting (2025),Angelman Syndrome; registry: LADDER database (Lifespan Angelman Database; ASF/FAST partnership); ASF Clinics network
YWHAG Foundation,YWHAG,https://www.ywhagfoundation.org/,foundation,Citizen,https://www.ywhagfoundation.org/patient-registry,,,,,YWHAG-related developmental and epileptic encephalopathy (DEE56); registry: YWHAG Foundation patient registry (in development); Citizen Health
International PDE Consortium,ALDH7A1,https://pdeonline.org/,foundation,REDCap,https://pdeonline.org/,,,,,Pyridoxine-Dependent Epilepsy (PDE-ALDH7A1); registry: International PDE Registry (pdeonline.org)
PDE Foundation,ALDH7A1,,foundation,REDCap,https://pdeonline.org/,,,,,Pyridoxine-Dependent Epilepsy (PDE-ALDH7A1); registry: International PDE Registry (pdeonline.org)
CureAP4 Foundation,AP4B1,https://www.cureap4.org/,foundation,Foundation-hosted,https://clinicaltrials.gov/study/NCT04712812,yes,,,,AP-4-Associated Hereditary Spastic Paraplegia (SPG47); registry: Boston Children's Hospital AP-4-HSP Registry & NH Study (NCT04712812)
Cure SPG50 Foundation,AP4B1,https://www.curespg50.org/,foundation,Foundation-hosted,https://clinicaltrials.gov/study/NCT04712812,yes,,,,AP-4-Associated Hereditary Spastic Paraplegia (SPG47); registry: Boston Children's Hospital AP-4-HSP Registry & NH Study (NCT04712812)
Tom Wahlig Stiftung,AP4B1,,foundation,Foundation-hosted,https://clinicaltrials.gov/study/NCT04712812,yes,,,,AP-4-Associated Hereditary Spastic Paraplegia (SPG47); registry: Boston Children's Hospital AP-4-HSP Registry & NH Study (NCT04712812)
Cure AHC (US),ATP1A3,https://ahckids.org,foundation,REDCap,https://ahckids.org/wp-content/uploads/2015/08/Flyer-ClinicalRegistry.pdf,,,AHCFoundation@ahckids.org,,"ATP1A3-related disorders (AHC, RDP, CAPOS, D-DEMO); registry: AHC Patient Registry (Duke / AHC Foundation); international ATP1A3 Symposium cohorts"
AHC Foundation (US),ATP1A3,,foundation,REDCap,https://ahckids.org/wp-content/uploads/2015/08/Flyer-ClinicalRegistry.pdf,,,AHCFoundation@ahckids.org,,"ATP1A3-related disorders (AHC, RDP, CAPOS, D-DEMO); registry: AHC Patient Registry (Duke / AHC Foundation); international ATP1A3 Symposium cohorts"
AHCUK,ATP1A3,,foundation,REDCap,https://ahckids.org/wp-content/uploads/2015/08/Flyer-ClinicalRegistry.pdf,,,AHCFoundation@ahckids.org,,"ATP1A3-related disorders (AHC, RDP, CAPOS, D-DEMO); registry: AHC Patient Registry (Duke / AHC Foundation); international ATP1A3 Symposium cohorts"
AFSHA (FR),ATP1A3,,foundation,REDCap,https://ahckids.org/wp-content/uploads/2015/08/Flyer-ClinicalRegistry.pdf,,,AHCFoundation@ahckids.org,,"ATP1A3-related disorders (AHC, RDP, CAPOS, D-DEMO); registry: AHC Patient Registry (Duke / AHC Foundation); international ATP1A3 Symposium cohorts"
AHC Federation of Europe,ATP1A3,,foundation,REDCap,https://ahckids.org/wp-content/uploads/2015/08/Flyer-ClinicalRegistry.pdf,,,AHCFoundation@ahckids.org,,"ATP1A3-related disorders (AHC, RDP, CAPOS, D-DEMO); registry: AHC Patient Registry (Duke / AHC Foundation); international ATP1A3 Symposium cohorts"
AHC Australia,ATP1A3,,foundation,REDCap,https://ahckids.org/wp-content/uploads/2015/08/Flyer-ClinicalRegistry.pdf,,,AHCFoundation@ahckids.org,,"ATP1A3-related disorders (AHC, RDP, CAPOS, D-DEMO); registry: AHC Patient Registry (Duke / AHC Foundation); international ATP1A3 Symposium cohorts"
Cure AHC,ATP1A3,,foundation,REDCap,https://ahckids.org/wp-content/uploads/2015/08/Flyer-ClinicalRegistry.pdf,,,AHCFoundation@ahckids.org,,"ATP1A3-related disorders (AHC, RDP, CAPOS, D-DEMO); registry: AHC Patient Registry (Duke / AHC Foundation); international ATP1A3 Symposium cohorts"
AHC Foundation,ATP1A3,,foundation,REDCap,https://ahckids.org/wp-content/uploads/2015/08/Flyer-ClinicalRegistry.pdf,,,AHCFoundation@ahckids.org,,"ATP1A3-related disorders (AHC, RDP, CAPOS, D-DEMO); registry: AHC Patient Registry (Duke / AHC Foundation); international ATP1A3 Symposium cohorts"
AFSHA,ATP1A3,,foundation,REDCap,https://ahckids.org/wp-content/uploads/2015/08/Flyer-ClinicalRegistry.pdf,,,AHCFoundation@ahckids.org,,"ATP1A3-related disorders (AHC, RDP, CAPOS, D-DEMO); registry: AHC Patient Registry (Duke / AHC Foundation); international ATP1A3 Symposium cohorts"
DNM1 Epilepsy Project,DNM1,https://dnm1epilepsy.org,foundation,Citizen,https://patient.citizenhealth.com/,,,sali@dnm1epilepsy.com,,DNM1-related developmental and epileptic encephalopathy (DEE31A/B); registry: Citizen Health partnership
DYRK1A Syndrome International Association,DYRK1A,https://dyrk1a.org/,foundation,,https://www.simonssearchlight.org/research/what-we-study/dyrk1a/,,Simons Searchlight,,,DYRK1A Syndrome (MRD7) / DYRK1A Haploinsufficiency; registry: Working toward; Simons Searchlight provides infrastructure
country-specific groups,DYRK1A,,foundation,,https://www.simonssearchlight.org/research/what-we-study/dyrk1a/,,Simons Searchlight,,,DYRK1A Syndrome (MRD7) / DYRK1A Haploinsufficiency; registry: Working toward; Simons Searchlight provides infrastructure
KCNMA1 Channelopathy International Advocacy Foundation,KCNMA1,https://kcnma1.org/,foundation,REDCap,,yes,,,,"KCNMA1-related disorders (Liang-Wang syndrome / KCNMA1-channelopathy); registry: KCAF registry; academic NH (Univ. of Maryland, Meredith)"
KCNQ2 Cure Alliance,KCNQ2,https://www.kcnq2cure.org/,foundation,REDCap,https://www.kcnq2cure.org/contact-registry-form/,,COMBINEDBrain,info@kcnq2cure.org,,"KCNQ2-related disorders (BFNE, DEE7); registry: RIKEE, Rational Intervention for KCNQ2/3 Encephalopathy (international DB)"
KCNT1 Epilepsy Foundation,KCNT1,https://kcnt1epilepsy.org/,foundation,NORD IAMRARE,https://www.kcnt1epilepsy.org/registry-information-original/,,COMBINEDBrain,info@kcnt1epilepsy.org,Patient Listening Session (2024),KCNT1-related epilepsies (EIMFS/MMPSI; ADNFLE/SHE; other DEEs); registry: KCNT1 Epilepsy Foundation Patient Registry
KIF1A.ORG,KIF1A,https://www.kif1a.org/,foundation,Citizen,https://www.kif1a.org/research/,yes,,,,KIF1A-Associated Neurological Disorder (KAND); registry: KIF1A.ORG NH study (Columbia / Wendy Chung); Citizen Health
All Things Kabuki,KMT2D,https://allthingskabuki.org/,foundation,Citizen,,,Simons Searchlight,,,Kabuki Syndrome (Type 1); registry: All Things Kabuki registry; Citizen Health partnership
Kabuki Syndrome Foundation,KMT2D,https://kabukisyndrome.com/,foundation,Citizen,,,Simons Searchlight,,,Kabuki Syndrome (Type 1); registry: All Things Kabuki registry; Citizen Health partnership
Kabuki UK,KMT2D,,foundation,Citizen,,,Simons Searchlight,,,Kabuki Syndrome (Type 1); registry: All Things Kabuki registry; Citizen Health partnership
Lissencephaly Network,PAFAH1B1,https://www.lissencephaly.org/,foundation,Foundation-hosted,,,,,,Lissencephaly 1 (LIS1; classical lissencephaly); Miller-Dieker syndrome; registry: Lissencephaly Network registry; academic cohorts
Miller-Dieker Foundation,PAFAH1B1,,foundation,Foundation-hosted,,,,,,Lissencephaly 1 (LIS1; classical lissencephaly); Miller-Dieker syndrome; registry: Lissencephaly Network registry; academic cohorts
international families,PAFAH1B1,,foundation,Foundation-hosted,,,,,,Lissencephaly 1 (LIS1; classical lissencephaly); Miller-Dieker syndrome; registry: Lissencephaly Network registry; academic cohorts
PNKP Disease Foundation,PNKP,https://www.pnkpfoundation.org/ (verify),foundation,Foundation-hosted,,yes,,,,PNKP-related disorders (MCSZ; AOA4); registry: Foundation registry; academic NH
AOA4-PNKP family network,PNKP,,family group,Foundation-hosted,,yes,,,,PNKP-related disorders (MCSZ; AOA4); registry: Foundation registry; academic NH
BDSRA,PPT1,https://bdsra.org,foundation,REDCap,https://bdsra.org/clinical-news/bdsra-funds-crucial-project-to-expand-a-batten-disease-patient-registry/,,,,,Neuronal Ceroid Lipofuscinosis 1 (Infantile NCL / CLN1); registry: DEM-CHILD; BDSRA registry
Beyond Batten,PPT1,,foundation,REDCap,https://bdsra.org/clinical-news/bdsra-funds-crucial-project-to-expand-a-batten-disease-patient-registry/,,,,,Neuronal Ceroid Lipofuscinosis 1 (Infantile NCL / CLN1); registry: DEM-CHILD; BDSRA registry
Taylor's Tale,PPT1,,foundation,REDCap,https://bdsra.org/clinical-news/bdsra-funds-crucial-project-to-expand-a-batten-disease-patient-registry/,,,,,Neuronal Ceroid Lipofuscinosis 1 (Infantile NCL / CLN1); registry: DEM-CHILD; BDSRA registry
movement disorder umbrellas,PRRT2,,foundation,REDCap,,,,,,"PRRT2-related disorders (BFIE, PKD, ICCA, hemiplegic migraine); registry: Multiple academic cohorts"
PTEN Hamartoma Tumor Syndrome Foundation (US),PTEN,https://ptenfoundation.org/,foundation,Foundation-hosted,https://clinicaltrials.gov/study/NCT06462430,,,,,"PTEN Hamartoma Tumor Syndrome (Cowden, Bannayan-Riley-Ruvalcaba); Macrocephaly-Autism Syndrome; registry: PTEN Foundation IRB-approved registry & biorepository; Yale Pediatric Patient Registry (NCT06462430); PtenTurkiye.org"
PTEN Research (UK),PTEN,https://www.ptenresearch.org/,foundation,Foundation-hosted,https://clinicaltrials.gov/study/NCT06462430,,,,,"PTEN Hamartoma Tumor Syndrome (Cowden, Bannayan-Riley-Ruvalcaba); Macrocephaly-Autism Syndrome; registry: PTEN Foundation IRB-approved registry & biorepository; Yale Pediatric Patient Registry (NCT06462430); PtenTurkiye.org"
PTEN Hamartoma Tumor Syndrome Foundation,PTEN,,foundation,Foundation-hosted,https://clinicaltrials.gov/study/NCT06462430,,,,,"PTEN Hamartoma Tumor Syndrome (Cowden, Bannayan-Riley-Ruvalcaba); Macrocephaly-Autism Syndrome; registry: PTEN Foundation IRB-approved registry & biorepository; Yale Pediatric Patient Registry (NCT06462430); PtenTurkiye.org"
PTEN Research,PTEN,,foundation,Foundation-hosted,https://clinicaltrials.gov/study/NCT06462430,,,,,"PTEN Hamartoma Tumor Syndrome (Cowden, Bannayan-Riley-Ruvalcaba); Macrocephaly-Autism Syndrome; registry: PTEN Foundation IRB-approved registry & biorepository; Yale Pediatric Patient Registry (NCT06462430); PtenTurkiye.org"
Glut1 Deficiency Foundation,SLC2A1,https://G1DFoundation.org,foundation,Foundation-hosted,https://www.g1dfoundation.org/natural-history-study/,,COMBINEDBrain,hello@G1DFoundation.org,,GLUT1 Deficiency Syndrome (Glut1-DS); registry: Glut1 Deficiency Foundation Patient Registry
Christianson Syndrome Association,SLC9A6,https://www.csaresearchfoundation.org/,foundation,REDCap,,yes,,,,Christianson Syndrome (X-linked NDD with epilepsy + ataxia); registry: CSA Research Foundation registry; academic NH
Pitt Hopkins Research Foundation,TCF4,https://pitthopkins.org/,foundation,REDCap,,,,,,Pitt-Hopkins Syndrome; registry: PHRF registry; international academic cohorts
Pitt Hopkins UK,TCF4,,foundation,REDCap,,,,,,Pitt-Hopkins Syndrome; registry: PHRF registry; international academic cohorts
BDSRA,TPP1,https://bdsra.org,foundation,REDCap,https://bdsra.org/clinical-news/bdsra-funds-crucial-project-to-expand-a-batten-disease-patient-registry/,,,,,Late-Infantile Neuronal Ceroid Lipofuscinosis (Classical CLN2); registry: DEM-CHILD; BDSRA; BioMarin Brineura post-marketing
Beyond Batten,TPP1,,foundation,REDCap,https://bdsra.org/clinical-news/bdsra-funds-crucial-project-to-expand-a-batten-disease-patient-registry/,,,,,Late-Infantile Neuronal Ceroid Lipofuscinosis (Classical CLN2); registry: DEM-CHILD; BDSRA; BioMarin Brineura post-marketing
multiple country foundations,TPP1,,foundation,REDCap,https://bdsra.org/clinical-news/bdsra-funds-crucial-project-to-expand-a-batten-disease-patient-registry/,,,,,Late-Infantile Neuronal Ceroid Lipofuscinosis (Classical CLN2); registry: DEM-CHILD; BDSRA; BioMarin Brineura post-marketing
Don't Forget Me Foundation (US),WDR45,https://dontforgetmefoundation.org/,foundation,Foundation-hosted,https://www.bpanwarriors.org/rare-x | https://rare-x.org/bpan/ | Historical Ciitizen natural history study announcement: https://www.prweb.com/releases/BPAN_Warriors_Partners_with_Ciitizen_to_launch_a_groundbreaking_Natural_History_Study_to_accelerate_potential_treatments_for_rare_disease_BPAN/prweb17735181.htm,,,info@bpanwarriors.org,,Beta-Propeller Protein-Associated Neurodegeneration (BPAN); SENDA; registry: NBIA international registry; BPAN-specific cohorts via Don't Forget Me
BPAN Warriors,WDR45,https://www.nbiadisorders.org/,foundation,Foundation-hosted,https://www.bpanwarriors.org/rare-x | https://rare-x.org/bpan/ | Historical Ciitizen natural history study announcement: https://www.prweb.com/releases/BPAN_Warriors_Partners_with_Ciitizen_to_launch_a_groundbreaking_Natural_History_Study_to_accelerate_potential_treatments_for_rare_disease_BPAN/prweb17735181.htm,,,info@bpanwarriors.org,,Beta-Propeller Protein-Associated Neurodegeneration (BPAN); SENDA; registry: NBIA international registry; BPAN-specific cohorts via Don't Forget Me
NBIA Disorders Association,WDR45,,foundation,Foundation-hosted,https://www.bpanwarriors.org/rare-x | https://rare-x.org/bpan/ | Historical Ciitizen natural history study announcement: https://www.prweb.com/releases/BPAN_Warriors_Partners_with_Ciitizen_to_launch_a_groundbreaking_Natural_History_Study_to_accelerate_potential_treatments_for_rare_disease_BPAN/prweb17735181.htm,,,info@bpanwarriors.org,,Beta-Propeller Protein-Associated Neurodegeneration (BPAN); SENDA; registry: NBIA international registry; BPAN-specific cohorts via Don't Forget Me
Don't Forget Me Foundation,WDR45,,foundation,Foundation-hosted,https://www.bpanwarriors.org/rare-x | https://rare-x.org/bpan/ | Historical Ciitizen natural history study announcement: https://www.prweb.com/releases/BPAN_Warriors_Partners_with_Ciitizen_to_launch_a_groundbreaking_Natural_History_Study_to_accelerate_potential_treatments_for_rare_disease_BPAN/prweb17735181.htm,,,info@bpanwarriors.org,,Beta-Propeller Protein-Associated Neurodegeneration (BPAN); SENDA; registry: NBIA international registry; BPAN-specific cohorts via Don't Forget Me
Mowat-Wilson Syndrome Foundation (US),ZEB2,https://mowat-wilson.org/,foundation,Matrix (Across Healthcare),https://mowat-wilson.org/matrix/,,,,,"Mowat-Wilson Syndrome; registry: Mowat-Wilson Syndrome Foundation Matrix Portal & Registry (Across Healthcare platform, early adopter, launched Feb 2021)"
Mowat-Wilson Syndrome Australia,ZEB2,,foundation,Matrix (Across Healthcare),https://mowat-wilson.org/matrix/,,,,,"Mowat-Wilson Syndrome; registry: Mowat-Wilson Syndrome Foundation Matrix Portal & Registry (Across Healthcare platform, early adopter, launched Feb 2021)"
multiple country networks,ZEB2,,foundation,Matrix (Across Healthcare),https://mowat-wilson.org/matrix/,,,,,"Mowat-Wilson Syndrome; registry: Mowat-Wilson Syndrome Foundation Matrix Portal & Registry (Across Healthcare platform, early adopter, launched Feb 2021)"
Mowat-Wilson Syndrome Foundation,ZEB2,,foundation,Matrix (Across Healthcare),https://mowat-wilson.org/matrix/,,,,,"Mowat-Wilson Syndrome; registry: Mowat-Wilson Syndrome Foundation Matrix Portal & Registry (Across Healthcare platform, early adopter, launched Feb 2021)"
Simons Searchlight,ARHGEF9,,foundation,,,no,,,,ARHGEF9-related epileptic encephalopathy (X-linked; hyperekplexia + epilepsy); registry: Academic cohorts only
emerging community,ATP6V1A,https://vatpasealliance.org/,family group,,https://vatpasealliance.org/patient-registry-1,no,,,,"ATP6V1A-related disorders (DEE93, cutis laxa); registry: Academic cohorts (Florence Italy)"
v-ATPase Alliance,ATP6V1A,,foundation,,https://vatpasealliance.org/patient-registry-1,no,,,,"ATP6V1A-related disorders (DEE93, cutis laxa); registry: Academic cohorts (Florence Italy)"
Project CASK,CASK,https://www.projectcask.org/,foundation,REDCap,https://www.caskgene.org/registry | https://www.caskgene.org/population,yes,Simons Searchlight,hello@caskgene.org,,CASK-related disorders (MICPCH; FG syndrome 4; X-linked ID); registry: Project CASK registry partnership; international CASK NH cohort
CASK Foundation,CASK,,foundation,REDCap,https://www.caskgene.org/registry | https://www.caskgene.org/population,yes,Simons Searchlight,hello@caskgene.org,,CASK-related disorders (MICPCH; FG syndrome 4; X-linked ID); registry: Project CASK registry partnership; international CASK NH cohort
The Brave Foundation,CASK,,foundation,REDCap,https://www.caskgene.org/registry | https://www.caskgene.org/population,yes,Simons Searchlight,hello@caskgene.org,,CASK-related disorders (MICPCH; FG syndrome 4; X-linked ID); registry: Project CASK registry partnership; international CASK NH cohort
CSNK2B Foundation,CSNK2B,https://csnk2bfoundation.org,foundation,,https://www.citizen.health/ai-advocate/csnk2b-foundation,no,,,,Poirier-Bienvenu Neurodevelopmental Syndrome (POBINDS); registry: CSNK2B registry (Citizen Health; Simons Searchlight)
CSNK2B Neurodevelopmental Syndrome Foundation,CSNK2B,,foundation,,https://www.citizen.health/ai-advocate/csnk2b-foundation,no,,,,Poirier-Bienvenu Neurodevelopmental Syndrome (POBINDS); registry: CSNK2B registry (Citizen Health; Simons Searchlight)
DEAF1 family network,DEAF1,https://www.rorybelle.org,family group,,,,Simons Searchlight,hello@therorybellefoundation.org,,DEAF1-related neurodevelopmental disorder (Vulto-van Silfhout-de Vries syndrome); registry: Simons Searchlight; family registry
Families of DAND (DEAF1 and Related Neurodevelopmental Disorders),DEAF1,,foundation,,,,Simons Searchlight,hello@therorybellefoundation.org,,DEAF1-related neurodevelopmental disorder (Vulto-van Silfhout-de Vries syndrome); registry: Simons Searchlight; family registry
DAND Alliance,DEAF1,,foundation,,,,Simons Searchlight,hello@therorybellefoundation.org,,DEAF1-related neurodevelopmental disorder (Vulto-van Silfhout-de Vries syndrome); registry: Simons Searchlight; family registry
DLG4 Foundation,DLG4,,foundation,,,,Simons Searchlight,,Patient Listening Session (2024),DLG4-related synaptopathy (PSD-95 NDD); registry: Simons Searchlight; family registry
DLG4 SHINE Foundation,DLG4,,foundation,,,,Simons Searchlight,,Patient Listening Session (2024),DLG4-related synaptopathy (PSD-95 NDD); registry: Simons Searchlight; family registry
Finding Hope for FRRS1L,FRRS1L,https://www.frrs1l.org,foundation,,https://www.frrs1l.org/register,no,,contact@FRRS1L.org,,FRRS1L-related epileptic encephalopathy (DEE37); registry: Academic only
Cure GABA-A Variants,GABRA1,https://curegabaa.org/,foundation,,No dedicated public patient registry identified in this pass,,COMBINEDBrain,,,"GABRA1-related epilepsies (Dravet-like, JME, DEE19); registry: Cure GABA-A Variants / Combined Brain biorepository"
GABRA1 Village,GABRA1,,foundation,,No dedicated public patient registry identified in this pass,,COMBINEDBrain,,,"GABRA1-related epilepsies (Dravet-like, JME, DEE19); registry: Cure GABA-A Variants / Combined Brain biorepository"
Cure GABA-A Variants,GABRB3,https://curegabaa.org/,foundation,,No dedicated public patient registry identified in this pass,,COMBINEDBrain,,,"GABRB3-related disorders (DEE43, CAE, Lennox-Gastaut); registry: Via Cure GABA-A Variants"
GABRB3 Life Changes,GABRB3,,foundation,,No dedicated public patient registry identified in this pass,,COMBINEDBrain,,,"GABRB3-related disorders (DEE43, CAE, Lennox-Gastaut); registry: Via Cure GABA-A Variants"
GNB1 Advocacy Group / GNB1 family network,GNB1,https://www.gnb1advocacy.org/,family group,REDCap,https://www.gnb1advocacy.org/research/registry,,Simons Searchlight,,,GNB1 Encephalopathy (NEDIM); registry: GNB1 family registry; Simons Searchlight
GNB1 Advocacy Group,GNB1,,foundation,REDCap,https://www.gnb1advocacy.org/research/registry,,Simons Searchlight,,,GNB1 Encephalopathy (NEDIM); registry: GNB1 family registry; Simons Searchlight
GNB1 Foundation,GNB1,,foundation,REDCap,https://www.gnb1advocacy.org/research/registry,,Simons Searchlight,,,GNB1 Encephalopathy (NEDIM); registry: GNB1 family registry; Simons Searchlight
GNB1 Gene Disorder,GNB1,,foundation,REDCap,https://www.gnb1advocacy.org/research/registry,,Simons Searchlight,,,GNB1 Encephalopathy (NEDIM); registry: GNB1 family registry; Simons Searchlight
CureGRIN Foundation,GRIN2D,https://curegrin.org/,foundation,Foundation-hosted,https://curegrin.org/gri-registry/ | https://grin2b.com/grin-registry/ | https://curegrin.org/gricensus/,,COMBINEDBrain,,,GRIN2D-related developmental and epileptic encephalopathy (DEE46); registry: CureGRIN registry
CureGRIN,GRIN2D,,foundation,Foundation-hosted,https://curegrin.org/gri-registry/ | https://grin2b.com/grin-registry/ | https://curegrin.org/gricensus/,,COMBINEDBrain,,,GRIN2D-related developmental and epileptic encephalopathy (DEE46); registry: CureGRIN registry
HNRNPU Foundation,HNRNPU,https://www.hnrnp.org/,foundation,Foundation-hosted,https://hnrnp.org/natural-history-study,,Simons Searchlight,info@hnrnp.org,,HNRNPU-related neurodevelopmental disorder (DEE54); registry: Simons Searchlight; family registry
HNRNP-Related Parent Connect,HNRNPU,,family group,Foundation-hosted,https://hnrnp.org/natural-history-study,,Simons Searchlight,info@hnrnp.org,,HNRNPU-related neurodevelopmental disorder (DEE54); registry: Simons Searchlight; family registry
HNRNPU Parent Connect,HNRNPU,,family group,Foundation-hosted,https://hnrnp.org/natural-history-study,,Simons Searchlight,info@hnrnp.org,,HNRNPU-related neurodevelopmental disorder (DEE54); registry: Simons Searchlight; family registry
KCNA2 Epilepsy Global Alliance,KCNA2,https://www.kcna2epilepsy.org,foundation,,https://www.kcna2epilepsy.org/kcna2-international-registry-natural-history-study/,no,,kcna2epilepsy@gmail.com,,KCNA2-related epilepsies (DEE32); registry: Tübingen academic cohort
KCNA2 Parent Connection,KCNA2,,family group,,https://www.kcna2epilepsy.org/kcna2-international-registry-natural-history-study/,no,,kcna2epilepsy@gmail.com,,KCNA2-related epilepsies (DEE32); registry: Tübingen academic cohort
Zimmermann-Laband Syndrome Foundation,KCNH1,https://www.curekcnh1.org/,foundation,,https://www.curekcnh1.org/research | https://www.curekcnh1.org/updates,no,,info@curekcnh1.org,,KCNH1-related disorders (Temple-Baraitser; Zimmermann-Laband); registry: Academic cohorts
Temple-Baraitser Syndrome family network,KCNH1,,family group,,https://www.curekcnh1.org/research | https://www.curekcnh1.org/updates,no,,info@curekcnh1.org,,KCNH1-related disorders (Temple-Baraitser; Zimmermann-Laband); registry: Academic cohorts
Cure KCNH1,KCNH1,,foundation,,https://www.curekcnh1.org/research | https://www.curekcnh1.org/updates,no,,info@curekcnh1.org,,KCNH1-related disorders (Temple-Baraitser; Zimmermann-Laband); registry: Academic cohorts
NRXN1 Network,NRXN1,,foundation,REDCap,,,Simons Searchlight,,,"NRXN1-related disorders (autism, schizophrenia, Pitt-Hopkins-like); registry: Simons Searchlight; SPARK autism research"
Nicolaides-Baraitser Syndrome Worldwide Foundation,SMARCA2,https://nbsworldwide.org/,foundation,Foundation-hosted,,,,,,Nicolaides-Baraitser Syndrome (NCBRS); Blepharophimosis-ID Syndrome; registry: NBS Worldwide registry; Simons Searchlight
Coffin Siris Syndrome Facebook support group,SMARCA2,,family group,Foundation-hosted,,,,,,Nicolaides-Baraitser Syndrome (NCBRS); Blepharophimosis-ID Syndrome; registry: NBS Worldwide registry; Simons Searchlight
NCBRS Worldwide Foundation,SMARCA2,,foundation,Foundation-hosted,,,,,,Nicolaides-Baraitser Syndrome (NCBRS); Blepharophimosis-ID Syndrome; registry: NBS Worldwide registry; Simons Searchlight
CdLS Foundation,SMC1A,https://smc1a-epilepsy.org/,foundation,Foundation-hosted,https://smc1a-epilepsy.org/smc1a-patient-registry/,,,info@smc1a-epilepsy.org,,Cornelia de Lange Syndrome 2 (X-linked CdLS); registry: CdLS Foundation registry; international consensus statements
SMC1A Foundation,SMC1A,,foundation,Foundation-hosted,https://smc1a-epilepsy.org/smc1a-patient-registry/,,,info@smc1a-epilepsy.org,,Cornelia de Lange Syndrome 2 (X-linked CdLS); registry: CdLS Foundation registry; international consensus statements
TBC1D24 Foundation,TBC1D24,https://www.tbc1d24foundation.com/,foundation,Foundation-hosted,,,,bridget@tbc1d24foundation.com; joeylynn@tbc1d24foundation.com,,TBC1D24-related disorders (DOORS; FIME; deafness; EIEE16); registry: TBC1D24 Foundation registry (small)
TRIO Family Foundation,TRIO,,foundation,,,,Simons Searchlight,,,TRIO-related neurodevelopmental disorder (NDD with epilepsy); registry: Simons Searchlight; family registry
autism research overlap,TRIO,,foundation,,,,Simons Searchlight,,,TRIO-related neurodevelopmental disorder (NDD with epilepsy); registry: Simons Searchlight; family registry
Simons Searchlight TRIO Facebook community,TRIO,,family group,,,,Simons Searchlight,,,TRIO-related neurodevelopmental disorder (NDD with epilepsy); registry: Simons Searchlight; family registry
WAC Family Foundation,WAC,,foundation,,,,Simons Searchlight,,,WAC-related neurodevelopmental disorder (DESSH; DeSanto-Shinawi); registry: Simons Searchlight; family registry
DeSanto-Shinawi Society,WAC,,foundation,,,,Simons Searchlight,,,WAC-related neurodevelopmental disorder (DESSH; DeSanto-Shinawi); registry: Simons Searchlight; family registry
DESSH Foundation,WAC,,foundation,,,,Simons Searchlight,,,WAC-related neurodevelopmental disorder (DESSH; DeSanto-Shinawi); registry: Simons Searchlight; family registry
WWOX Foundation,WWOX,https://wwoxfoundation.org/ (verify),foundation,,,no,,,,WWOX-related developmental and epileptic encephalopathy (DEE28; SCAR12); registry: Academic cohorts; Florey/Melbourne
family network,WWOX,,family group,,,no,,,,WWOX-related developmental and epileptic encephalopathy (DEE28; SCAR12); registry: Academic cohorts; Florey/Melbourne
WWOX Foundation AUS,WWOX,,foundation,,,no,,,,WWOX-related developmental and epileptic encephalopathy (DEE28; SCAR12); registry: Academic cohorts; Florey/Melbourne
WWOX Foundation EU,WWOX,,foundation,,,no,,,,WWOX-related developmental and epileptic encephalopathy (DEE28; SCAR12); registry: Academic cohorts; Florey/Melbourne
WWOX Foundation USA,WWOX,,foundation,,,no,,,,WWOX-related developmental and epileptic encephalopathy (DEE28; SCAR12); registry: Academic cohorts; Florey/Melbourne
CDG CARE,ALG13,https://cdgcare.com/,foundation,NIH RDCRN,Historical CDG Connect Patient Insights Network (PIN) poster: https://cdgcare.org/wp-content/uploads/2021/02/NIH-2021-RDD-CDG-CARE-Poster.pdf ; Family Resource Network intake: https://cdgcare.org/register-with-cdg-care/,,,info@cdgcare.org,Patient Listening Session (2023),ALG13-CDG / DEE36 (X-linked); registry: Frontiers in CDG (FCDGC) NIH RDCRN registry
Cure SPG50 Foundation,AP4M1,https://www.curespg50.org/,foundation,Foundation-hosted,https://clinicaltrials.gov/study/NCT04712812,,,,,"AP-4-Associated Hereditary Spastic Paraplegia (SPG50); registry: Same, BCH AP-4-HSP Registry NCT04712812"
CureAP4,AP4M1,,foundation,Foundation-hosted,https://clinicaltrials.gov/study/NCT04712812,,,,,"AP-4-Associated Hereditary Spastic Paraplegia (SPG50); registry: Same, BCH AP-4-HSP Registry NCT04712812"
Tom Wahlig Stiftung,AP4M1,,foundation,Foundation-hosted,https://clinicaltrials.gov/study/NCT04712812,,,,,"AP-4-Associated Hereditary Spastic Paraplegia (SPG50); registry: Same, BCH AP-4-HSP Registry NCT04712812"
Some shared infrastructure with ATP1A3 communities,ATP1A2,,foundation,REDCap,,no,,,,ATP1A2-related disorders (Familial Hemiplegic Migraine 2; AHC; DEE98); registry: Academic cohorts; AHC Foundation registry covers some ATP1A2 cases
Migraine Research Foundation overlap,ATP1A2,,foundation,REDCap,,no,,,,ATP1A2-related disorders (Familial Hemiplegic Migraine 2; AHC; DEE98); registry: Academic cohorts; AHC Foundation registry covers some ATP1A2 cases
growing community,BRAT1,,family group,Citizen,,no,,,,Rigidity and Multifocal Seizure Syndrome / BRAT1-related DEE; registry: Academic cohorts; Citizen Health partnerships
RMFSL Family Network,BRAT1,,family group,Citizen,,no,,,,Rigidity and Multifocal Seizure Syndrome / BRAT1-related DEE; registry: Academic cohorts; Citizen Health partnerships
family network through CACNA1A Foundation,CACNA1E,,family group,,,no,,,,CACNA1E-related neurodevelopmental disorder (DEE69); registry: Academic cohorts
Epilepsy Foundation,CHRNA4,https://www.facebook.com/groups/265440120739437,foundation,,No dedicated public patient registry identified,no,,,,Autosomal Dominant Sleep-related Hypermotor Epilepsy (ADSHE; previously ADNFLE); registry: Academic cohorts; Florey/Melbourne
CURE Epilepsy,CHRNA4,,foundation,,No dedicated public patient registry identified,no,,,,Autosomal Dominant Sleep-related Hypermotor Epilepsy (ADSHE; previously ADNFLE); registry: Academic cohorts; Florey/Melbourne
BDSRA,CLN5,,foundation,REDCap,https://bdsra.org/clinical-news/bdsra-funds-crucial-project-to-expand-a-batten-disease-patient-registry/,,,,,Variant Late-Infantile Neuronal Ceroid Lipofuscinosis (CLN5); registry: DEM-CHILD database; BDSRA registry
Beyond Batten,CLN5,,foundation,REDCap,https://bdsra.org/clinical-news/bdsra-funds-crucial-project-to-expand-a-batten-disease-patient-registry/,,,,,Variant Late-Infantile Neuronal Ceroid Lipofuscinosis (CLN5); registry: DEM-CHILD database; BDSRA registry
BDFA,CLN5,,foundation,REDCap,https://bdsra.org/clinical-news/bdsra-funds-crucial-project-to-expand-a-batten-disease-patient-registry/,,,,,Variant Late-Infantile Neuronal Ceroid Lipofuscinosis (CLN5); registry: DEM-CHILD database; BDSRA registry
CureCLN6,CLN6,https://bdsra.org,foundation,REDCap,https://bdsra.org/clinical-news/bdsra-funds-crucial-project-to-expand-a-batten-disease-patient-registry/,,,,,Variant Late-Infantile / Adult-Onset Neuronal Ceroid Lipofuscinosis (CLN6); registry: DEM-CHILD database; BDSRA registry
BDSRA,CLN6,,foundation,REDCap,https://bdsra.org/clinical-news/bdsra-funds-crucial-project-to-expand-a-batten-disease-patient-registry/,,,,,Variant Late-Infantile / Adult-Onset Neuronal Ceroid Lipofuscinosis (CLN6); registry: DEM-CHILD database; BDSRA registry
Beyond Batten,CLN6,,foundation,REDCap,https://bdsra.org/clinical-news/bdsra-funds-crucial-project-to-expand-a-batten-disease-patient-registry/,,,,,Variant Late-Infantile / Adult-Onset Neuronal Ceroid Lipofuscinosis (CLN6); registry: DEM-CHILD database; BDSRA registry
BDFA,CLN6,,foundation,REDCap,https://bdsra.org/clinical-news/bdsra-funds-crucial-project-to-expand-a-batten-disease-patient-registry/,,,,,Variant Late-Infantile / Adult-Onset Neuronal Ceroid Lipofuscinosis (CLN6); registry: DEM-CHILD database; BDSRA registry
BDSRA,CLN8,,foundation,REDCap,https://bdsra.org/clinical-news/bdsra-funds-crucial-project-to-expand-a-batten-disease-patient-registry/,,,,,Variant Late-Infantile Neuronal Ceroid Lipofuscinosis (CLN8); Northern Epilepsy; registry: DEM-CHILD database; BDSRA registry
Beyond Batten,CLN8,,foundation,REDCap,https://bdsra.org/clinical-news/bdsra-funds-crucial-project-to-expand-a-batten-disease-patient-registry/,,,,,Variant Late-Infantile Neuronal Ceroid Lipofuscinosis (CLN8); Northern Epilepsy; registry: DEM-CHILD database; BDSRA registry
BDFA,CLN8,,foundation,REDCap,https://bdsra.org/clinical-news/bdsra-funds-crucial-project-to-expand-a-batten-disease-patient-registry/,,,,,Variant Late-Infantile Neuronal Ceroid Lipofuscinosis (CLN8); Northern Epilepsy; registry: DEM-CHILD database; BDSRA registry
relevant to autism research community,CNTNAP2,,family group,,,no,Simons Searchlight,,,CNTNAP2-related disorders (CDFE; cortical dysplasia-focal epilepsy syndrome); registry: Simons Searchlight (autism overlap); academic cohorts
Gould Syndrome Foundation,COL4A1,https://gouldsyndromefoundation.org,foundation,,https://www.gouldsyndromefoundation.org/medical-research/gould-syndrome-patient-registry-article,no,,,,"COL4A1-related disorders (cerebrovascular, brain malformations + epilepsy); registry: Academic cohorts"
Gould Syndrome Foundation,COL4A2,https://gouldsyndromefoundation.org,foundation,,https://www.gouldsyndromefoundation.org/medical-research/gould-syndrome-patient-registry-article,no,,,,"COL4A2-related disorders (cerebrovascular, schizencephaly, epilepsy); registry: Academic cohorts"
EEF1A2 family network,EEF1A2,,family group,REDCap,,,Simons Searchlight,,,EEF1A2-related neurodevelopmental disorder (DEE33); registry: Edinburgh academic cohort; Simons Searchlight
some Rett research overlap,GABBR2,,foundation,,,no,,,,GABBR2-related disorders (DEE59; Rett-like); registry: Academic cohorts
Cure GABA-A Variants,GABRG2,https://curegabaa.org/,foundation,,No dedicated public patient registry identified in this pass,no,COMBINEDBrain,,,"GABRG2-related epilepsies (GEFS+ type 3, Dravet-like, FS, JME); registry: Via Cure GABA-A Variants"
Bluefield Project to Cure FTD,GRN,https://bdsra.org,foundation,NIH RDCRN,https://bdsra.org/clinical-news/bdsra-funds-crucial-project-to-expand-a-batten-disease-patient-registry/,yes,,,EL-PFDD Meeting (2021); Patient Listening Session (2023),Neuronal Ceroid Lipofuscinosis 11 (CLN11) / Adult-onset; FTD; registry: ALLFTD (NIH RDCRN); Bluefield-funded NH
Association for Frontotemporal Degeneration,GRN,,foundation,NIH RDCRN,https://bdsra.org/clinical-news/bdsra-funds-crucial-project-to-expand-a-batten-disease-patient-registry/,yes,,,EL-PFDD Meeting (2021); Patient Listening Session (2023),Neuronal Ceroid Lipofuscinosis 11 (CLN11) / Adult-onset; FTD; registry: ALLFTD (NIH RDCRN); Bluefield-funded NH
Batten umbrella for CLN11,GRN,,foundation,NIH RDCRN,https://bdsra.org/clinical-news/bdsra-funds-crucial-project-to-expand-a-batten-disease-patient-registry/,yes,,,EL-PFDD Meeting (2021); Patient Listening Session (2023),Neuronal Ceroid Lipofuscinosis 11 (CLN11) / Adult-onset; FTD; registry: ALLFTD (NIH RDCRN); Bluefield-funded NH
IQSEC2 family network,IQSEC2,https://iqsec2.org/ (verify),family group,REDCap,,,Simons Searchlight,,,IQSEC2-related neurodevelopmental disorder (X-linked ID); registry: Family registry partnerships
National Ataxia Foundation,KCNA1,https://www.ataxia.org/,foundation,Foundation-hosted,,,,,,Episodic Ataxia 1 (EA1); KCNA1-related epilepsy; registry: NAF registry; academic cohorts
CACNA1A Foundation cross-coverage,KCNA1,,foundation,Foundation-hosted,,,,,,Episodic Ataxia 1 (EA1); KCNA1-related epilepsy; registry: NAF registry; academic cohorts
KCNQ2 Cure Alliance,KCNQ3,https://www.kcnq2cure.org/,foundation,REDCap,https://www.rikee.org/,,,,,KCNQ3-related disorders (BFNE2; ID; DEE); registry: RIKEE (covers KCNQ2/3 jointly)
Some shared infrastructure with KCNT1 community,KCNT2,,family group,,,no,,,,KCNT2-related disorders (DEE57); registry: Academic cohorts
BDSRA,KCTD7,https://bdsra.org,foundation,REDCap,https://bdsra.org/clinical-news/bdsra-funds-crucial-project-to-expand-a-batten-disease-patient-registry/,,,,,Progressive Myoclonic Epilepsy 3 (CLN14); registry: DEM-CHILD; BDSRA
PME family network,KCTD7,,family group,REDCap,https://bdsra.org/clinical-news/bdsra-funds-crucial-project-to-expand-a-batten-disease-patient-registry/,,,,,Progressive Myoclonic Epilepsy 3 (CLN14); registry: DEM-CHILD; BDSRA
Smith-Kingsmore Syndrome Foundation,MTOR,https://smithkingsmoresyndrome.com/,foundation,REDCap,,,,,,MTOR-related disorders (Smith-Kingsmore; somatic mTORopathy in FCD type II); registry: SKS Foundation registry; Brain Gene Registry partnership
SKS Awareness,MTOR,,foundation,REDCap,,,,,,MTOR-related disorders (Smith-Kingsmore; somatic mTORopathy in FCD type II); registry: SKS Foundation registry; Brain Gene Registry partnership
mTORopathy umbrella with TSC Alliance,MTOR,,foundation,REDCap,,,,,,MTOR-related disorders (Smith-Kingsmore; somatic mTORopathy in FCD type II); registry: SKS Foundation registry; Brain Gene Registry partnership
GPI-Anchor Disorder Alliance,PIGA,https://gpiad.org/,foundation,NIH RDCRN,Historical CDG Connect Patient Insights Network (PIN) poster: https://cdgcare.org/wp-content/uploads/2021/02/NIH-2021-RDD-CDG-CARE-Poster.pdf ; Family Resource Network intake: https://cdgcare.org/register-with-cdg-care/,,,info@cdgcare.org,Patient Listening Session (2023),PIGA-CDG / DEE20 (X-linked GPI deficiency); registry: FCDGC NIH RDCRN; GPI Alliance registry
CDG CARE,PIGA,https://cdgcare.com/,foundation,NIH RDCRN,Historical CDG Connect Patient Insights Network (PIN) poster: https://cdgcare.org/wp-content/uploads/2021/02/NIH-2021-RDD-CDG-CARE-Poster.pdf ; Family Resource Network intake: https://cdgcare.org/register-with-cdg-care/,,,info@cdgcare.org,Patient Listening Session (2023),PIGA-CDG / DEE20 (X-linked GPI deficiency); registry: FCDGC NIH RDCRN; GPI Alliance registry
GPI-Anchor Disorder Alliance,PIGN,https://gpiad.org/,foundation,NIH RDCRN,Historical CDG Connect Patient Insights Network (PIN) poster: https://cdgcare.org/wp-content/uploads/2021/02/NIH-2021-RDD-CDG-CARE-Poster.pdf ; Family Resource Network intake: https://cdgcare.org/register-with-cdg-care/,,,info@cdgcare.org,Patient Listening Session (2023),PIGN-CDG / MCAHS1 (Multiple Congenital Anomalies-Hypotonia-Seizures); registry: FCDGC NIH RDCRN; GPI Alliance registry
CDG CARE,PIGN,https://cdgcare.com/,foundation,NIH RDCRN,Historical CDG Connect Patient Insights Network (PIN) poster: https://cdgcare.org/wp-content/uploads/2021/02/NIH-2021-RDD-CDG-CARE-Poster.pdf ; Family Resource Network intake: https://cdgcare.org/register-with-cdg-care/,,,info@cdgcare.org,Patient Listening Session (2023),PIGN-CDG / MCAHS1 (Multiple Congenital Anomalies-Hypotonia-Seizures); registry: FCDGC NIH RDCRN; GPI Alliance registry
Cure RHOBTB2,RHOBTB2,,foundation,,,no,,,,RHOBTB2-related developmental and epileptic encephalopathy (DEE64); registry: Academic cohorts; family registry
Kohlschütter-Tönz Syndrome Foundation,ROGDI,,foundation,,,no,,,,Kohlschütter-Tönz Syndrome; registry: Academic cohorts (Univ. of Bern)
Dravet Syndrome Foundation covers some overlap,SCN1B,,foundation,,,,Simons Searchlight,,,"SCN1B-related disorders (GEFS+1, DEE52, Brugada); registry: Sodium Channel Coalition cohorts; Dravet umbrella"
Sodium Channel Coalition partner,SCN1B,,foundation,,,,Simons Searchlight,,,"SCN1B-related disorders (GEFS+1, DEE52, Brugada); registry: Sodium Channel Coalition cohorts; Dravet umbrella"
SCN3A Family network,SCN3A,https://scn3afoundation.org/ (verify),family group,REDCap,,yes,,,,"SCN3A-related disorders (DEE62, polymicrogyria with seizures); registry: Sodium Channel Coalition cohorts; Penn academic NH"
Sodium Channel Coalition partner,SCN3A,,foundation,REDCap,,yes,,,,"SCN3A-related disorders (DEE62, polymicrogyria with seizures); registry: Sodium Channel Coalition cohorts; Penn academic NH"
Sodium Channel Coalition,SCN3A,,foundation,REDCap,,yes,,,,"SCN3A-related disorders (DEE62, polymicrogyria with seizures); registry: Sodium Channel Coalition cohorts; Penn academic NH"
Setd1b Family Network,SETD1B,,family group,,,no,,,,SETD1B-related neurodevelopmental disorder (IDDSELD); registry: Erasmus MC academic cohort; GeneMatcher
CDG CARE,SLC35A2,https://cdgcare.com/,foundation,NIH RDCRN,Historical CDG Connect Patient Insights Network (PIN) poster: https://cdgcare.org/wp-content/uploads/2021/02/NIH-2021-RDD-CDG-CARE-Poster.pdf ; Family Resource Network intake: https://cdgcare.org/register-with-cdg-care/,,,info@cdgcare.org,Patient Listening Session (2023),SLC35A2-CDG (X-linked CDG; epileptic encephalopathy); registry: FCDGC NIH RDCRN
SPTAN1 Foundation,SPTAN1,,foundation,Citizen,,no,,,,SPTAN1-related developmental and epileptic encephalopathy (DEE5); registry: Academic cohorts; Citizen Health partnerships
family network,SPTAN1,,family group,Citizen,,no,,,,SPTAN1-related developmental and epileptic encephalopathy (DEE5); registry: Academic cohorts; Citizen Health partnerships
SZT2 family network,SZT2,,family group,,,no,,,,SZT2-related developmental and epileptic encephalopathy (DEE18); registry: Academic cohorts only
UBA5 Foundation,UBA5,,foundation,,,no,,,,UBA5-related developmental and epileptic encephalopathy (DEE44); registry: Academic cohorts; family registry
UNC80 Foundation,UNC80,https://fundacionlibellas.org/,foundation,,No dedicated public patient registry identified in this pass,no,,,,UNC80-related disorder (Infantile Hypotonia with Psychomotor Retardation); registry: Academic cohorts; family registry
Advocacy for Neuroacanthocytosis Patients (UK),VPS13A,https://naadvocacy.org/,foundation,Foundation-hosted,,no,,,,Chorea-Acanthocytosis (ChAc); VPS13A-related disorders; registry: Academic registry; international NA cohort
Hereditary Disease Foundation overlap,VPS13A,,foundation,Foundation-hosted,,no,,,,Chorea-Acanthocytosis (ChAc); VPS13A-related disorders; registry: Academic registry; international NA cohort
Advocacy for Neuroacanthocytosis Patients,VPS13A,,foundation,Foundation-hosted,,no,,,,Chorea-Acanthocytosis (ChAc); VPS13A-related disorders; registry: Academic registry; international NA cohort
Simons Searchlight,ACTB,,foundation,,,,,,,
Simons Searchlight ACTL6B Facebook community,ACTL6B,,family group,,,,,,,
ADCY5.org,ADCY5,,foundation,,,,,,,
AGO Alliance,AGO1,,foundation,,,,,,,
Xia-Gibbs Society,AHDC1,,foundation,,,,,,,
ANKRD11 Foundation,ANKRD11,,foundation,,,,,,,
National Urea Cycle Disorders Foundation (NUCDF),ARG1,,foundation,,,,,,,
Support ARG1-D,ARG1,,foundation,,,,,,,
Care4ASH1L,ASH1L,,foundation,,,,,,,
Simons Searchlight Community,ASH1L,,family group,,,,,,,
ASXL Rare Research Endowment Foundation,ASXL2,https://www.arrefoundation.org,foundation,,https://arrefoundation.org/research/asxl-related-disorders-natural-history-study-and-biobank/,yes,,,,
ARRE Foundation,ASXL2,,foundation,,https://arrefoundation.org/research/asxl-related-disorders-natural-history-study-and-biobank/,yes,,,,
ASXL Rare Research Endowment Foundation,ASXL3,https://www.arrefoundation.org,foundation,,https://arrefoundation.org/study/simons-searchlight-asxl3-registry/,yes,,,,
ARRE Foundation,ASXL3,,foundation,,https://arrefoundation.org/study/simons-searchlight-asxl3-registry/,yes,,,,
Bainbridge-Ropers Syndrome and ASXL3 Families,ASXL3,,foundation,,https://arrefoundation.org/study/simons-searchlight-asxl3-registry/,yes,,,,
CureDRPLA,ATN1,,foundation,,,,,,,
v-ATPase Alliance,ATP6AP2,,foundation,,,,,,,
v-ATPase Alliance,ATP6V0A1,,foundation,,,,,,,
v-ATPase Alliance,ATP6V0C,,foundation,,,,,,,
v-ATPase Alliance,ATP6V1B2,,foundation,,,,,,,
AUTS2 Syndrome- Promoting Research Facebook Group,AUTS2,,family group,,,,,,,
Timothy Syndrome Alliance,CACNA1C,,foundation,,,,,,,
CAPRIN1 Foundation,CAPRIN1,,foundation,,,,,,,
Angioma Alliance,CCM2,,foundation,,,,,,,
CHD3 Families (Snijders Blok Campeau Syndrome),CHD3,,foundation,,,,,,,
Simons Searchlight CIC Facebook community,CIC,,family group,,,,,,,
Cure CLCN4,CLCN4,,foundation,,,,,,,
Simons Searchlight Community (2),CNOT3,,family group,,,,,,,
Simons Searchlight Community (3),CREBBP,,family group,,,,,,,
CRELD1 Warriors,CRELD1,,foundation,,,,,,,
CUL3 Support and Awareness,CUL3,https://www.cul3.org,foundation,,https://www.cul3.org/participate-in-research,,,,,
CUL3 Support & Awareness Foundation,CUL3,,foundation,,https://www.cul3.org/participate-in-research,,,,,
CYFIP2 Network,CYFIP2,https://www.cyfip2network.org/,foundation,,https://www.cyfip2network.org/take-action,,,,,
Cure DHDDS,DHDDS,https://www.curedhdds.org,foundation,,https://www.curedhdds.org/patient-registry/,,,,,
Cure DHDDS USA,DHDDS,,foundation,,https://www.curedhdds.org/patient-registry/,,,,,
DYNC1H1 Association,DYNC1H1,https://www.dync1h1.org/,foundation,,https://www.dync1h1.org/registry,,,,,
DYNC1H1 Gene Mutation Family Support Group,DYNC1H1,,foundation,,https://www.dync1h1.org/registry,,,,,
CureARS,EARS2,,foundation,,,,,,,
EIF3F Research Foundation,EIF3F,,foundation,,,,,,,
FAM177A1 Research Fund,FAM177A1,https://www.fam177a1.org/,foundation,,https://www.fam177a1.org/fam177a1-patient-data-collection,,,,,
FAM177A1 Collaborative Research Network,FAM177A1,,foundation,,https://www.fam177a1.org/fam177a1-patient-data-collection,,,,,
CureARS,FARS2,,foundation,,,,,,,
FBXL4 parent community group,FBXL4,,family group,,,,,,,
United Mitochondrial Disease Foundation,FBXL4,,foundation,,,,,,,
Comunidad Simons Searchlight,FBXO11,,foundation,,,,,,,
International Society for Mannosidosis & Related Diseases,FUCA1,,foundation,,,,,,,
UK MPS Society,FUCA1,,foundation,,,,,,,
Cure GABRB2,GABRB2,https://www.curegabrb2.org/,foundation,,,,,,,
Cure GABA A Variants,GABRB2,,foundation,,,,,,,
ACD,GAMT,,foundation,,,,,,,
CureGRIN,GRIA1,,foundation,,,,,,,
GRI France,GRIA1,,foundation,,,,,,,
GRIA1 Facebook Group,GRIA1,,family group,,,,,,,
CureGRIN,GRIA2,,foundation,,,,,,,
GRI France,GRIA2,,foundation,,,,,,,
CureGRIN,GRIA3,,foundation,,,,,,,
GRI France,GRIA3,,foundation,,,,,,,
GRIA3 Facebook Group,GRIA3,,family group,,,,,,,
CureGRIN,GRIA4,,foundation,,,,,,,
CureGRIN,GRIK2,,foundation,,,,,,,
GRI France,GRIK2,,foundation,,,,,,,
Hope for HIVEP2,HIVEP2,,foundation,,,,,,,
HNRNP Family Foundation,HNRNPH2,https://www.hnrnp.org/,foundation,,https://hnrnp.org/natural-history-study,yes,,,,
Yellow Brick Road Project,HNRNPH2,,foundation,,https://hnrnp.org/natural-history-study,yes,,,,
HNRNP Family Foundation,HNRNPK,https://www.hnrnp.org/,foundation,,https://hnrnp.org/natural-history-study,yes,,,,
HNRNP-Related Parent Connect,HNRNPK,,family group,,https://hnrnp.org/natural-history-study,yes,,,,
HNRNP Family Foundation,HNRNPR,https://www.hnrnp.org/,foundation,,https://hnrnp.org/natural-history-study,yes,,,,
HNRNP-Related Parent Connect,HNRNPR,,family group,,https://hnrnp.org/natural-history-study,yes,,,,
Costello Kids,HRAS,,foundation,,,,,,,
Costello Syndrome Family Network (CSFN),HRAS,,family group,,,,,,,
Asociación Española IRF2BPL,IRF2BPL,,foundation,,,,,,,
EllysTeam,IRF2BPL,,foundation,,,,,,,
IRF2BPL Foundation,IRF2BPL,,foundation,,,,,,,
Lihi’s Smile,IRF2BPL,,foundation,,,,,,,
Stand by Eli Foundation,IRF2BPL,,foundation,,,,,,,
Tough Genes,IRF2BPL,,foundation,,,,,,,
Yellow for Yiannis,IRF2BPL,,foundation,,,,,,,
iDREAM For a Cure Foundation,IRF2BPL,,foundation,,,,,,,
Simons Foundation,JARID2,,foundation,,,,,,,
Simons Searchlight,JARID2,,foundation,,,,,,,
KDVS Foundation,KANSL1,,foundation,,,,,,,
KAT6 Foundation,KAT6A,,foundation,,,,,,,
KCNC1 Foundation,KCNC1,,foundation,,,,,,,
KARES Foundation,KDM5C,,foundation,,,,,,,
Wiedemann-Steiner Foundation,KMT2A,,foundation,,,,,,,
KMT2C Foundation,KMT2C,,foundation,,,,,,,
KMT2E Foundation O’Donnell-Luria-Rodan Syndrome,KMT2E,,foundation,,,,,,,
Simons Searchlight,KMT5B,,foundation,,,,,,,
KPTN Alliance,KPTN,https://kptnalliance.org/,foundation,,,,,,,
CMD Turkey,LAMA2,,foundation,,,,,,,
Cure CMD,LAMA2,,foundation,,,,,,,
ImpulsaT,LAMA2,,foundation,,,,,,,
LAMA2 France,LAMA2,,foundation,,,,,,,
Olivia Bloomfield Foundation,LAMA2,,foundation,,,,,,,
Struggle Against Muscular Dystrophy LAMA2/UK,LAMA2,,foundation,,,,,,,
Voor Sara,LAMA2,,foundation,,,,,,,
International Society for Mannosidosis & Related Diseases,MANBA,,foundation,,,,,,,
Lost Enzyme Project,MANBA,,foundation,,,,,,,
MAST Foundation,MAST1,,foundation,,,,,,,
MAST1 Facebook Group,MAST1,,family group,,,,,,,
MAST Foundation,MAST3,,foundation,,,,,,,
MAST Foundation,MAST4,,foundation,,,,,,,
MAND Caregiver Support Network,MBD5,,foundation,,,,,,,
MED12 Foundation,MED12,,foundation,,,,,,,
Simons Searchlight Community (4),MYT1L,,family group,,,,,,,
Extra-Vaillants MYT1L,MYT1L,,foundation,,,,,,,
MYT1L Project,MYT1L,,foundation,,,,,,,
NAA15 Families Together,NAA15,,foundation,,,,,,,
Simons Searchlight Community - NAA15 Facebook group,NAA15,,family group,,,,,,,
Channeling Hope,NALCN,https://www.channelinghope.org,foundation,,https://www.channelinghope.org/patient-research/,,,,,
CHF,NALCN,,foundation,,https://www.channelinghope.org/patient-research/,,,,,
The Rory Belle Foundation,NARS1,https://www.rorybelle.org,foundation,,,,,,,
Rory Belle Foundation,NARS1,,foundation,,,,,,,
NBEA Facebook group,NBEA,,family group,,,,,,,
Simons Searchlight NCKAP1 Facebook community,NCKAP1,,family group,,,,,,,
NEXMIF ITALIA odv,NEXMIF,,foundation,,,,,,,
Unione Italiana Nexmif,NEXMIF,,foundation,,,,,,,
XLID98 Foundation,NEXMIF,,foundation,,,,,,,
Children’s Tumor Foundation,NF1,,foundation,,,,,,,
CureNFwithJack,NF1,,foundation,,,,,,,
NF Network,NF1,,foundation,,,,,,,
Fundacion Niemann-Pick,NPC1,,foundation,,,,,,,
Niemann-Pick Disease Group,NPC1,,foundation,,,,,,,
CureNURR1,NR4A2,https://www.curenurr1.org/,foundation,,https://www.citizen.health/ai-advocate/curenurr1,,,,,
NR4A2 PAG,NR4A2,,foundation,,https://www.citizen.health/ai-advocate/curenurr1,,,,,
NUS1 Foundation,NUS1,https://www.nus1foundation.org/,foundation,,https://www.nus1foundation.org/patientregistry,,,,,
PACS1 Foundation,PACS1,,foundation,,,,,,,
PACS2 Research Foundation,PACS2,,foundation,,,,,,,
ANA,PAX6,,foundation,,,,,,,
IWSA,PAX6,,foundation,,,,,,,
PHF21A Facebook group,PHF21A,,family group,,,,,,,
Maggie's Cure,PMM2,,foundation,,,,,,,
White Sutton Syndrome Foundation,POGZ,,foundation,,,,,,,
PolG Foundation,POLG2,,foundation,,,,,,,
PPP2R5D Foundation,PPP2R1A,,foundation,,,,,,,
PPP2R5D Foundation,PPP2R5C,,foundation,,,,,,,
PPP3CA Hope Foundation,PPP3CA,,foundation,,,,,,,
Warburg Micro Foundation,RAB18,,foundation,,,,,,,
Warburg Micro Foundation,RAB3GAP1,,foundation,,,,,,,
Warburg Micro Foundation,RAB3GAP2,,foundation,,,,,,,
CureARS,RARS2,,foundation,,,,,,,
United Mitochondrial Disease Foundation,RARS2,,foundation,,,,,,,
Simons Searchlight Community - RERE Facebook Group,RERE,,family group,,,,,,,
RORB Facebook group,RORB,,family group,,,,,,,
Simons Searchlight Community (5),SETD5,,family group,,,,,,,
Coffin Siris Syndrome Facebook support group,SMARCB1,,family group,,,,,,,
Coffin Siris Syndrome Facebook support group,SMARCC2,,family group,,,,,,,
Coffin-Siris Syndrome Foundation,SMARCC2,,foundation,,,,,,,
Simons Searchlight Community (6),SMARCC2,,family group,,,,,,,
Parents and Researchers Interested in Smith-Magenis Syndrome,SMS,,foundation,,,,,,,
Snap25 Foundation,SNAP25,,foundation,,,,,,,
ZTTK SON-Shine Foundation,SON,,foundation,,,,,,,
STAG1 Gene Foundation,STAG1,,foundation,,,,,,,
Cure Mito,SURF1,,foundation,,,,,,,
BAGOS Foundation,SYT1,,foundation,,,,,,,
TANC2 Facebook group,TANC2,,family group,,,,,,,
TANC2 - Private Facebook group,TANC2,,family group,,,,,,,
TAOK1 Facebook group,TAOK1,,family group,,,,,,,
United Mitochondrial Disease Foundation,TARS2,,foundation,,,,,,,
TBCD Foundation,TBCD,,foundation,,,,,,,
Simons Searchlight TLK2 Facebook community,TLK2,,family group,,,,,,,
TUBB3 Foundation,TUBB3,,foundation,,,,,,,
Progetto Flavia,UGDH,,foundation,,,,,,,
UGDH Foundation,UGDH,,foundation,,,,,,,
UGDH Italia,UGDH,,foundation,,,,,,,
Simons Searchlight UPF3B Facebook community,UPF3B,,family group,,,,,,,
Raging Raymond Foundation,VAMP2,,foundation,,,,,,,
United Mitochondrial Disease Foundation,WARS2,,foundation,,,,,,,
