gene,hgnc_id,el_tier,disorder,foundation,foundation_url,registry,registry_url,platforms,simons_enrolled,cords,therapeutics,fda_report,fda_report_url,contact_email,linkedin,facebook,instagram,youtube,net_pags
ADNP,HGNC:15766,1,ADNP Syndrome / Helsmoortel-Van der Aa Syndrome,ADNP Kids Research Foundation,https://adnpkids.com/,ADNP registry through partners; Citizen Health partnership,,Foundation-hosted (ADNP Kids registry); Citizen Health; Simons Searchlight (SFARI Base); Sanford CoRDS,Yes (ADNP enrolled),Yes ('ADNP syndrome'),"Davunetide/NAP peptide (Coronis Neurosciences, Phase 2 completed); ketamine (academic); preclinical ASOs",,,,,ADNP Kids FB,@adnpkids,,ADNP Kids Foundation
ARID1B,HGNC:18040,1,Coffin-Siris Syndrome 1 (ARID1B-related),Coffin-Siris Syndrome Foundation; CSS Network,https://www.coffinsiris.org/,CSS Foundation registry; Simons Searchlight,,Foundation-hosted (CSS Foundation registry); Simons Searchlight (SFARI Base); Sanford CoRDS,Yes (ARID1B enrolled),Yes ('Coffin-Siris syndrome'),Preclinical only,,,,,CSS Foundation FB,@coffinsiris,,Coffin-Siris Syndrome Foundation; Foundation for ARID1B Research
ARX,HGNC:18060,1,"ARX-related disorders (XLAG, Partington, ISSX)",Small parent-led groups; no large dedicated foundation. Listed on Simons Searchlight.,,Captured under Simons Searchlight and broader DEE registries,,Simons Searchlight (SFARI Base); Sanford CoRDS (umbrella),Yes,Umbrella (DEE/ID),Preclinical only,,,,,Small private FB groups,,,Simons Searchlight ARX Facebook community
CACNA1A,HGNC:1388,1,"CACNA1A-related disorders (EA2, FHM1, SCA6, DEE42)",CACNA1A Foundation,https://www.cacna1a.org,CACNA1A Foundation registry (in development),https://www.cacna1a.org/participate-research,"Foundation-hosted (CACNA1A Foundation, in development); Combined Brain biorepository; Sanford CoRDS",No,Yes ('CACNA1A gene mutation'),Off-label acetazolamide / 4-AP; preclinical ASO/gene therapy,,,info@cacna1a.org,https://www.linkedin.com/company/cacna1a-foundation,https://www.facebook.com/cacna1a/,https://www.instagram.com/cacna1afoundation/,https://www.youtube.com/channel/UCLAdwdzmAGfDRh5J8hZ7BaQ/featured,CACNA1A Foundation
CDKL5,HGNC:11411,1,CDKL5 Deficiency Disorder (CDD),International Foundation for CDKL5 Research (IFCR); Loulou Foundation,https://www.cdkl5.com,International CDKL5 Disorder Database (ICDD),https://cdkl5.com/help-our-researchers,"Academic / REDCap (ICDD, International CDKL5 Disorder Database, U Western Australia); Sanford CoRDS; ClinicalTrials.gov NH studies",No,Yes ('CDKL5-related epileptic encephalopathy'),"Marinus Pharma, Ztalmy/ganaxolone (FDA-approved 2022 for CDD ≥2yo); Ultragenyx; Stoke Therapeutics; multiple gene therapy programs",EL-PFDD Meeting (2019),https://www.fda.gov/industry/prescription-drug-user-fee-amendments/condition-specific-meeting-reports-and-other-information-related-patients-experience,info@cdkl5.com,https://www.linkedin.com/company/international-foundation-for-cdkl5-research/,https://www.facebook.com/IFCR1/,https://www.instagram.com/ifcr1/,https://www.youtube.com/@IFCR1,Loulou Foundation
CHD2,HGNC:1917,1,CHD2-related neurodevelopmental disorder / DEE,Coalition to Cure CHD2 (CCC),https://www.curechd2.org,Citizen Health partnership; building dedicated registry,https://www.curechd2.org/rare-x,Citizen Health; Combined Brain biorepository; Simons Searchlight (SFARI Base); Sanford CoRDS (umbrella),Yes (CHD2 enrolled),Umbrella (DEE/ID),Preclinical: ASO programs; CHASERR-targeted approaches; gene therapy,,,info@curechd2.org,https://www.linkedin.com/company/curechd2,https://www.facebook.com/curechd2.org/,https://www.instagram.com/coalitiontocurechd2/,https://www.youtube.com/@coalitiontocurechd2632,Coalition to Cure CHD2
CLN3,HGNC:2074,1,"Juvenile Neuronal Ceroid Lipofuscinosis (Batten Disease, CLN3)",Batten Disease Support and Research Association (BDSRA); Beyond Batten Disease Foundation; Noah's Hope/Hope4Bridget; multiple country orgs,https://bdsra.org,DEM-CHILD database (international Batten registry); BDSRA registry,https://bdsra.org/clinical-news/bdsra-funds-crucial-project-to-expand-a-batten-disease-patient-registry/,"Academic / REDCap (DEM-CHILD international Batten DB); Foundation-hosted (BDSRA registry); NIH RDCRN (UBDRC, University Batten Disease Research Consortium); Sanford CoRDS",No,Yes ('Juvenile neuronal ceroid lipofuscinosis'),Miglustat (off-label); Beyond Batten BBDF-101 (academic gene therapy); preclinical AAV; multiple academic programs,,,,,BDSRA FB; multiple family pages,@bdsra; @beyondbatten,,ForeBatten Foundation
CSNK2A1,HGNC:2457,1,Okur-Chung Neurodevelopmental Syndrome (OCNDS),CSNK2A1 Foundation,https://www.csnk2a1foundation.org/,CSNK2A1 Foundation registry; Brain Gene Registry partnership,https://www.csnk2a1foundation.org/contact-registry,Foundation-hosted (CSNK2A1 Foundation registry); Academic / REDCap (Brain Gene Registry); Combined Brain biorepository; Simons Searchlight (SFARI Base); Sanford CoRDS,Yes (CSNK2A1 enrolled),Yes ('Okur-Chung neurodevelopmental syndrome'),Preclinical screens; small molecule programs,Patient Listening Session (2024),https://www.fda.gov/patients/learn-about-fda-patient-engagement/patient-listening-session-summaries,info@csnk2a1foundation.org,https://www.linkedin.com/company/csnk2a1-foundation,https://www.facebook.com/csnk2a1/,https://www.instagram.com/csnk2a1_foundation/,https://www.youtube.com/@csnk2a1foundation86,CSNK2A1 Foundation
DDX3X,HGNC:2745,1,DDX3X Syndrome (Toriello-Carey-like; X-linked),DDX3X Foundation,https://ddx3x.org/,DDX3X Foundation registry; Citizen Health partnership,https://ddx3x.org/registry/,Foundation-hosted (DDX3X Foundation registry); Citizen Health; Simons Searchlight (SFARI Base); Sanford CoRDS,Yes (DDX3X enrolled),Yes ('DDX3X syndrome'),Preclinical research; gene therapy and ASOs in early stages,,,,https://www.linkedin.com/company/ddx3x-foundation,https://www.facebook.com/ddx3xfoundation/,https://www.instagram.com/ddx3xfoundation/,,DDX3X Foundation
EHMT1,HGNC:24650,1,Kleefstra Syndrome (9q34.3 deletion / EHMT1),IDefine; Kleefstra Syndrome International (KSI),https://www.idefine.org/; https://kleefstrasyndrome.org/,IDefine registry; RARE-X / Citizen Health platforms; Simons Searchlight,,Foundation-hosted (IDefine registry); RARE-X / Global Genes; Citizen Health; Simons Searchlight (SFARI Base); Sanford CoRDS,Yes (EHMT1 enrolled),Yes ('Kleefstra syndrome'),Preclinical: histone methyltransferase modulators; ASOs in early stages,,,,,IDefine FB; Kleefstra Syndrome International FB,@idefine_research,,IDefine; Kleefstra Syndrome UK
FOXG1,HGNC:3811,1,FOXG1 Syndrome (congenital Rett variant),FOXG1 Research Foundation (FRF),https://www.foxg1research.org/,FRF NH/registry program,https://www.foxg1research.org/,Foundation-hosted (FRF NH/registry); Sanford CoRDS,No,Yes ('FOXG1 syndrome'),Gene therapy in development (academic); ASO programs (preclinical); FRF-funded translational pipeline,,,contact@foxg1research.org,https://www.linkedin.com/company/foxg1research,https://www.facebook.com/foxg1research/,https://www.instagram.com/foxg1research/,https://www.youtube.com/c/FOXG1ResearchFoundation,FOXG1 Research Foundation; International FOXG1 Foundation
FOXP1,HGNC:3823,1,FOXP1 Syndrome (intellectual disability with language impairment + autism),International FOXP1 Foundation,https://www.foxp1.org/,FOXP1 Foundation registry; Simons Searchlight,,Foundation-hosted (International FOXP1 Foundation); Academic / REDCap (Mt Sinai Seaver Center); Simons Searchlight (SFARI Base); Sanford CoRDS,Yes (FOXP1 enrolled),Yes ('FOXP1 syndrome'),Preclinical; mechanistic studies dominant,,,,,FOXP1 Foundation FB,@foxp1foundation,,FOXP1 Foundation Facebook Group; Fundación Internacional FOXP1; Simons Searchlight Facebook group
GNAO1,HGNC:4389,1,GNAO1-related neurodevelopmental disorder (DEE17),Bow Foundation,https://gnao1.org/,"GNAO1 International Patient Registry (Bow Foundation, hosted via Invitae PIN)",https://gnao1.org/gnao1-international-patient-registry/,"Pulse Infoframe (Invitae Patient Insight Network, hosting Bow Foundation registry); ClinicalTrials.gov NH study (NCT04950946, UVA); Sanford CoRDS",No,Yes ('GNAO1-related neurodevelopmental disorder'),Preclinical AAV gene therapy (Esteves UMass + Neubig MSU); zebrafish drug repurposing (Baraban UCSF),,,,,Bow Foundation FB,@bowfoundation,,Famiglie GNAO1; Bow Foundation
GRIN1,HGNC:4584,1,GRIN1-related neurodevelopmental disorder (DEE8),CureGRIN Foundation (umbrella for GRIN/GRIA/GRID/GRIK family),https://curegrin.org/,CureGRIN registry; Combined Brain partnership,https://curegrin.org/gri-registry/ | https://grin2b.com/grin-registry/ | https://curegrin.org/gricensus/,Foundation-hosted (CureGRIN registry); Combined Brain biorepository; Academic / REDCap (Children's Colorado GRI Center); Sanford CoRDS (umbrella),No,Umbrella (GRIN umbrella),"Memantine repurposing (GoF); L-Serine clinical trial (LoF, GRIN2B-led but GRIN1 candidates); preclinical prime editing (Tel Aviv); preclinical ASO",,,,https://www.linkedin.com/company/curegrin,https://www.facebook.com/cureGRIN/,https://www.instagram.com/curegrin_foundation/,https://www.youtube.com/c/CureGRINFoundation,CureGRIN; GRIN1 Parent Support Group
GRIN2A,HGNC:4585,1,"GRIN2A-related disorders (epilepsy-aphasia spectrum, LKS, CSWS)",CureGRIN Foundation; GRI Center of Excellence (covers GRIN/GRIA/GRID/GRIK),https://curegrin.org/,CureGRIN registry; Combined Brain partnership,https://curegrin.org/gri-registry/ | https://grin2b.com/grin-registry/ | https://curegrin.org/gricensus/,Foundation-hosted (CureGRIN registry); Combined Brain biorepository; Simons Searchlight (SFARI Base); Sanford CoRDS,Yes (GRIN2A enrolled),Yes ('Early-onset epileptic encephalopathy and intellectual disability due to GRIN2A mutation'),Memantine repurposing; preclinical ASOs; receptor modulators,,,,https://www.linkedin.com/company/curegrin,https://www.facebook.com/cureGRIN/,https://www.instagram.com/curegrin_foundation/,https://www.youtube.com/c/CureGRINFoundation,CureGRIN
GRIN2B,HGNC:4586,1,GRIN2B-related neurodevelopmental disorder (DEE/NDD),GRIN2B Foundation; CureGRIN,http://grin2b.com/,GRIN2B Foundation registry; Combined Brain partnership 2024,https://grin2b.com/register/,Foundation-hosted (GRIN2B Foundation registry); Combined Brain biorepository; Simons Searchlight (SFARI Base),Yes (GRIN2B enrolled),Yes (via GRIN umbrella),Stoke Therapeutics ASO program; multiple receptor modulators,,,info@grin2b.com,https://www.linkedin.com/company/grin2b-foundation,https://www.facebook.com/grin2b/,https://www.instagram.com/grin2bfoundation/,https://www.youtube.com/@grin2bfoundation899,2BCURED; CureGRIN; GRI France; GRIN Europe; GRIN2B Foundation
KCNB1,HGNC:6231,1,KCNB1 Encephalopathy (DEE26),KCNB1 Foundation,https://kcnb1.org/,KCNB1 Foundation registry; Simons Searchlight; Citizen Health,,Foundation-hosted (KCNB1 Foundation registry); Citizen Health; Combined Brain biorepository; Simons Searchlight (SFARI Base); Sanford CoRDS,Yes (KCNB1 enrolled),Yes ('KCNB1 encephalopathy'),Preclinical: ASO and small molecule programs,,,,,KCNB1 Foundation FB,@kcnb1foundation,,KCNB1.org; Simons Searchlight KCNB1 Facebook community
MECP2,HGNC:6990,1,Rett Syndrome; MECP2 Duplication Syndrome (males),International Rett Syndrome Foundation (IRSF/Rettsyndrome.org); Reverse Rett (UK); Rett Syndrome Research Trust (RSRT); MECP2 Duplication Foundation,https://www.rettsyndrome.org/; https://www.reverserett.org.uk/; https://reverserett.org/; https://mecp2duplication.com/,"Rett Syndrome NH Study (US); InterRett (international, Western Australia)",https://www.interrett.com.au/,"NIH RDCRN (Rett Syndrome Natural History Study); Academic / REDCap (InterRett, Telethon Kids/U Western Australia); Foundation-hosted (multiple); ClinicalTrials.gov NH studies; Sanford CoRDS (MECP2 Duplication)",No (Rett-specific),Yes ('MECP2 duplication syndrome'),Acadia/Daybue trofinetide (FDA-approved 2023); Taysha TSHA-102; Neurogene NGN-401; multiple gene therapy/ASO programs,Patient Listening Session (2025); EL-PFDD Meeting (2022),https://www.fda.gov/patients/fda-patient-listening-sessions/patient-listening-session-summaries,,,"Multiple, IRSF, RSRT, Reverse Rett, country chapter pages",@rettsyndrome; @reverserett; @rsrt_org,,Rett Syndrome.org
MED13L,HGNC:22962,1,MED13L Syndrome (intellectual disability with distinctive facial features),MED13L Foundation,https://med13l.org/,MED13L Foundation registry; Simons Searchlight,https://med13l.org/research-hub/join-med13l-research-opportunities/,Foundation-hosted (MED13L Foundation registry); Combined Brain biorepository; Simons Searchlight (SFARI Base); Sanford CoRDS (umbrella),Yes (MED13L enrolled),Umbrella,Preclinical only,,,info@med13l.org,https://www.linkedin.com/company/the-med13l-foundation,https://www.facebook.com/med13lfoundation/,https://www.instagram.com/med13lfoundation,https://www.youtube.com/@med13lfoundation,MED13L (Germany); MED13L España; MED13L Foundation
MEF2C,HGNC:6996,1,MEF2C Haploinsufficiency Syndrome (5q14.3 microdeletion),MEF2C Foundation,https://www.usmef2cfoundation.org/,MEF2C Foundation registry; Simons Searchlight,https://www.usmef2cfoundation.org/joinsimonssearchlight,Foundation-hosted (MEF2C Foundation registry); Simons Searchlight (SFARI Base); Sanford CoRDS,Yes (MEF2C enrolled),Yes ('MEF2C haploinsufficiency syndrome'),Preclinical: ASO and gene therapy programs,Patient Listening Session (2024),https://www.fda.gov/patients/learn-about-fda-patient-engagement/patient-listening-session-summaries,info@usmef2cfoundation.org,,MEF2C Foundation FB,@mef2cfoundation,,Asociacion MEF2C; MEF2C Family Foundation; MEF2C Foundation; US MEF2C Foundation
PCDH19,HGNC:14270,1,PCDH19 Clustering Epilepsy (formerly EFMR),PCDH19 Alliance,https://www.pcdh19info.org/,PCDH19 Alliance registry / NH partnership,https://pcdh19info.org/resources/lacy-smith-ms-cgc-nilika-singhal-md-pcdh19-registry-looking-back-on-ten-years/,Foundation-hosted (PCDH19 Alliance); Combined Brain biorepository; Sanford CoRDS (umbrella),No,Umbrella (EFMR),"Marinus (ganaxolone, clinical trial program); Stoke Therapeutics; Ovid (historical)",,,julie@pcdh19info.org,https://www.linkedin.com/company/pcdh19-alliance/,https://www.facebook.com/Pcdh19/,https://www.instagram.com/pcdh19alliance/,https://www.youtube.com/@pcdh19alliance10,Together for the research on PCDH19; PCDH19 Alliance
POLG,HGNC:9179,1,"POLG-related disorders (Alpers, MEMSA, ANS, PEO, MCHS)",United Mitochondrial Disease Foundation (UMDF); MitoAction; Lily Foundation (UK); Mito Foundation (AU),https://www.umdf.org/; https://www.mitoaction.org/; https://www.thelilyfoundation.org.uk/; https://www.mito.org.au/,NAMDC (North American Mitochondrial Disease Consortium) registry; UK MitoCohort,https://rarediseasesnetwork.org/cms/namdc,"NIH RDCRN (NAMDC, North American Mitochondrial Disease Consortium); Academic / REDCap (UK MitoCohort, Newcastle); Sanford CoRDS",No,Yes ('Alpers-Huttenlocher syndrome'; multiple POLG entries),Supportive care; preclinical AAV approaches; valproate avoidance is critical clinical management,EL-PFDD Meeting (2019),https://www.fda.gov/industry/prescription-drug-user-fee-amendments/condition-specific-meeting-reports-and-other-information-related-patients-experience,,,UMDF FB; Lily Foundation FB; many country pages,@umdf_org; @lilyfoundationuk,,International Mito Patients; MitoAction; PolG Foundation
PPP2R5D,HGNC:9312,1,Jordan's Syndrome (PPP2R5D-related neurodevelopmental disorder),Jordan's Guardian Angels (JGA),https://jordansguardianangels.org/,JGA NH study (Columbia/Wendy Chung); JGA International Family Conference cohort,,Foundation-hosted (Jordan's Guardian Angels); Academic / REDCap (Columbia/Wendy Chung NH); Sanford CoRDS,No,Yes ('PPP2R5D-related neurodevelopmental disorder'),Preclinical: alpaca-derived nanobodies; iPSC drug screens; mouse models; PP2A holoenzyme-targeted approaches,,,,,"Jordan's Guardian Angels FB (3,600+ followers)",@jordansguardianangels,,PPP2R5D Foundation
PURA,HGNC:9701,1,PURA Syndrome,PURA Syndrome Foundation; PURA Foundation Australia,https://purasyndrome.org/,PURA Syndrome Foundation registry; PURA biobank (Helmholtz Munich partnership),https://purasyndrome.org/research/patient-registry/,Foundation-hosted (PURA Syndrome Foundation registry); Foundation-hosted biobank (Helmholtz Munich partnership); Sanford CoRDS,No,Yes ('PURA-related severe neonatal-onset neurodevelopmental disorder'),Preclinical: structural biology informing small molecule development; Odilya Therapeutics,,,,,https://www.facebook.com/PURASyndrome/,https://www.instagram.com/pura_syndrome_foundation/?hl=en,,GrandPOPS; PURA Foundation Australia; PURA Syndrome Foundation
SATB2,HGNC:21637,1,SATB2-Associated Syndrome (SAS; Glass syndrome),SATB2 Gene Foundation; international family network,https://www.satb2gene.org/,SATB2 Gene Foundation registry; Simons Searchlight,,Foundation-hosted (SATB2 Gene Foundation registry); Combined Brain biorepository; Simons Searchlight (SFARI Base); Sanford CoRDS,Yes (SATB2 enrolled),Yes ('SATB2-associated syndrome'),Preclinical only,,,,,SATB2 Gene Foundation FB,@satb2gene,,SATB2- genfundament; SATB2 Syndrome (2q33.1) Facebook Group
SCN1A,HGNC:10585,1,Dravet Syndrome; GEFS+2; FHM3,"Dravet Syndrome Foundation (DSF, US); Dravet Syndrome UK; Dravet Syndrome European Federation; Dravet.org.au; multi-country",https://www.dravetfoundation.org,Dravet Syndrome International Patient Registry,https://dravetfoundation.org/research/for-patients-families/registry-natural-history-studies/,"Foundation-hosted (Dravet Syndrome International Patient Registry); ClinicalTrials.gov NH studies (Stoke BUTTERFLY, Encoded ENVISION); Combined Brain biorepository; Simons Searchlight (SFARI Base); Sanford CoRDS",Yes (SCN1A enrolled),Yes ('Dravet syndrome'),"Stoke Therapeutics zorevunersen/STK-001 (Phase 3); Encoded Therapeutics ETX101 (gene therapy, Phase 1/2); Tevard; Neurocrine; FDA-approved: stiripentol (Diacomit), cannabidiol (Epidiolex), fenfluramine (Fintepla)",EL-PFDD Meeting (2022),https://www.fda.gov/industry/prescription-drug-user-fee-amendments/condition-specific-meeting-reports-and-other-information-related-patients-experience,info@dravetfoundation.org,https://www.linkedin.com/company/2942459/,https://www.facebook.com/DravetSyndromeFoundation/,https://www.instagram.com/dravetsyndromefoundation/,https://www.youtube.com/channel/UC4z8dwjuGJc3hMLyGuk8xhw,Dravet Foundation; ICE Epilepsy Alliance
SCN2A,HGNC:10588,1,"SCN2A-related disorders (DEE11, BFNIS, autism, ID)",FamilieSCN2A Foundation,https://www.scn2a.org/,FamilieSCN2A registry; international SCN2A consortium,https://scn2a.iamrare.org/,Foundation-hosted (FamilieSCN2A Foundation registry); Combined Brain biorepository; Sodium Channel Coalition cohorts; Simons Searchlight (SFARI Base); Sanford CoRDS (umbrella),Yes (SCN2A enrolled),Umbrella (DEE),"Praxis Precision Medicines (PRAX-562, completed Phase 2); Ionis/Stoke Therapeutics ASO programs; Encoded Therapeutics; phenotype-dependent treatment (sodium-channel blockers vs. enhancers)",Patient Listening Session (2021),https://www.fda.gov/patients/fda-patient-listening-sessions/patient-listening-session-summaries,info@scn2a.org,https://www.linkedin.com/company/familiescn2a-foundation,https://www.facebook.com/FamilieSCN2AFoundation/,https://www.instagram.com/familiescn2afoundation/,https://www.youtube.com/channel/UCjwfDssCR9sRGj-jY8HDo3A,FamilieSCN2A Foundation; SCN2A Australia; SCN2A Europe; SCN2A Foundation
SCN8A,HGNC:10596,1,"SCN8A-related disorders (DEE13, BFIS5, ID)",Wishes for Elliott; The Cute Syndrome Foundation,https://scn8aalliance.org/,Wishes for Elliott registry partnership; international SCN8A consortium,https://scn8aalliance.org/scn8a-registry/,Foundation-hosted (Wishes for Elliott registry partnership); Combined Brain biorepository; Sodium Channel Coalition cohorts; Sanford CoRDS (umbrella),No,Umbrella (DEE),"Praxis Precision Medicines (PRAX-562, also for SCN8A GoF); preclinical ASOs; sodium-channel blockers (phenytoin, carbamazepine) for gain-of-function",,,info@scn8aalliance.org,https://www.linkedin.com/company/scn8aalliance/,https://www.facebook.com/SCN8AAlliance/,https://www.instagram.com/scn8aalliance/,https://www.youtube.com/@scn8aalliance/videos,SCN8A Alliance; Cute Syndrome Foundation
SETBP1,HGNC:15573,1,SETBP1 Disorder (haploinsufficiency / Schinzel-Giedion when GoF),SETBP1 Society,https://www.setbp1.org/,SETBP1 Society registry; Citizen Health partnership,,Foundation-hosted (SETBP1 Society registry); Citizen Health; Combined Brain biorepository; Simons Searchlight (SFARI Base); Sanford CoRDS,Yes (SETBP1 enrolled),Yes ('SETBP1 disorder'),Preclinical research,,,,,SETBP1 Society FB,@setbp1society,,SETBP1 Society
SHANK3,HGNC:14294,1,Phelan-McDermid Syndrome (22q13.3 deletion / SHANK3),Phelan-McDermid Syndrome Foundation (PMSF); CureSHANK; Phelan-McDermid Foundation Europe,https://pmsf.org/,"PMSF International Registry (Matrix platform, early adopter); Simons Searchlight; Mt Sinai academic NH",https://pmsf.org/datahub/,"Matrix (Across Healthcare, PMSF was first adopter); Academic / REDCap (Mt Sinai Seaver Center); Simons Searchlight (SFARI Base); Sanford CoRDS",Yes (SHANK3 enrolled),Yes ('Phelan-McDermid syndrome'),"Multiple academic & industry programs (IGF-1, oxytocin, gene therapy); Tevard; preclinical AAV",EL-PFDD Meeting (2022),https://www.fda.gov/industry/prescription-drug-user-fee-amendments/condition-specific-meeting-reports-and-other-information-related-patients-experience,info@pmsf.org,,https://www.facebook.com/PMSF22q13/,https://www.instagram.com/pmsf_official/,https://www.youtube.com/channel/UC-MRnjagSEpBvvwP9jbosfA,CureSHANK; 22q13 Deletion Syndrome Foundation
SLC13A5,HGNC:23089,1,SLC13A5 Citrate Transporter Disorder (DEE25),TESS Research Foundation,https://tessresearch.org,TESS Foundation registry; Ciitizen/Invitae partnership; SLC13A5 Citrate Transporter Disorder NH,https://www.tessresearch.org/join-registry/,Foundation-hosted (TESS Research Foundation registry); ClinicalTrials.gov NH study (NCT04181307); Pulse Infoframe (Ciitizen/Invitae); Sanford CoRDS,No,Yes ('SLC13A5 deficiency'),Multiple preclinical: gene therapy; substrate replacement; supplemental citrate; small molecule,,,info@tessresearch.org,https://www.linkedin.com/company/tess-research-foundation/,None public organization page confirmed in this pass,None public organization page confirmed in this pass,None public organization page confirmed in this pass,Tess Research Foundation
SLC6A1,HGNC:11042,1,SLC6A1-related disorder (myoclonic-atonic epilepsy / NDD),SLC6A1 Connect,https://slc6a1connect.org/,SLC6A1 Connect registry; Citizen Health partnership,https://slc6a1connect.org/registry/,"Citizen Health; Academic / REDCap (Brain Gene Registry, Children's National); Combined Brain biorepository; Simons Searchlight (SFARI Base); Sanford CoRDS (umbrella)",Yes (SLC6A1 enrolled),Umbrella,"Taysha Gene Therapies (TSHA-120, gene therapy program for SLC6A1); preclinical ASOs",,,afreed@slc6a1connect.org,https://www.linkedin.com/company/slc6a1connect,https://www.facebook.com/SLC6A1/,https://www.instagram.com/slc6a1_connect/,https://www.youtube.com/channel/UCc_10FuNA4w72faofqOIX-Q,SLC6A1 Connect
STXBP1,HGNC:11444,1,STXBP1 Encephalopathy (DEE4); Ohtahara syndrome variant,STXBP1 Foundation,https://stxbp1disorders.org,STXBP1 NH Study (NCT06555965); Brain Gene Registry partnership,https://www.stxbp1disorders.org/contact-list,"ClinicalTrials.gov NH study (NCT06555965, joint with SYNGAP1); Academic / REDCap (Brain Gene Registry, Children's National); Combined Brain biorepository; Simons Searchlight (SFARI Base); Sanford CoRDS (umbrella)",Yes (STXBP1 enrolled),Umbrella (DEE),Encoded Therapeutics (gene therapy); Capsida; Stoke Therapeutics ASO; multiple academic gene therapy programs,EL-PFDD Meeting (2023),https://www.fda.gov/industry/prescription-drug-user-fee-amendments/condition-specific-meeting-reports-and-other-information-related-patients-experience,info@stxbp1disorders.org,https://www.linkedin.com/company/18624115,https://facebook.com/stxdisorders,https://instagram.com/stxbp1_foundation,https://www.youtube.com/@STXBP1_Disorders,European STXBP1 Association; STXBP1 Foundation
SYNGAP1,HGNC:11497,1,SYNGAP1-Related Intellectual Disability (MRD5),SynGAP Research Fund (SRF),https://syngapresearchfund.com,SYNGAP1 Patient Registry; Brain Gene Registry; Citizen Health,https://curesyngap1.org/join-the-citizen-registry/,"ClinicalTrials.gov NH study (NCT06555965, joint with STXBP1); Academic / REDCap (Brain Gene Registry, Children's National); Citizen Health; Combined Brain biorepository; Simons Searchlight (SFARI Base); Sanford CoRDS (umbrella)",Yes (SYNGAP1 enrolled),Umbrella (DEE/ID),Stoke Therapeutics ASO; Capsida AAV; Encoded; multiple gene therapy programs,EL-PFDD Meeting (2020),https://www.fda.gov/industry/prescription-drug-user-fee-amendments/condition-specific-meeting-reports-and-other-information-related-patients-experience,info@cureSYNGAP1.org,https://www.linkedin.com/company/curesyngap1,https://facebook.com/curesyngap1,https://instagram.com/curesyngap1,https://www.youtube.com/@CureSYNGAP1/videos,Bridge the Gap - SYNGAP Education and Research Foundation; CURE SYNGAP1; SYNGAP1 Foundation
TANGO2,HGNC:25439,1,TANGO2 Deficiency Disorder (TDD); Metabolic Encephalomyopathic Crisis with Recurrent Rhabdomyolysis,TANGO2 Research Foundation (T2RF),https://tango2research.org/,T2RF registry; Baylor academic registry,,Foundation-hosted (T2RF registry); Academic / REDCap (Baylor); Sanford CoRDS,No,Yes ('TANGO2-related metabolic encephalopathy and arrhythmias'),"B-vitamin cocktail (multivitamin/B-complex protocol, clinical management standard, Lalani 2020); preclinical AAV",,,,,TANGO2 Research Foundation FB,@tango2research,,TANGO2 Research Foundation
TBCK,HGNC:28261,1,TBCK-related neurodegenerative disorder (TBCK encephaloneuropathy),Tess Foundation (TBCK); CureTBCK; international family network,https://www.curetbck.org/,Cure TBCK registry; CHOP academic NH,,Foundation-hosted (Cure TBCK registry); Academic / REDCap (CHOP NH); Sanford CoRDS,No,Yes ('TBCK-related neurodevelopmental disorder'),Preclinical: AAV gene therapy; IGF-1; phosphoinositide pathway approaches,,,,,Cure TBCK FB,@curetbck,,Fundación TBCK
TSC1,HGNC:12362,1,Tuberous Sclerosis Complex (TSC1),TSC Alliance (US); Tuberous Sclerosis Association (UK); Tuberous Sclerosis Australia; multi-country,https://www.tscalliance.org,TSC Natural History Database (TSC Alliance); TOSCA (international cohort),https://www.tscalliance.org/get-involved/participate-in-research/tsc-biosample-repository-and-natural-history-database/,Foundation-hosted (TSC Alliance Natural History Database); Academic / REDCap (TOSCA international cohort); NIH RDCRN; Sanford CoRDS (umbrella),No,Umbrella (TSC umbrella),"Multiple FDA-approved: everolimus (Afinitor), sirolimus (Rapamune); cannabidiol (Epidiolex); ASO programs",EL-PFDD Meeting (2017),https://www.fda.gov/industry/prescription-drug-user-fee-amendments/condition-specific-meeting-reports-and-other-information-related-patients-experience,info@tscalliance.org,https://www.linkedin.com/company/tsc-alliance/,https://www.facebook.com/tscalliance,https://www.instagram.com/tscalliance/,https://www.youtube.com/tscalliance,TS Alliance
TSC2,HGNC:12363,1,"Tuberous Sclerosis Complex (TSC2, most cases)","Same as TSC1 (TSC Alliance, TSA UK, etc.)",https://www.tscalliance.org,"Same, TSC Natural History Database; TOSCA",https://www.tscalliance.org/get-involved/participate-in-research/tsc-biosample-repository-and-natural-history-database/,Foundation-hosted (TSC Alliance Natural History Database); Academic / REDCap (TOSCA international cohort); NIH RDCRN; Sanford CoRDS (umbrella),No,Umbrella,Same as TSC1; TSC2 phenotypes generally more severe (target of most therapeutic studies),EL-PFDD Meeting (2017),https://www.fda.gov/industry/prescription-drug-user-fee-amendments/condition-specific-meeting-reports-and-other-information-related-patients-experience,info@tscalliance.org,https://www.linkedin.com/company/tsc-alliance/,https://www.facebook.com/tscalliance,https://www.instagram.com/tscalliance/,https://www.youtube.com/tscalliance,TS Alliance; Tuberous Sclerosis Association (UK)
UBE3A,HGNC:12496,1,Angelman Syndrome,"Angelman Syndrome Foundation (ASF, US); Foundation for Angelman Syndrome Therapeutics (FAST, US/AU); Angelman Syndrome UK; Angelman Syndrome Alliance (Europe)",https://www.angelman.org/,LADDER database (Lifespan Angelman Database; ASF/FAST partnership); ASF Clinics network,https://angelman.org/contactregistry/,"Academic / REDCap (LADDER, Lifespan Angelman Database); ClinicalTrials.gov NH studies (multiple industry-sponsored); Foundation-hosted (ASF Clinics network); NIH RDCRN; Sanford CoRDS",No,Yes ('Angelman syndrome'),"MavriX MVX-220 (AAV9 gene replacement, Phase 1/2 first patient dosed 2025); Ultragenyx GTX-102 (ASO, Phase 3); Ionis ION582; Roche/Tango RO7248824; UNC/Deerfield small molecules; multiple academic ASOs and gene activation programs",EL-PFDD Meeting (2025),https://www.fda.gov/industry/prescription-drug-user-fee-amendments/condition-specific-meeting-reports-and-other-information-related-patients-experience,info@angelman.org,https://www.linkedin.com/company/angelman-syndrome-foundation/,https://www.facebook.com/AngelmanSyndromeFoundation/,https://www.instagram.com/angelman_asf/,https://www.youtube.com/user/AngelmanSyndromeFdn,Angelman Syndrome Foundation
YWHAG,HGNC:12852,1,YWHAG-related developmental and epileptic encephalopathy (DEE56),YWHAG Foundation,https://www.ywhagfoundation.org/,YWHAG Foundation patient registry (in development); Citizen Health,https://www.ywhagfoundation.org/patient-registry,Foundation-hosted (YWHAG Foundation registry); Citizen Health; Sanford CoRDS (umbrella),No,Umbrella,Preclinical only,,,,,https://www.facebook.com/p/YWHAG-Foundation-100093005356595/,@ywhagfoundation,,YWHAG Foundation
ALDH7A1,HGNC:877,1,Pyridoxine-Dependent Epilepsy (PDE-ALDH7A1),International PDE Consortium (clinician-led); PDE Foundation (small),https://pdeonline.org/,International PDE Registry (pdeonline.org),https://pdeonline.org/,"Foundation-hosted (PDE Online registry, pdeonline.org); Academic / REDCap (CHARLIE consortium, charlie.science); Sanford CoRDS (umbrella)",No,Umbrella (metabolic umbrella),"Lifelong B6 + lysine-restricted diet (clinical); AASS inhibition (preclinical, CHARLIE)",,,,,PDE Foundation FB group,,,International PDE Consortium; PDE Foundation
AP4B1,HGNC:572,1,AP-4-Associated Hereditary Spastic Paraplegia (SPG47),CureAP4 Foundation; Cure SPG50 Foundation; Tom Wahlig Stiftung (Germany),https://www.cureap4.org/; https://www.curespg50.org/,Boston Children's Hospital AP-4-HSP Registry & NH Study (NCT04712812),https://clinicaltrials.gov/study/NCT04712812,"ClinicalTrials.gov NH study (NCT04712812, BCH); Foundation-hosted (CureAP4); Foundation-hosted (Tom Wahlig Stiftung, DE); Sanford CoRDS (umbrella)",No,Umbrella (HSP umbrella),"BlackfinBio BFB-101 (AAV9/AP4B1, Phase 1/2 cleared, NCT06948019); Astellas/Mitobridge research collaboration with BCH",,,,,CureAP4 FB; CureSPG50 FB,@cureap4; @curespg50,,CureAP4 Foundation; Cure SPG50 Foundation; Tom Wahlig Stiftung
ATP1A3,HGNC:801,1,"ATP1A3-related disorders (AHC, RDP, CAPOS, D-DEMO)",Cure AHC (US); AHC Foundation (US); AHCUK; AFSHA (FR); AHC Federation of Europe; AHC Australia,https://ahckids.org,AHC Patient Registry (Duke / AHC Foundation); international ATP1A3 Symposium cohorts,https://ahckids.org/wp-content/uploads/2015/08/Flyer-ClinicalRegistry.pdf,Academic / REDCap (Duke AHC NH study); Sanford CoRDS; Foundation-hosted (multiple country foundations),No,Yes ('ATP1A3 related disorders'),Flunarizine (off-label); academic ASO programs; preclinical gene therapy,,,AHCFoundation@ahckids.org,,https://www.facebook.com/AHCKids/,https://www.instagram.com/ahckids/,,Cure AHC; AHC Foundation; AHCUK; AFSHA; AHC Federation of Europe; AHC Australia
DNM1,HGNC:2972,1,DNM1-related developmental and epileptic encephalopathy (DEE31A/B),DNM1 Epilepsy Project,https://dnm1epilepsy.org,Citizen Health partnership,https://patient.citizenhealth.com/,Citizen Health; Sanford CoRDS,No,Yes ('DNM1 Gene Mutation' / 'DNM1'),Preclinical only,,,sali@dnm1epilepsy.com,https://www.linkedin.com/company/dnm1-epilepsy/,None public organization page found,,,DNM1 Epilepsy Project
DYRK1A,HGNC:3091,1,DYRK1A Syndrome (MRD7) / DYRK1A Haploinsufficiency,DYRK1A Syndrome International Association; country-specific groups,https://dyrk1a.org/,Working toward; Simons Searchlight provides infrastructure,https://www.simonssearchlight.org/research/what-we-study/dyrk1a/,Simons Searchlight (SFARI Base); Sanford CoRDS,Yes (DYRK1A enrolled),Yes ('DYRK1A syndrome'),Preclinical kinase inhibitor & ASO research,,,,https://www.linkedin.com/company/dyrk1a-syndrome-international-association,https://www.facebook.com/dyrk1a.syn/,https://www.instagram.com/dyrk1asyndrome/,https://www.youtube.com/c/DYRK1ASyndrome,DYRK1A Syndrome International Association
KCNMA1,HGNC:6284,1,KCNMA1-related disorders (Liang-Wang syndrome / KCNMA1-channelopathy),KCNMA1 Channelopathy International Advocacy Foundation (KCAF),https://kcnma1.org/,"KCAF registry; academic NH (Univ. of Maryland, Meredith)",,Foundation-hosted (KCAF registry); Academic / REDCap (Univ. of Maryland NH); Sanford CoRDS,No,Yes ('KCNMA1 channelopathy'),Preclinical: BK channel modulators; activator/inhibitor stratification by GoF/LoF,,,,,KCAF FB,@kcnma1foundation,,KCNMA1 Channelopathy International Advocacy Foundation
KCNQ2,HGNC:6296,1,"KCNQ2-related disorders (BFNE, DEE7)",KCNQ2 Cure Alliance (Jack Pribaz Foundation legacy),https://www.kcnq2cure.org/,"RIKEE, Rational Intervention for KCNQ2/3 Encephalopathy (international DB)",https://www.kcnq2cure.org/contact-registry-form/,"Academic / REDCap (RIKEE, Rational Intervention for KCNQ2/3 Encephalopathy, rikee.org); Combined Brain biorepository; Sanford CoRDS (umbrella)",No,Umbrella,"Xenon Pharma, azetukalner/XEN1101; ezogabine repurposing studies; preclinical gene therapy & ASOs",,,info@kcnq2cure.org,https://www.linkedin.com/company/kcnq2-cure-alliance/,https://www.facebook.com/kcnq2CURE/,https://www.instagram.com/kcnq2/,https://www.youtube.com/@KCNQ2Cure,KCNQ2 Cure Alliance
KCNT1,HGNC:18865,1,KCNT1-related epilepsies (EIMFS/MMPSI; ADNFLE/SHE; other DEEs),KCNT1 Epilepsy Foundation,https://kcnt1epilepsy.org/,KCNT1 Epilepsy Foundation Patient Registry,https://www.kcnt1epilepsy.org/registry-information-original/,"NORD IAMRARE (KCNT1 International Registry, kcnt1.iamrare.org); Combined Brain biorepository; Sanford CoRDS; Academic / REDCap (multi-site NH studies)",No,Yes ('Epilepsy of infancy with migrating focal seizures'; 'E410K Syndrome' = KCNT1 hotspot),"Quinidine (off-label, mixed evidence); Praxis Precision Medicines (PRAX-562, PRAX-628, PRAX-220 KCNT1-focused); preclinical ASOs and gene therapy; CBD open-label data",Patient Listening Session (2024),https://www.fda.gov/patients/fda-patient-listening-sessions/patient-listening-session-summaries,info@kcnt1epilepsy.org,https://www.linkedin.com/company/kcnt1epilepsyfoundation,https://www.facebook.com/kcnt1epilepsy,https://www.instagram.com/kcnt1foundation/,https://www.youtube.com/@KCNT1EpilepsyFoundation,KCNT1 Epilepsy Foundation
KIF1A,HGNC:888,1,KIF1A-Associated Neurological Disorder (KAND),KIF1A.ORG,https://www.kif1a.org/,KIF1A.ORG NH study (Columbia / Wendy Chung); Citizen Health,https://www.kif1a.org/research/,Academic / REDCap (Columbia/Wendy Chung NH); Citizen Health; Foundation-hosted (KIF1A.ORG); Sanford CoRDS,No,Yes ('KIF1A-associated neurological disorder'),"n-Lorem Foundation ASO (first patient dosed late 2022, Susannah Rosen); preclinical AAV; multiple academic programs",,,,,KIF1A.ORG FB,@kif1a.org,,KIF1A.ORG
KMT2D,HGNC:7133,1,Kabuki Syndrome (Type 1),All Things Kabuki; Kabuki Syndrome Foundation; Kabuki UK,https://allthingskabuki.org/; https://kabukisyndrome.com/,All Things Kabuki registry; Citizen Health partnership,,Foundation-hosted (All Things Kabuki registry); Citizen Health; Simons Searchlight (SFARI Base); Sanford CoRDS,Yes (KMT2D enrolled),Yes ('Kabuki syndrome'),HDAC inhibitor preclinical (Bjornsson); academic translational pipeline,,,,,All Things Kabuki FB; multiple country pages,@allthingskabuki,,All Things Kabuki; Kabuki Syndrome Foundation; Kabuki UK
PAFAH1B1,HGNC:8574,1,Lissencephaly 1 (LIS1; classical lissencephaly); Miller-Dieker syndrome,Lissencephaly Network (LISSEN); Miller-Dieker Foundation; international families,https://www.lissencephaly.org/,Lissencephaly Network registry; academic cohorts,,Foundation-hosted (Lissencephaly Network registry); Sanford CoRDS,No,Yes ('Lissencephaly'),Preclinical only; ASO programs,,,,,Lissencephaly Network FB; family groups,@lissencephalynetwork,,Lissencephaly Network; Miller-Dieker Foundation
PNKP,HGNC:9154,1,PNKP-related disorders (MCSZ; AOA4),PNKP Disease Foundation; AOA4-PNKP family network,https://www.pnkpfoundation.org/ (verify),Foundation registry; academic NH,,Foundation-hosted (PNKP Disease Foundation); Academic only; Sanford CoRDS (umbrella),No,Umbrella,Preclinical: NAD precursor supplementation; AAV programs,,,,,PNKP family group,,,PNKP Disease Foundation; AOA4-PNKP family network
PPT1,HGNC:9325,1,Neuronal Ceroid Lipofuscinosis 1 (Infantile NCL / CLN1),BDSRA; Beyond Batten; Taylor's Tale (CLN1-specific advocacy),https://bdsra.org,DEM-CHILD; BDSRA registry,https://bdsra.org/clinical-news/bdsra-funds-crucial-project-to-expand-a-batten-disease-patient-registry/,Academic / REDCap (DEM-CHILD); Foundation-hosted (BDSRA registry); Foundation-hosted (Taylor's Tale); Sanford CoRDS,No,Yes ('Infantile neuronal ceroid lipofuscinosis'),Cysteamine bitartrate (off-label evidence); thymidine repurposing; preclinical AAV gene therapy,,,,,BDSRA FB; Taylor's Tale FB,@bdsra,,BDSRA; Beyond Batten; Taylor's Tale
PRRT2,HGNC:30500,1,"PRRT2-related disorders (BFIE, PKD, ICCA, hemiplegic migraine)",No dedicated foundation; covered by Dystonia Medical Research Foundation; movement disorder umbrellas,,Multiple academic cohorts,,Academic / REDCap (Heidelberg international cohort); Sanford CoRDS (umbrella),No,Umbrella (PKD/movement disorder umbrella),Carbamazepine highly responsive (especially for PKD phenotype); supportive care,,,,,Family groups; PKD support groups,,,
PTEN,HGNC:9588,1,"PTEN Hamartoma Tumor Syndrome (Cowden, Bannayan-Riley-Ruvalcaba); Macrocephaly-Autism Syndrome",PTEN Hamartoma Tumor Syndrome Foundation (US); PTEN Research (UK),https://ptenfoundation.org/; https://www.ptenresearch.org/,PTEN Foundation IRB-approved registry & biorepository; Yale Pediatric Patient Registry (NCT06462430); PtenTurkiye.org,https://clinicaltrials.gov/study/NCT06462430,"Foundation-hosted (PTEN Foundation IRB registry & biorepository); ClinicalTrials.gov NH study (NCT06462430, Yale); Foundation-hosted (PTEN Research UK); Sanford CoRDS",No,Yes ('PTEN hamartoma tumor syndrome'),"Sirolimus / everolimus (mTOR inhibitor, variable evidence); preclinical AAV; multiple cancer-focused programs",,,,,PTEN Foundation FB,@ptenfoundation,,PTEN Hamartoma Tumor Syndrome Foundation; PTEN Research
SLC2A1,HGNC:11005,1,GLUT1 Deficiency Syndrome (Glut1-DS),Glut1 Deficiency Foundation,https://G1DFoundation.org,Glut1 Deficiency Foundation Patient Registry,https://www.g1dfoundation.org/natural-history-study/,Foundation-hosted (Glut1 Deficiency Foundation Patient Registry); Combined Brain biorepository; Sanford CoRDS,No,Yes ('Classic glucose transporter type 1 deficiency syndrome'),"Ketogenic diet (mainstay); modified Atkins; triheptanoin; preclinical gene therapy (UCB, Maze Therapeutics)",,,hello@G1DFoundation.org,https://www.linkedin.com/company/glut1-deficiency-foundation,https://www.facebook.com/glut1deficiencyfoundation/,https://www.instagram.com/glut1deficiencyfoundation/,https://www.youtube.com/user/Glut1Deficiency,Glut1 Deficiency Foundation
SLC9A6,HGNC:11079,1,Christianson Syndrome (X-linked NDD with epilepsy + ataxia),Christianson Syndrome Association (CSA),https://www.csaresearchfoundation.org/,CSA Research Foundation registry; academic NH,,Foundation-hosted (CSA Research Foundation registry); Academic / REDCap (BCH NH); Sanford CoRDS,No,Yes ('Christianson syndrome'),Preclinical: AAV gene therapy programs; pH regulation approaches,,,,,CSA FB,@christiansonsyndrome,,Christianson Syndrome Association
TCF4,HGNC:11634,1,Pitt-Hopkins Syndrome,Pitt Hopkins Research Foundation (PHRF); Pitt Hopkins UK,https://pitthopkins.org/,PHRF registry; international academic cohorts,,Foundation-hosted (PHRF registry); Academic / REDCap (UNC NH); Sanford CoRDS,No,Yes ('Pitt-Hopkins syndrome'),"Preclinical: ASO programs; gene therapy; juvenile reinstatement studies (UNC, Philpot 2025)",,,,,PHRF FB; Pitt Hopkins UK FB,@pitthopkinsresearch,,Pitt Hopkins Research Foundation; Pitt Hopkins UK
TPP1,HGNC:2073,1,Late-Infantile Neuronal Ceroid Lipofuscinosis (Classical CLN2),BDSRA; Beyond Batten; multiple country foundations,https://bdsra.org,DEM-CHILD; BDSRA; BioMarin Brineura post-marketing,https://bdsra.org/clinical-news/bdsra-funds-crucial-project-to-expand-a-batten-disease-patient-registry/,Academic / REDCap (DEM-CHILD); Foundation-hosted (BDSRA registry); ClinicalTrials.gov NH (BioMarin Brineura post-marketing); Sanford CoRDS,No,Yes ('Classic late infantile neuronal ceroid lipofuscinosis'),"BioMarin Brineura/cerliponase alfa (FDA-approved 2017, first approved enzyme replacement for any NCL); gene therapy preclinical",,,,,BDSRA FB; multiple country pages,@bdsra; @beyondbatten,,BDSRA; Beyond Batten
WDR45,HGNC:28912,1,Beta-Propeller Protein-Associated Neurodegeneration (BPAN); SENDA,Don't Forget Me Foundation (US); BPAN Warriors; NBIA Disorders Association (umbrella),https://dontforgetmefoundation.org/; https://www.nbiadisorders.org/,NBIA international registry; BPAN-specific cohorts via Don't Forget Me,https://www.bpanwarriors.org/rare-x | https://rare-x.org/bpan/ | Historical Ciitizen natural history study announcement: https://www.prweb.com/releases/BPAN_Warriors_Partners_with_Ciitizen_to_launch_a_groundbreaking_Natural_History_Study_to_accelerate_potential_treatments_for_rare_disease_BPAN/prweb17735181.htm,Foundation-hosted (NBIA Disorders Association registry); Foundation-hosted (Don't Forget Me Foundation); Sanford CoRDS,No,Yes ('Beta-propeller protein-associated neurodegeneration' / NBIA),Preclinical: AAV gene therapy; iron chelation studies,,,info@bpanwarriors.org,https://www.linkedin.com/company/bpanwarriors,https://www.facebook.com/bpanwarriors/,https://www.instagram.com/bpanwarriors/,https://www.youtube.com/watch?v=vc0YEn4u3iQ,Don't Forget Me Foundation; BPAN Warriors; NBIA Disorders Association
ZEB2,HGNC:14881,1,Mowat-Wilson Syndrome,Mowat-Wilson Syndrome Foundation (US); Mowat-Wilson Syndrome Australia; multiple country networks,https://mowat-wilson.org/,"Mowat-Wilson Syndrome Foundation Matrix Portal & Registry (Across Healthcare platform, early adopter, launched Feb 2021)",https://mowat-wilson.org/matrix/,"Matrix (Across Healthcare, MWSF was first adopter alongside PMSF); Sanford CoRDS",No,Yes ('Mowat-Wilson syndrome'),Preclinical only; mechanism-focused research,,,,,MWSF FB; multiple country pages,@mowatwilsonsyndromefdn,,Mowat-Wilson Syndrome Foundation; Mowat-Wilson Syndrome Australia
ARHGEF9,HGNC:14561,2,ARHGEF9-related epileptic encephalopathy (X-linked; hyperekplexia + epilepsy),No dedicated foundation; small family network,,Academic cohorts only,,Academic only; Sanford CoRDS (umbrella),No,Umbrella,Preclinical only,,,,,,,,Simons Searchlight
ATP6V1A,HGNC:851,2,"ATP6V1A-related disorders (DEE93, cutis laxa)",Small family network; emerging community,https://vatpasealliance.org/,Academic cohorts (Florence Italy),https://vatpasealliance.org/patient-registry-1,Academic only (Florence cohort); Sanford CoRDS (umbrella),No,Umbrella,Preclinical only,,,,,Family groups,,,v-ATPase Alliance
CASK,HGNC:1497,2,CASK-related disorders (MICPCH; FG syndrome 4; X-linked ID),Project CASK; CASK Foundation; The Brave Foundation (multiple small parent-led),https://www.projectcask.org/,Project CASK registry partnership; international CASK NH cohort,https://www.caskgene.org/registry | https://www.caskgene.org/population,Foundation-hosted (Project CASK registry); Simons Searchlight (SFARI Base); Academic / REDCap (Penn State Hershey NH); Sanford CoRDS (umbrella),Yes (CASK enrolled),Umbrella (DEE/ID),Preclinical AAV; gene therapy programs in early stages,,,hello@caskgene.org,https://www.linkedin.com/company/caskgene,https://www.facebook.com/CASKgene/,https://www.instagram.com/caskgene/,https://www.youtube.com/@caskgene,Project CASK
CSNK2B,HGNC:2460,2,Poirier-Bienvenu Neurodevelopmental Syndrome (POBINDS),CSNK2B Foundation (small),https://csnk2bfoundation.org,CSNK2B registry (Citizen Health; Simons Searchlight),https://www.citizen.health/ai-advocate/csnk2b-foundation,Academic only (small cohorts); Sanford CoRDS (umbrella),No,Umbrella,Preclinical only,,,,https://www.linkedin.com/company/csnk2b-foundation/,https://www.facebook.com/csnk2bfoundation/,https://www.instagram.com/csnk2b_foundation/,,CSNK2B Neurodevelopmental Syndrome Foundation
DEAF1,HGNC:14677,2,DEAF1-related neurodevelopmental disorder (Vulto-van Silfhout-de Vries syndrome),DEAF1 family network; small advocacy,https://www.rorybelle.org,Simons Searchlight; family registry,,Simons Searchlight (SFARI Base); Sanford CoRDS (umbrella),Yes (DEAF1 enrolled),Umbrella,Preclinical only,,,hello@therorybellefoundation.org,,https://www.facebook.com/therorybellefoundation/,https://www.instagram.com/therorybellefoundation/,https://m.youtube.com/@TheRoryBelleFoundation,Families of DAND (DEAF1 and Related Neurodevelopmental Disorders); DAND Alliance
DLG4,HGNC:2903,2,DLG4-related synaptopathy (PSD-95 NDD),"DLG4 Foundation (small, emerging); covered by autism research community",,Simons Searchlight; family registry,,Simons Searchlight (SFARI Base); Sanford CoRDS (umbrella),Yes (DLG4 enrolled),Umbrella,Preclinical only,Patient Listening Session (2024),https://www.fda.gov/patients/learn-about-fda-patient-engagement/patient-listening-session-summaries,,,Family groups,,,DLG4 SHINE Foundation
FRRS1L,HGNC:1362,2,FRRS1L-related epileptic encephalopathy (DEE37),Finding Hope for FRRS1L,https://www.frrs1l.org,Academic only,https://www.frrs1l.org/register,Academic only; Sanford CoRDS (umbrella),No,Umbrella,Preclinical,,,contact@FRRS1L.org,,Facebook,,,Finding Hope for FRRS1L
GABRA1,HGNC:4075,2,"GABRA1-related epilepsies (Dravet-like, JME, DEE19)",Cure GABA-A Variants (umbrella covering GABRA1/B2/B3/G2),https://curegabaa.org/,Cure GABA-A Variants / Combined Brain biorepository,No dedicated public patient registry identified in this pass,Combined Brain biorepository (via Cure GABA-A Variants); Sanford CoRDS,No,Yes ('GABRA 1 gene mutation'),Preclinical; receptor pharmacology focus,,,,https://www.linkedin.com/company/cure-gaba-a-variants,https://www.facebook.com/cure.gaba.a.variants/,https://www.instagram.com/curegabaa/,https://www.youtube.com/channel/UCT8Du_C_8MKQvKLIyJO6DMQ,GABRA1 Village
GABRB3,HGNC:4083,2,"GABRB3-related disorders (DEE43, CAE, Lennox-Gastaut)",Cure GABA-A Variants,https://curegabaa.org/,Via Cure GABA-A Variants,No dedicated public patient registry identified in this pass,Combined Brain biorepository (via Cure GABA-A Variants); Sanford CoRDS (umbrella),No,Umbrella (DEE),Preclinical,,,,https://www.linkedin.com/company/cure-gaba-a-variants,https://www.facebook.com/cure.gaba.a.variants/,https://www.instagram.com/curegabaa/,https://www.youtube.com/channel/UCT8Du_C_8MKQvKLIyJO6DMQ,GABRB3 Life Changes
GNB1,HGNC:4396,2,GNB1 Encephalopathy (NEDIM),GNB1 Advocacy Group / GNB1 family network,https://www.gnb1advocacy.org/,GNB1 family registry; Simons Searchlight,https://www.gnb1advocacy.org/research/registry,Academic / REDCap (Columbia); Simons Searchlight (SFARI Base); Sanford CoRDS (umbrella),Yes (GNB1 enrolled),Umbrella,Preclinical only,,,,https://www.linkedin.com/company/gnb1advocacy,GNB1 family group,https://www.instagram.com/gnb1_advocacy/,,GNB1 Advocacy Group; GNB1 Foundation; GNB1 Gene Disorder
GRIN2D,HGNC:4588,2,GRIN2D-related developmental and epileptic encephalopathy (DEE46),CureGRIN Foundation (same umbrella),https://curegrin.org/,CureGRIN registry,https://curegrin.org/gri-registry/ | https://grin2b.com/grin-registry/ | https://curegrin.org/gricensus/,Foundation-hosted (CureGRIN registry); Combined Brain biorepository; Sanford CoRDS (umbrella),No,Umbrella,Memantine; preclinical: cholesterol 24-hydroxylase inhibitors (Czech Academy),,,,https://www.linkedin.com/company/curegrin,https://www.facebook.com/cureGRIN/,https://www.instagram.com/curegrin_foundation/,https://www.youtube.com/c/CureGRINFoundation,CureGRIN
HNRNPU,HGNC:5048,2,HNRNPU-related neurodevelopmental disorder (DEE54),"HNRNPU Foundation (Yellow Brick Road Project covers HNRNPH2, separate gene)",https://www.hnrnp.org/,Simons Searchlight; family registry,https://hnrnp.org/natural-history-study,Foundation-hosted (HNRNPU family registry); Simons Searchlight (SFARI Base); Sanford CoRDS (umbrella),Yes (HNRNPU enrolled),Umbrella,Preclinical only,,,info@hnrnp.org,https://www.linkedin.com/company/hnrnp-family-foundation,https://www.facebook.com/HNRNPFamilyfoundation/,https://www.instagram.com/hnrnpfamily_foundation/,,HNRNP-Related Parent Connect; HNRNPU Foundation; HNRNPU Parent Connect
KCNA2,HGNC:6220,2,KCNA2-related epilepsies (DEE32),KCNA2 Epilepsy Global Alliance,https://www.kcna2epilepsy.org,Tübingen academic cohort,https://www.kcna2epilepsy.org/kcna2-international-registry-natural-history-study/,"Academic only (Tübingen, Leipzig cohorts); Sanford CoRDS (umbrella)",No,Umbrella,4-aminopyridine repurposing (case reports); preclinical small molecule programs,,,kcna2epilepsy@gmail.com,,Family groups,,,KCNA2 Parent Connection
KCNH1,HGNC:6250,2,KCNH1-related disorders (Temple-Baraitser; Zimmermann-Laband),Zimmermann-Laband Syndrome Foundation; Temple-Baraitser Syndrome family network,https://www.curekcnh1.org/,Academic cohorts,https://www.curekcnh1.org/research | https://www.curekcnh1.org/updates,Academic only; Sanford CoRDS (umbrella),No,Umbrella,Preclinical; Eag1 channel modulators,,,info@curekcnh1.org,,https://www.facebook.com/treatments4tristan/,https://www.instagram.com/treatments4tristan/,https://www.youtube.com/channel/UCwmRk5zMWyW9yBYSvxFWwdA,Cure KCNH1
NRXN1,HGNC:8008,2,"NRXN1-related disorders (autism, schizophrenia, Pitt-Hopkins-like)",No dedicated foundation; covered by autism research consortia,,Simons Searchlight; SPARK autism research,,Simons Searchlight (SFARI Base); Academic / REDCap (SPARK autism research); Sanford CoRDS (umbrella),Yes (NRXN1 enrolled),Umbrella,Preclinical only,,,,,Family groups,,,NRXN1 Network
SMARCA2,HGNC:11098,2,Nicolaides-Baraitser Syndrome (NCBRS); Blepharophimosis-ID Syndrome,Nicolaides-Baraitser Syndrome Worldwide Foundation,https://nbsworldwide.org/,NBS Worldwide registry; Simons Searchlight,,Foundation-hosted (NBS Worldwide registry); Sanford CoRDS,No,Yes ('Nicolaides-Baraitser syndrome'),Preclinical only,,,,,NBS Worldwide FB,,,Coffin Siris Syndrome Facebook support group; NCBRS Worldwide Foundation
SMC1A,HGNC:11111,2,Cornelia de Lange Syndrome 2 (X-linked CdLS),"CdLS Foundation (umbrella for all CdLS genes including NIPBL, SMC1A, SMC3, RAD21, HDAC8)",https://smc1a-epilepsy.org/,CdLS Foundation registry; international consensus statements,https://smc1a-epilepsy.org/smc1a-patient-registry/,Foundation-hosted (CdLS Foundation registry); Sanford CoRDS,No,Yes ('Cornelia de Lange syndrome'),Preclinical only; cohesinopathy mechanism studies,,,info@smc1a-epilepsy.org,https://www.linkedin.com/company/smc1a-foundation,https://www.facebook.com/SMC1AFoundation/,https://www.instagram.com/cure_smc1a/,https://www.youtube.com/channel/UCfXMywaiL_o07KztJdYmrbw,SMC1A Foundation
TBC1D24,HGNC:29203,2,TBC1D24-related disorders (DOORS; FIME; deafness; EIEE16),TBC1D24 Foundation,https://www.tbc1d24foundation.com/,TBC1D24 Foundation registry (small),,"Foundation-hosted (TBC1D24 Foundation, small); Sanford CoRDS (umbrella)",No,Umbrella (DEE/DOORS),Preclinical only; small molecule screens,,,bridget@tbc1d24foundation.com; joeylynn@tbc1d24foundation.com,,https://www.facebook.com/tbc1d24Foundation/,https://www.instagram.com/tbc1d24/,,Tbc1d24 Foundation
TRIO,HGNC:12303,2,TRIO-related neurodevelopmental disorder (NDD with epilepsy),TRIO Family Foundation (small); autism research overlap,,Simons Searchlight; family registry,,Simons Searchlight (SFARI Base); Sanford CoRDS (umbrella),Yes (TRIO enrolled),Umbrella,Preclinical only,,,,,Family groups,,,Simons Searchlight TRIO Facebook community
WAC,HGNC:17327,2,WAC-related neurodevelopmental disorder (DESSH; DeSanto-Shinawi),"WAC Family Foundation; DeSanto-Shinawi Society (small, growing)",,Simons Searchlight; family registry,,Simons Searchlight (SFARI Base); Sanford CoRDS (umbrella),Yes (WAC enrolled),Umbrella,Preclinical only,,,,,DeSanto-Shinawi family group,,,DESSH Foundation
WWOX,HGNC:12799,2,WWOX-related developmental and epileptic encephalopathy (DEE28; SCAR12),WWOX Foundation; family network (growing),https://wwoxfoundation.org/ (verify),Academic cohorts; Florey/Melbourne,,"Academic only (Florey/Melbourne, Aqeilan); Sanford CoRDS (umbrella)",No,Umbrella,Preclinical: AAV gene therapy programs,,,,,WWOX family group,,,WWOX Foundation; WWOX Foundation AUS; WWOX Foundation EU; WWOX Foundation USA
ALG13,HGNC:30881,2,ALG13-CDG / DEE36 (X-linked),CDG CARE (umbrella for all CDG types),https://cdgcare.com/,Frontiers in CDG (FCDGC) NIH RDCRN registry,Historical CDG Connect Patient Insights Network (PIN) poster: https://cdgcare.org/wp-content/uploads/2021/02/NIH-2021-RDD-CDG-CARE-Poster.pdf ; Family Resource Network intake: https://cdgcare.org/register-with-cdg-care/,"NIH RDCRN (FCDGC, Frontiers in CDG); Foundation-hosted (CDG CARE); Sanford CoRDS (umbrella)",No,Umbrella (CDG umbrella),Disease-specific therapies in early stages; broader CDG efforts via FCDGC,Patient Listening Session (2023),https://www.fda.gov/patients/fda-patient-listening-sessions/patient-listening-session-summaries,info@cdgcare.org,https://www.linkedin.com/company/cdg-care,https://www.facebook.com/cdgcare/,https://www.instagram.com/cdgcare/,https://www.youtube.com/channel/UC04CIRYlJSUkNU8GBnksCMg,CDG CARE
AP4M1,HGNC:574,2,AP-4-Associated Hereditary Spastic Paraplegia (SPG50),Cure SPG50 Foundation; CureAP4 (umbrella); Tom Wahlig Stiftung,https://www.curespg50.org/,"Same, BCH AP-4-HSP Registry NCT04712812",https://clinicaltrials.gov/study/NCT04712812,"ClinicalTrials.gov NH study (NCT04712812, BCH); Foundation-hosted (Cure SPG50); Foundation-hosted (CureAP4 umbrella); Sanford CoRDS (umbrella)",No,Umbrella,"Cure SPG50 / Univ. of Texas-Dallas Steven Gray AAV9-AP4M1 (Phase 1/2, first patient dosed 2022)",,,,,Cure SPG50 FB,@curespg50,,Cure SPG50 Foundation; CureAP4; Tom Wahlig Stiftung
ATP1A2,HGNC:800,2,ATP1A2-related disorders (Familial Hemiplegic Migraine 2; AHC; DEE98),"Some shared infrastructure with ATP1A3 communities (AHC Foundation, Cure AHC); Migraine Research Foundation overlap",,Academic cohorts; AHC Foundation registry covers some ATP1A2 cases,,"Academic / REDCap (Leiden); Foundation-hosted (AHC Foundation, partial); Sanford CoRDS (umbrella)",No,Umbrella (FHM/AHC umbrella),Acetazolamide; flunarizine; preclinical,,,,,FHM family groups,,,
BRAT1,HGNC:21701,2,Rigidity and Multifocal Seizure Syndrome / BRAT1-related DEE,Small family network (RMFSL Family Network); growing community,,Academic cohorts; Citizen Health partnerships,,Citizen Health; Academic only; Sanford CoRDS (umbrella),No,Umbrella,Preclinical only,,,,,BRAT1 family group,,,RMFSL Family Network
CACNA1E,HGNC:1392,2,CACNA1E-related neurodevelopmental disorder (DEE69),No dedicated foundation; family network through CACNA1A Foundation,,Academic cohorts,,Academic only; Sanford CoRDS (umbrella),No,Umbrella,Preclinical only; calcium channel modulators,,,,,Family groups,,,
CHRNA4,HGNC:1958,2,Autosomal Dominant Sleep-related Hypermotor Epilepsy (ADSHE; previously ADNFLE),No dedicated foundation; Epilepsy Foundation; CURE Epilepsy,https://www.facebook.com/groups/265440120739437,Academic cohorts; Florey/Melbourne,No dedicated public patient registry identified,Academic only (Florey/Melbourne cohort); Sanford CoRDS (umbrella),No,Umbrella,Carbamazepine (responsive); nicotine patches (some reports),,,,,https://www.facebook.com/groups/265440120739437,,,
CHRNB2,HGNC:1962,2,Autosomal Dominant Sleep-related Hypermotor Epilepsy (CHRNB2-related),No dedicated foundation,https://www.facebook.com/groups/265440120739437,Academic cohorts,No dedicated public patient registry identified,Academic only; Sanford CoRDS (umbrella),No,Umbrella,Carbamazepine (responsive),,,,,https://www.facebook.com/groups/265440120739437,,,
CLN5,HGNC:2076,2,Variant Late-Infantile Neuronal Ceroid Lipofuscinosis (CLN5),"Same Batten umbrella foundations (BDSRA, Beyond Batten, BDFA)",https://bdsra.org,DEM-CHILD database; BDSRA registry,https://bdsra.org/clinical-news/bdsra-funds-crucial-project-to-expand-a-batten-disease-patient-registry/,Academic / REDCap (DEM-CHILD); Foundation-hosted (BDSRA registry); Sanford CoRDS,No,Yes ('CLN5 disease'),"Neurogene NGN-101 (intracerebroventricular AAV gene therapy, Phase 1/2)",,,,,BDSRA FB; CLN5 family groups,,,BDSRA; Beyond Batten; BDFA
CLN6,HGNC:2077,2,Variant Late-Infantile / Adult-Onset Neuronal Ceroid Lipofuscinosis (CLN6),Same Batten umbrella; CureCLN6 (research-focused),https://bdsra.org,DEM-CHILD database; BDSRA registry,https://bdsra.org/clinical-news/bdsra-funds-crucial-project-to-expand-a-batten-disease-patient-registry/,Academic / REDCap (DEM-CHILD); Foundation-hosted (BDSRA registry); Sanford CoRDS,No,Yes ('CLN6 disease'),"Amicus Therapeutics AT-GTX-501 (intrathecal AAV9, completed Phase 1/2; ongoing development)",,,,,BDSRA FB; family groups,,,CureCLN6; BDSRA; Beyond Batten; BDFA
CLN8,HGNC:2079,2,Variant Late-Infantile Neuronal Ceroid Lipofuscinosis (CLN8); Northern Epilepsy,Same Batten umbrella,https://bdsra.org,DEM-CHILD database; BDSRA registry,https://bdsra.org/clinical-news/bdsra-funds-crucial-project-to-expand-a-batten-disease-patient-registry/,Academic / REDCap (DEM-CHILD); Foundation-hosted (BDSRA registry); Sanford CoRDS,No,Yes ('CLN8 disease'),Preclinical AAV programs,,,,,BDSRA FB; CLN8 family groups,,,BDSRA; Beyond Batten; BDFA
CNTNAP2,HGNC:13830,2,CNTNAP2-related disorders (CDFE; cortical dysplasia-focal epilepsy syndrome),No dedicated foundation; relevant to autism research community,,Simons Searchlight (autism overlap); academic cohorts,,Simons Searchlight (SFARI Base); Academic only (autism research overlap); Sanford CoRDS (umbrella),Yes (CNTNAP2 enrolled),Umbrella,Preclinical only,,,,,Family groups,,,
COL4A1,HGNC:2202,2,"COL4A1-related disorders (cerebrovascular, brain malformations + epilepsy)",Gould Syndrome Foundation,https://gouldsyndromefoundation.org,Academic cohorts,https://www.gouldsyndromefoundation.org/medical-research/gould-syndrome-patient-registry-article,Academic only; Sanford CoRDS (umbrella),No,Umbrella (cerebrovascular umbrella),Preclinical; no targeted therapy; supportive care for stroke risk,,,,,COL4 Family Forum FB,,,Gould Syndrome Foundation
COL4A2,HGNC:2203,2,"COL4A2-related disorders (cerebrovascular, schizencephaly, epilepsy)",Gould Syndrome Foundation,https://gouldsyndromefoundation.org,Academic cohorts,https://www.gouldsyndromefoundation.org/medical-research/gould-syndrome-patient-registry-article,Academic only; Sanford CoRDS (umbrella),No,Umbrella,Preclinical only,,,,,COL4 Family Forum FB,,,Gould Syndrome Foundation
DEPDC5,HGNC:18423,2,"DEPDC5-related epilepsies (FFEVF, FCD-related, infantile spasms variants)","No dedicated foundation. Covered by Epilepsy Foundation, Child Neurology Foundation, Rare Epilepsy Network. TSC Alliance bridges some mTORopathy work.",https://www.facebook.com/groups/265440120739437,"International DEPDC5 cohort (academic, 586+ patients in 2024 study)",No dedicated public patient registry identified,Academic only (multi-site cohorts); Sanford CoRDS (umbrella),No,Umbrella (focal epilepsy),Stoke Therapeutics (TANGO ASO program disclosed); mTOR inhibitor repurposing,,,,,https://www.facebook.com/groups/265440120739437,,,
EEF1A2,HGNC:3192,2,EEF1A2-related neurodevelopmental disorder (DEE33),EEF1A2 family network (no major dedicated foundation),,Edinburgh academic cohort; Simons Searchlight,,Academic / REDCap (Edinburgh); Simons Searchlight (SFARI Base); Sanford CoRDS (umbrella),Yes (EEF1A2 enrolled),Umbrella,Preclinical only,,,,,Family groups,,,EEF1A2 family network
GABBR2,HGNC:4507,2,GABBR2-related disorders (DEE59; Rett-like),No dedicated foundation; some Rett research overlap,,Academic cohorts,,Academic only; Sanford CoRDS (umbrella),No,Umbrella,Preclinical; GABA-B receptor modulators,,,,,Family groups,,,
GABRG2,HGNC:4087,2,"GABRG2-related epilepsies (GEFS+ type 3, Dravet-like, FS, JME)",Cure GABA-A Variants,https://curegabaa.org/,Via Cure GABA-A Variants,No dedicated public patient registry identified in this pass,"Combined Brain biorepository (via Cure GABA-A Variants); Academic only (Macdonald, Berkovic cohorts); Sanford CoRDS (umbrella)",No,Umbrella (GEFS+/DEE),Preclinical; GABA-A receptor pharmacology,,,,https://www.linkedin.com/company/cure-gaba-a-variants,https://www.facebook.com/cure.gaba.a.variants/,https://www.instagram.com/curegabaa/,https://www.youtube.com/channel/UCT8Du_C_8MKQvKLIyJO6DMQ,Cure GABA-A Variants
GRN,HGNC:4601,2,Neuronal Ceroid Lipofuscinosis 11 (CLN11) / Adult-onset; FTD,Bluefield Project to Cure FTD (GRN focus); Association for Frontotemporal Degeneration (AFTD); Batten umbrella for CLN11,https://bdsra.org,ALLFTD (NIH RDCRN); Bluefield-funded NH,https://bdsra.org/clinical-news/bdsra-funds-crucial-project-to-expand-a-batten-disease-patient-registry/,"NIH RDCRN (ALLFTD); Foundation-hosted (Bluefield Project NH); Foundation-hosted (BDSRA, for CLN11 cases)",No,Yes (FTD umbrella),"Vesper Bio; Latus Bio; AviadoBio (AVB-101, Phase 1/2 gene therapy); multiple preclinical programs",EL-PFDD Meeting (2021); Patient Listening Session (2023),https://www.fda.gov/industry/prescription-drug-user-fee-amendments/condition-specific-meeting-reports-and-other-information-related-patients-experience,,,Bluefield FB; AFTD FB,@theaftd; @bluefieldproject,,Bluefield Project to Cure FTD; Association for Frontotemporal Degeneration
HCN1,HGNC:4845,2,HCN1-related epilepsies (DEE24),No dedicated foundation; covered by Sodium/Channel Coalition partners,,Florey/Melbourne academic cohort,,Academic only (Florey/Melbourne cohort); Sanford CoRDS (umbrella),No,Umbrella (DEE),Preclinical only,,,,,Family groups,,,
IQSEC2,HGNC:29059,2,IQSEC2-related neurodevelopmental disorder (X-linked ID),IQSEC2 family network; small advocacy presence,https://iqsec2.org/ (verify),Family registry partnerships,,Foundation-hosted (IQSEC2 family); Simons Searchlight (SFARI Base); Academic / REDCap (Bar-Ilan); Sanford CoRDS (umbrella),Yes (IQSEC2 enrolled),Umbrella,Preclinical: ASO and small molecule programs,,,,,Family groups,,,IQSEC2 family network
KCNA1,HGNC:6218,2,Episodic Ataxia 1 (EA1); KCNA1-related epilepsy,National Ataxia Foundation (umbrella); CACNA1A Foundation cross-coverage,https://www.ataxia.org/,NAF registry; academic cohorts,,Foundation-hosted (National Ataxia Foundation registry); Sanford CoRDS (umbrella),No,Umbrella (ataxia umbrella),Carbamazepine; acetazolamide; 4-AP,,,,,NAF FB; family groups,@nationalataxia,,National Ataxia Foundation
KCNQ3,HGNC:6297,2,KCNQ3-related disorders (BFNE2; ID; DEE),KCNQ2 Cure Alliance (covers KCNQ2/3 jointly via RIKEE),https://www.kcnq2cure.org/,RIKEE (covers KCNQ2/3 jointly),https://www.rikee.org/,"Academic / REDCap (RIKEE, covers KCNQ2/3 jointly); Foundation-hosted (KCNQ2 Cure Alliance, joint); Sanford CoRDS (umbrella)",No,Umbrella,Xenon Pharma azetukalner (covers KCNQ2/3 indications); ezogabine repurposing,,,,,KCNQ2 Cure Alliance FB,@kcnq2cure,,KCNQ2 Cure Alliance
KCNT2,HGNC:18866,2,KCNT2-related disorders (DEE57),Some shared infrastructure with KCNT1 community (sister gene),,Academic cohorts,,Academic only; Sanford CoRDS (umbrella),No,Umbrella,Preclinical; quinidine being explored (KCNT1 analogy),,,,,Family groups; some KCNT1 community overlap,,,
KCTD7,HGNC:21957,2,Progressive Myoclonic Epilepsy 3 (CLN14),BDSRA (Batten umbrella covers CLN14); PME family network,https://bdsra.org,DEM-CHILD; BDSRA,https://bdsra.org/clinical-news/bdsra-funds-crucial-project-to-expand-a-batten-disease-patient-registry/,Academic / REDCap (DEM-CHILD); Foundation-hosted (BDSRA registry),No,Yes (NCL umbrella),Preclinical only,,,,,BDSRA FB,@bdsra,,BDSRA
MTOR,HGNC:3942,2,MTOR-related disorders (Smith-Kingsmore; somatic mTORopathy in FCD type II),Smith-Kingsmore Syndrome Foundation; SKS Awareness; mTORopathy umbrella with TSC Alliance,https://smithkingsmoresyndrome.com/,SKS Foundation registry; Brain Gene Registry partnership,,Foundation-hosted (Smith-Kingsmore Syndrome Foundation); Academic / REDCap (Brain Gene Registry); Sanford CoRDS,No,Yes ('Smith-Kingsmore syndrome'),"Sirolimus/everolimus repurposing (mTOR inhibitor, limited evidence in germline MTOR variants); preclinical",,,,,SKS Foundation FB,@smithkingsmoresyndrome,,Smith-Kingsmore Syndrome Foundation; SKS Awareness
NPRL3,HGNC:14124,2,NPRL3-related familial focal epilepsy (FFEVF3),No dedicated foundation; same gap as DEPDC5,,"Academic cohorts (Picard, Baulac)",,Academic only (multi-site); Sanford CoRDS (umbrella),No,Umbrella,mTOR inhibitor repurposing (DEPDC5 analog); preclinical,,,,,Family-led closed groups,,,
PIGA,HGNC:8957,2,PIGA-CDG / DEE20 (X-linked GPI deficiency),"GPI-Anchor Disorder Alliance (covers PIGA, PIGN, PIGV, etc.); CDG CARE",https://gpiad.org/; https://cdgcare.com/,FCDGC NIH RDCRN; GPI Alliance registry,Historical CDG Connect Patient Insights Network (PIN) poster: https://cdgcare.org/wp-content/uploads/2021/02/NIH-2021-RDD-CDG-CARE-Poster.pdf ; Family Resource Network intake: https://cdgcare.org/register-with-cdg-care/,NIH RDCRN (FCDGC); Foundation-hosted (GPI-AD Alliance); Sanford CoRDS,No,Yes ('PIGA-CDG' / GPI umbrella),Preclinical only,Patient Listening Session (2023),https://www.fda.gov/patients/fda-patient-listening-sessions/patient-listening-session-summaries,info@cdgcare.org,https://www.linkedin.com/company/cdg-care,https://www.facebook.com/cdgcare/,https://www.instagram.com/cdgcare/,https://www.youtube.com/channel/UC04CIRYlJSUkNU8GBnksCMg,GPI-Anchor Disorder Alliance; CDG CARE
PIGN,HGNC:8967,2,PIGN-CDG / MCAHS1 (Multiple Congenital Anomalies-Hypotonia-Seizures),GPI-Anchor Disorder Alliance; CDG CARE,https://gpiad.org/; https://cdgcare.com/,FCDGC NIH RDCRN; GPI Alliance registry,Historical CDG Connect Patient Insights Network (PIN) poster: https://cdgcare.org/wp-content/uploads/2021/02/NIH-2021-RDD-CDG-CARE-Poster.pdf ; Family Resource Network intake: https://cdgcare.org/register-with-cdg-care/,NIH RDCRN (FCDGC); Foundation-hosted (GPI-AD Alliance); Sanford CoRDS,No,Yes (GPI/CDG umbrella),Preclinical; pyridoxal-5-phosphate supplementation in some cases,Patient Listening Session (2023),https://www.fda.gov/patients/fda-patient-listening-sessions/patient-listening-session-summaries,info@cdgcare.org,https://www.linkedin.com/company/cdg-care,https://www.facebook.com/cdgcare/,https://www.instagram.com/cdgcare/,https://www.youtube.com/channel/UC04CIRYlJSUkNU8GBnksCMg,GPI-Anchor Disorder Alliance; CDG CARE
RHOBTB2,HGNC:18756,2,RHOBTB2-related developmental and epileptic encephalopathy (DEE64),Cure RHOBTB2 (small parent-led),,Academic cohorts; family registry,,Academic only; Sanford CoRDS (umbrella),No,Umbrella,Preclinical only,,,,,RHOBTB2 family groups,,,Cure RHOBTB2
ROGDI,HGNC:29478,2,Kohlschütter-Tönz Syndrome,"Kohlschütter-Tönz Syndrome Foundation (small, international)",,Academic cohorts (Univ. of Bern),,Academic only; Sanford CoRDS (umbrella),No,Umbrella,Preclinical only,,,,,Family groups,,,Kohlschütter-Tönz Syndrome Foundation
SCN1B,HGNC:10586,2,"SCN1B-related disorders (GEFS+1, DEE52, Brugada)",No dedicated SCN1B foundation; Dravet Syndrome Foundation covers some overlap; Sodium Channel Coalition partner,,Sodium Channel Coalition cohorts; Dravet umbrella,,Sodium Channel Coalition cohorts; Simons Searchlight (SFARI Base); Sanford CoRDS (umbrella),Yes (SCN1B enrolled),Umbrella (DEE/GEFS+),Preclinical only,,,,,,,,
SCN3A,HGNC:10590,2,"SCN3A-related disorders (DEE62, polymicrogyria with seizures)",SCN3A Family network; Sodium Channel Coalition partner,https://scn3afoundation.org/ (verify),Sodium Channel Coalition cohorts; Penn academic NH,,Sodium Channel Coalition cohorts; Academic / REDCap (Penn); Sanford CoRDS (umbrella),No,Umbrella,Preclinical: sodium channel modulators,,,,,Family groups,,,SCN3A Family network; Sodium Channel Coalition
SETD1B,HGNC:29187,2,SETD1B-related neurodevelopmental disorder (IDDSELD),"Setd1b Family Network (small, emerging); covered by Kabuki/COMPASS umbrella research",,Erasmus MC academic cohort; GeneMatcher,,Academic only (GeneMatcher cohorts); Sanford CoRDS (umbrella),No,Umbrella,Preclinical; epigenetic modulator approaches,,,,,Family groups,,,Setd1b Family Network
SLC25A22,HGNC:19954,2,SLC25A22-related early infantile epileptic encephalopathy (DEE3),No dedicated foundation; small family network,,Academic cohorts,,Academic only; Sanford CoRDS (umbrella),No,Umbrella,Preclinical only,,,,,Family groups,,,
SLC35A2,HGNC:11022,2,SLC35A2-CDG (X-linked CDG; epileptic encephalopathy),CDG CARE (umbrella),https://cdgcare.com/,FCDGC NIH RDCRN,Historical CDG Connect Patient Insights Network (PIN) poster: https://cdgcare.org/wp-content/uploads/2021/02/NIH-2021-RDD-CDG-CARE-Poster.pdf ; Family Resource Network intake: https://cdgcare.org/register-with-cdg-care/,NIH RDCRN (FCDGC); Foundation-hosted (CDG CARE); Sanford CoRDS,No,Yes (CDG umbrella),"Galactose supplementation (open-label evidence, actionable treatment for some)",Patient Listening Session (2023),https://www.fda.gov/patients/fda-patient-listening-sessions/patient-listening-session-summaries,info@cdgcare.org,https://www.linkedin.com/company/cdg-care,https://www.facebook.com/cdgcare/,https://www.instagram.com/cdgcare/,https://www.youtube.com/channel/UC04CIRYlJSUkNU8GBnksCMg,CDG CARE
SPTAN1,HGNC:11273,2,SPTAN1-related developmental and epileptic encephalopathy (DEE5),"SPTAN1 Foundation (small, emerging); family network",,Academic cohorts; Citizen Health partnerships,,Citizen Health; Academic only; Sanford CoRDS (umbrella),No,Umbrella,Preclinical only,,,,,Family groups,,,SPTAN1 Foundation
STX1B,HGNC:18539,2,STX1B-related epilepsy (FS+ with epilepsy),No dedicated foundation,,Academic cohorts (Lerche Tübingen),,Academic only (Tübingen); Sanford CoRDS (umbrella),No,Umbrella,Preclinical only,,,,,,,,
SZT2,HGNC:29040,2,SZT2-related developmental and epileptic encephalopathy (DEE18),SZT2 family network (small),,Academic cohorts only,,Academic only; Sanford CoRDS (umbrella),No,Umbrella,"mTOR inhibitor repurposing (rapamycin/sirolimus, case reports); preclinical",,,,,Family groups,,,SZT2 family network
UBA5,HGNC:23230,2,UBA5-related developmental and epileptic encephalopathy (DEE44),"UBA5 Foundation (small, emerging)",,Academic cohorts; family registry,,Academic only; Sanford CoRDS (umbrella),No,Umbrella,Preclinical: protein UFMylation pathway approaches,,,,,Family groups,,,UBA5 Foundation
UNC80,HGNC:26582,2,UNC80-related disorder (Infantile Hypotonia with Psychomotor Retardation),"UNC80 Foundation (small, emerging)",https://fundacionlibellas.org/,Academic cohorts; family registry,No dedicated public patient registry identified in this pass,Academic only; Sanford CoRDS (umbrella),No,Umbrella,Preclinical only,,,,,UNC80 family groups,https://www.instagram.com/fundacionlibellas/,,UNC80 Foundation
VPS13A,HGNC:1908,2,Chorea-Acanthocytosis (ChAc); VPS13A-related disorders,Advocacy for Neuroacanthocytosis Patients (UK); Hereditary Disease Foundation overlap (Huntington's family),https://naadvocacy.org/,Academic registry; international NA cohort,,Foundation-hosted (NA Advocacy registry); Academic only; Sanford CoRDS (umbrella),No,Umbrella (movement disorder umbrella),Preclinical: lithium; antisense oligonucleotides,,,,,NA Advocacy FB,,,Advocacy for Neuroacanthocytosis Patients
ACTB,HGNC:132,3,,,,,,,,,,,,,,,,,Simons Searchlight
ACTL6B,HGNC:160,3,,,,,,,,,,,,,,,,,Simons Searchlight ACTL6B Facebook community
ADCY5,HGNC:236,3,,,,,,,,,,,,,,,,,ADCY5.org
AGO1,HGNC:3262,3,,,,,,,,,,,,,,,,,AGO Alliance
AHDC1,HGNC:25230,3,,,,,,,,,,,,,,,,,Xia-Gibbs Society
ANKRD11,HGNC:21316,3,,,,,,,,,,,,,,,,,ANKRD11 Foundation
ARG1,HGNC:663,3,,,,,,,,,,,,,,,,,National Urea Cycle Disorders Foundation (NUCDF); Support ARG1-D
ASH1L,HGNC:19088,3,,,,,,,,,,,,,,,,,Care4ASH1L; Simons Searchlight Community
ASXL2,HGNC:23805,3,,ASXL Rare Research Endowment (ARRE) Foundation,https://www.arrefoundation.org,ASXL natural history study and biobank; Simons Searchlight,https://arrefoundation.org/research/asxl-related-disorders-natural-history-study-and-biobank/,,,,,,,,,,,,ARRE Foundation
ASXL3,HGNC:29357,3,,ASXL Rare Research Endowment (ARRE) Foundation,https://www.arrefoundation.org,ASXL3 natural history study and biobank; Simons Searchlight,https://arrefoundation.org/study/simons-searchlight-asxl3-registry/,,,,,,,,,,,,ARRE Foundation; Bainbridge-Ropers Syndrome and ASXL3 Families
ATN1,HGNC:3033,3,,,,,,,,,,,,,,,,,CureDRPLA
ATP6AP2,HGNC:18305,3,,,,,,,,,,,,,,,,,v-ATPase Alliance
ATP6V0A1,HGNC:865,3,,,,,,,,,,,,,,,,,v-ATPase Alliance
ATP6V0C,HGNC:855,3,,,,,,,,,,,,,,,,,v-ATPase Alliance
ATP6V1B2,HGNC:854,3,,,,,,,,,,,,,,,,,v-ATPase Alliance
AUTS2,HGNC:14262,3,,,,,,,,,,,,,,,,,AUTS2 Syndrome- Promoting Research Facebook Group
CACNA1C,HGNC:1390,3,,,,,,,,,,,,,,,,,Timothy Syndrome Alliance
CAPRIN1,HGNC:6743,3,,,,,,,,,,,,,,,,,CAPRIN1 Foundation
CCM2,HGNC:21708,3,,,,,,,,,,,,,,,,,Angioma Alliance
CHD3,HGNC:1918,3,,,,,,,,,,,,,,,,,CHD3 Families (Snijders Blok Campeau Syndrome)
CIC,HGNC:14214,3,,,,,,,,,,,,,,,,,Simons Searchlight CIC Facebook community
CLCN4,HGNC:2022,3,,,,,,,,,,,,,,,,,Cure CLCN4
CNOT3,HGNC:7879,3,,,,,,,,,,,,,,,,,Simons Searchlight Community (2)
CREBBP,HGNC:2348,3,,,,,,,,,,,,,,,,,Simons Searchlight Community (3)
CRELD1,HGNC:14630,3,,,,,,,,,,,,,,,,,CRELD1 Warriors
CUL3,HGNC:2553,3,,CUL3 Support and Awareness,https://www.cul3.org,CUL3 research participation (Simons Searchlight),https://www.cul3.org/participate-in-research,,,,,,,,,,,,CUL3 Support & Awareness Foundation
CYFIP2,HGNC:13760,3,,CYFIP2 Network,https://www.cyfip2network.org/,CYFIP2 registry (Take Action),https://www.cyfip2network.org/take-action,,,,,,,,,,,,CYFIP2 Network
DHDDS,HGNC:20603,3,,Cure DHDDS,https://www.curedhdds.org,DHDDS patient registry (CoRDS / Sanford Research),https://www.curedhdds.org/patient-registry/,,,,,,,,,,,,Cure DHDDS; Cure DHDDS USA
DYNC1H1,HGNC:2961,3,,DYNC1H1 Association,https://www.dync1h1.org/,DYNC1H1 registry,https://www.dync1h1.org/registry,,,,,,,,,,,,DYNC1H1 Association; DYNC1H1 Gene Mutation Family Support Group
EARS2,HGNC:29419,3,,,,,,,,,,,,,,,,,CureARS
EIF3F,HGNC:3275,3,,,,,,,,,,,,,,,,,EIF3F Research Foundation
FAM177A1,HGNC:19829,3,,FAM177A1 Research Fund,https://www.fam177a1.org/,FAM177A1 data collection (RARE-X),https://www.fam177a1.org/fam177a1-patient-data-collection,,,,,,,,,,,,FAM177A1 Collaborative Research Network; FAM177A1 Research Fund
FARS2,HGNC:21062,3,,,,,,,,,,,,,,,,,CureARS
FBXL4,HGNC:13601,3,,,,,,,,,,,,,,,,,FBXL4 parent community group; United Mitochondrial Disease Foundation
FBXO11,HGNC:13590,3,,,,,,,,,,,,,,,,,Comunidad Simons Searchlight
FUCA1,HGNC:4006,3,,,,,,,,,,,,,,,,,International Society for Mannosidosis & Related Diseases; UK MPS Society
GABRB2,HGNC:4082,3,,Cure GABRB2,https://www.curegabrb2.org/,,,,,,,,,,,,,,Cure GABA A Variants
GAMT,HGNC:4136,3,,,,,,,,,,,,,,,,,ACD
GRIA1,HGNC:4571,3,,,,,,,,,,,,,,,,,CureGRIN; GRI France; GRIA1 Facebook Group
GRIA2,HGNC:4572,3,,,,,,,,,,,,,,,,,CureGRIN; GRI France
GRIA3,HGNC:4573,3,,,,,,,,,,,,,,,,,CureGRIN; GRI France; GRIA3 Facebook Group
GRIA4,HGNC:4574,3,,,,,,,,,,,,,,,,,CureGRIN
GRIK2,HGNC:4580,3,,,,,,,,,,,,,,,,,CureGRIN; GRI France
HIVEP2,HGNC:4921,3,,,,,,,,,,,,,,,,,Hope for HIVEP2
HNRNPH2,HGNC:5042,3,,HNRNP Family Foundation,https://www.hnrnp.org/,HNRNP natural history study (Geneial),https://hnrnp.org/natural-history-study,,,,,,,,,,,,Yellow Brick Road Project
HNRNPK,HGNC:5044,3,,HNRNP Family Foundation,https://www.hnrnp.org/,HNRNP natural history study (Geneial),https://hnrnp.org/natural-history-study,,,,,,,,,,,,HNRNP-Related Parent Connect
HNRNPR,HGNC:5047,3,,HNRNP Family Foundation,https://www.hnrnp.org/,HNRNP natural history study (Geneial),https://hnrnp.org/natural-history-study,,,,,,,,,,,,HNRNP-Related Parent Connect
HRAS,HGNC:5173,3,,,,,,,,,,,,,,,,,Costello Kids; Costello Syndrome Family Network (CSFN)
IRF2BPL,HGNC:14282,3,,,,,,,,,,,,,,,,,Asociación Española IRF2BPL; EllysTeam; IRF2BPL Foundation; Lihi’s Smile; Stand by Eli Foundation; Tough Genes; Yellow for Yiannis; iDREAM For a Cure Foundation
JARID2,HGNC:6196,3,,,,,,,,,,,,,,,,,Simons Foundation; Simons Searchlight
KANSL1,HGNC:24565,3,,,,,,,,,,,,,,,,,KDVS Foundation
KAT6A,HGNC:13013,3,,,,,,,,,,,,,,,,,KAT6 Foundation
KCNC1,HGNC:6233,3,,,,,,,,,,,,,,,,,KCNC1 Foundation
KDM5C,HGNC:11114,3,,,,,,,,,,,,,,,,,KARES Foundation
KMT2A,HGNC:7132,3,,,,,,,,,,,,,,,,,Wiedemann-Steiner Foundation
KMT2C,HGNC:13726,3,,,,,,,,,,,,,,,,,KMT2C Foundation
KMT2E,HGNC:18541,3,,,,,,,,,,,,,,,,,KMT2E Foundation O’Donnell-Luria-Rodan Syndrome
KMT5B,HGNC:24283,3,,,,,,,,,,,,,,,,,Simons Searchlight
KPTN,HGNC:6404,3,,KPTN Alliance,https://kptnalliance.org/,,,,,,,,,,,,,,KPTN Alliance
LAMA2,HGNC:6482,3,,,,,,,,,,,,,,,,,CMD Turkey; Cure CMD; ImpulsaT; LAMA2 France; Olivia Bloomfield Foundation; Struggle Against Muscular Dystrophy LAMA2/UK; Voor Sara
MANBA,HGNC:6831,3,,,,,,,,,,,,,,,,,International Society for Mannosidosis & Related Diseases; Lost Enzyme Project
MAST1,HGNC:19034,3,,,,,,,,,,,,,,,,,MAST Foundation; MAST1 Facebook Group
MAST3,HGNC:19036,3,,,,,,,,,,,,,,,,,MAST Foundation
MAST4,HGNC:19037,3,,,,,,,,,,,,,,,,,MAST Foundation
MBD5,HGNC:20444,3,,,,,,,,,,,,,,,,,MAND Caregiver Support Network
MED12,HGNC:11957,3,,,,,,,,,,,,,,,,,MED12 Foundation
MYT1L,HGNC:7623,3,,,,,,,,,,,,,,,,,Simons Searchlight Community (4); Extra-Vaillants MYT1L; MYT1L Project
NAA15,HGNC:30782,3,,,,,,,,,,,,,,,,,NAA15 Families Together; Simons Searchlight Community - NAA15 Facebook group
NALCN,HGNC:19082,3,,Channeling Hope,https://www.channelinghope.org,NALCN registry (CRID; REDCap; RareX),https://www.channelinghope.org/patient-research/,,,,,,,,,,,,CHF
NARS1,HGNC:7643,3,,The Rory Belle Foundation,https://www.rorybelle.org,,,,,,,,,,,,,,Rory Belle Foundation
NBEA,HGNC:7648,3,,,,,,,,,,,,,,,,,NBEA Facebook group
NCKAP1,HGNC:7666,3,,,,,,,,,,,,,,,,,Simons Searchlight NCKAP1 Facebook community
NEXMIF,HGNC:29433,3,,,,,,,,,,,,,,,,,NEXMIF ITALIA odv; Unione Italiana Nexmif; XLID98 Foundation
NF1,HGNC:7765,3,,,,,,,,,,,,,,,,,Children’s Tumor Foundation; CureNFwithJack; NF Network
NPC1,HGNC:7897,3,,,,,,,,,,,,,,,,,Fundacion Niemann-Pick; Niemann-Pick Disease Group
NR4A2,HGNC:7981,3,,CureNURR1,https://www.curenurr1.org/,NR4A2 data platform (Citizen Health),https://www.citizen.health/ai-advocate/curenurr1,,,,,,,,,,,,CureNURR1; NR4A2 PAG
NUS1,HGNC:21042,3,,NUS1 Foundation,https://www.nus1foundation.org/,NUS1 Foundation Patient Registry,https://www.nus1foundation.org/patientregistry,,,,,,,,,,,,NUS1 Foundation
PACS1,HGNC:30032,3,,,,,,,,,,,,,,,,,PACS1 Foundation
PACS2,HGNC:23794,3,,,,,,,,,,,,,,,,,PACS2 Research Foundation
PAX6,HGNC:8620,3,,,,,,,,,,,,,,,,,ANA; IWSA
PHF21A,HGNC:24156,3,,,,,,,,,,,,,,,,,PHF21A Facebook group
PMM2,HGNC:9115,3,,,,,,,,,,,,,,,,,Maggie's Cure
POGZ,HGNC:18801,3,,,,,,,,,,,,,,,,,White Sutton Syndrome Foundation
POLG2,HGNC:9180,3,,,,,,,,,,,,,,,,,PolG Foundation
PPP2R1A,HGNC:9302,3,,,,,,,,,,,,,,,,,PPP2R5D Foundation
PPP2R5C,HGNC:9311,3,,,,,,,,,,,,,,,,,PPP2R5D Foundation
PPP3CA,HGNC:9314,3,,,,,,,,,,,,,,,,,PPP3CA Hope Foundation
RAB18,HGNC:14244,3,,,,,,,,,,,,,,,,,Warburg Micro Foundation
RAB3GAP1,HGNC:17063,3,,,,,,,,,,,,,,,,,Warburg Micro Foundation
RAB3GAP2,HGNC:17168,3,,,,,,,,,,,,,,,,,Warburg Micro Foundation
RARS2,HGNC:21406,3,,,,,,,,,,,,,,,,,CureARS; United Mitochondrial Disease Foundation
RERE,HGNC:9965,3,,,,,,,,,,,,,,,,,Simons Searchlight Community - RERE Facebook Group
RORB,HGNC:10259,3,,,,,,,,,,,,,,,,,RORB Facebook group
SETD5,HGNC:25566,3,,,,,,,,,,,,,,,,,Simons Searchlight Community (5)
SMARCB1,HGNC:11103,3,,,,,,,,,,,,,,,,,Coffin Siris Syndrome Facebook support group
SMARCC2,HGNC:11105,3,,,,,,,,,,,,,,,,,Coffin Siris Syndrome Facebook support group; Coffin-Siris Syndrome Foundation; Simons Searchlight Community (6)
SMS,HGNC:11123,3,,,,,,,,,,,,,,,,,Parents and Researchers Interested in Smith-Magenis Syndrome
SNAP25,HGNC:11132,3,,,,,,,,,,,,,,,,,Snap25 Foundation
SON,HGNC:11183,3,,,,,,,,,,,,,,,,,ZTTK SON-Shine Foundation
STAG1,HGNC:11354,3,,,,,,,,,,,,,,,,,STAG1 Gene Foundation
SURF1,HGNC:11474,3,,,,,,,,,,,,,,,,,Cure Mito
SYT1,HGNC:11509,3,,,,,,,,,,,,,,,,,BAGOS Foundation
TANC2,HGNC:30212,3,,,,,,,,,,,,,,,,,TANC2 Facebook group; TANC2 - Private Facebook group
TAOK1,HGNC:29259,3,,,,,,,,,,,,,,,,,TAOK1 Facebook group
TARS2,HGNC:30740,3,,,,,,,,,,,,,,,,,United Mitochondrial Disease Foundation
TBCD,HGNC:11581,3,,,,,,,,,,,,,,,,,TBCD Foundation
TLK2,HGNC:11842,3,,,,,,,,,,,,,,,,,Simons Searchlight TLK2 Facebook community
TUBB3,HGNC:20772,3,,,,,,,,,,,,,,,,,TUBB3 Foundation
UGDH,HGNC:12525,3,,,,,,,,,,,,,,,,,Progetto Flavia; UGDH Foundation; UGDH Italia
UPF3B,HGNC:20439,3,,,,,,,,,,,,,,,,,Simons Searchlight UPF3B Facebook community
VAMP2,HGNC:12643,3,,,,,,,,,,,,,,,,,Raging Raymond Foundation
WARS2,HGNC:12730,3,,,,,,,,,,,,,,,,,United Mitochondrial Disease Foundation
