org_name,gene,url,country,org_type,natural_history_study,notes
17q12 Foundation,,http://www.chromo17q12.org/,United States of America,foundation,unknown,EveryCure RDNP list; focus: 17q12 deletion syndrome; founded 2017
1p36 Deletion Support & Awareness,,http://www.1p36dsa.org/,United States of America,foundation,unknown,EveryCure RDNP list; focus: 1p36 Deletion Syndrome; founded 2009
A Cure for Ellie,,https://acureforellie.org/,United States of America,foundation,yes,EveryCure RDNP list; focus: Leukoencephalopathy with Brain Stem and Spinal Cord Involvement and Lactate Elevation; founded 2013
ACDY5.org,ACDY5;ADCY5,https://www.adcy5.org/,United States of America,foundation,yes,EveryCure RDNP list; focus: ADCY5-related dyskinesia; biobank; founded 2017
ADNP-Kids Research Foundation,ADNP,https://www.adnpfoundation.org/,United States of America,foundation,no,EveryCure RDNP list; focus: Helsmoortel Van Der Aa Syndrome; founded 2016
ALD Alliance,,https://www.aldalliance.org/,United States of America,foundation,yes,EveryCure RDNP list; focus: Adrenoleukodystrophy; founded 2013
ALD Connect,,https://aldconnect.org/,United States of America,foundation,yes,EveryCure RDNP list; focus: Adrenoleukodystrophy; biobank; founded 2013
"Angelman Syndrome Foundation, Inc.",,https://www.angelman.org/,United States of America,foundation,yes,EveryCure RDNP list; focus: Angelman Syndrome; founded 1992
AXYS,,https://genetic.org/,United States of America,foundation,unknown,EveryCure RDNP list; focus: Sex Chromosome Aneuploidy disorders; founded 1989
Batten Disease Support and Research Association,,https://www.bdsra.org/,United States of America,foundation,unknown,EveryCure RDNP list; focus: Batten disease; founded 1987
Beyond Batten Disease Foundation,,https://beyondbatten.org,United States of America,foundation,yes,EveryCure RDNP list; focus: Batten disease; founded 2016
Bridge the Gap – SYNGAP Education and Research Foundation,SYNGAP1,https://www.bridgesyngap.org,United States of America,foundation,yes,EveryCure RDNP list; focus: SYNGAP1-reated syndrome; founded 2014
CACNA1A Foundation,CACNA1A,https://www.cacna1a.org/,United States of America,foundation,yes,EveryCure RDNP list; focus: CACNA1A-related disorders; biobank; founded 2020
CADASIL Together We Have Hope,,https://www.cadasilfoundation.org/,United States of America,foundation,yes,EveryCure RDNP list; focus: Cerebral autosomal dominant arteriopathy with subcortical infarcts and leukoencephalopathy; biobank; founded 1995
CHAMP1 Research Foundation,CHAMP1,https://champ1foundation.org/,United States of America,foundation,yes,"EveryCure RDNP list; focus: Developmental delay, hypotonia, cerebral palsy, autism, and epilepsy among many other diagnoses a result of a change in the CHAMP1 gene.; biobank; founded 2018"
Charlotte & Gwenyth Gray Foundation to Cure Batten Disease,,https://www.curebatten.org/,United States of America,foundation,unknown,EveryCure RDNP list; focus: Batten disease; founded 2016
Cheyanna’s Champions 4 Children (CC4C),CC4C,https://www.cc4c.org/,United States of America,foundation,unknown,EveryCure RDNP list; focus: Rare diseases NOS; founded 2012
Chromosome 18 Registry & Research Society,,https://www.chromosome18.org/,United States of America,foundation,unknown,"EveryCure RDNP list; focus: The organizations focuses on chromosome 18 conditions. These include 18p-, 18q-, Ring 18, Tetrasomy 18p, Trisomy 18,  Pitt Hopkins Syndrome, translocations, par; founded 1990"
"Chromosome Disorder Outreach, Inc.",,https://chromodisorder.org/,United States of America,foundation,unknown,EveryCure RDNP list; focus: Chromosome disorders NOS; founded 1992
Citizens United for Research in Epilepsy,,https://www.cureepilepsy.org/,United States of America,foundation,unknown,EveryCure RDNP list; focus: Rare epilepsy; founded 1998
COL4A1 Foundation,COL4A1,https://gouldsyndromefoundation.org/,United States of America,foundation,yes,EveryCure RDNP list; focus: Gould syndrome; founded 2018
COMBINEDBrain,ADNP;CACNA1A;CHAMP1;FOXG1;GRIN2B;HNRNPH2;KIF1A;NR2F1;SATB2;SCN2A;SCN8A;SETBP1;SLC6A1;STXBP1;SYNGAP1,https://combinedbrain.org/,United States of America,foundation,yes,EveryCure RDNP list; focus: The websites mission statement states that there interest is in severe rare genetic non-verbal neurodevelopmental disorders. Based on their research projects th; biobank; founded 2019
Connecting Families Urea Cycle Disorders Foundation,CPS1,https://ucdfamily.org/,United States of America,foundation,unknown,"EveryCure RDNP list; focus: Urea cycle disorders (UCDs), a group of inborn errors of metabolism affecting the detoxification of nitrogen. Six examples of specific disorders, related to enz; founded 2016"
Consortium for Outcome Measures and Biomarkers for Neurodevelopmental Disorders,,https://www.combinedbrain.org/,United States of America,foundation,yes,EveryCure RDNP list; focus: Rare developmental disorders; founded 2018
CSNK2A1 Foundation,CSNK2A1,https://www.csnk2a1foundation.org/,United States of America,foundation,yes,EveryCure RDNP list; focus: Okur-Chung neurodevelopmental syndrome; founded 2018
CTNNB1 Syndrome Awareness Worldwide,CTNNB1,https://www.ctnnb1.org/,United States of America,foundation,unknown,EveryCure RDNP list; focus: CTNNB1 Syndrome; founded 2017
Cure CMT4J/ Talia Duff Foundation,CMT4J,http://www.curecmt4j.org/,United States of America,foundation,unknown,EveryCure RDNP list; focus: Charcot-Marie-Tooth disease; founded 2016
Cure GM1 Foundation,GM1,https://curegm1.org/,United States of America,foundation,yes,EveryCure RDNP list; focus: GM1 gangliosidosis; biobank; founded 2015
cureCADASIL,,https://curecadasil.org,United States of America,foundation,yes,EveryCure RDNP list; focus: Cerebral autosomal dominant arteriopathy with subcortical infarcts and leukoencephalopathy; founded 2012
CureSHANK,SHANK1;SHANK2;SHANK3,https://www.cureshank.org/,United States of America,foundation,unknown,"EveryCure RDNP list; focus: Shankopathies are SHANK protein deficiency-induced synaptic diseases.  The SHANK protein family includes three members:  SHANK1, SHANK2, and SHANK3. Shankopathi; founded 2019"
DADA2 Foundation,DADA2,https://dada2.org/,United States of America,foundation,unknown,EveryCure RDNP list; focus: Deficiency of Adenosine Deaminase 2; founded 2016
DDX3X Foundation,DDX3X,https://ddx3x.org/,United States of America,foundation,yes,EveryCure RDNP list; focus: DDX3X syndrome; biobank; founded 2015
"Dravet Syndrome Foundation, Inc.",,https://www.dravetfoundation.org/,United States of America,foundation,yes,EveryCure RDNP list; focus: Dravet syndrome; biobank; founded 2009
DYRK1A Syndrome US,DYRK1A,http://www.dyrk1a.org/,United States of America,foundation,unknown,EveryCure RDNP list; focus: DYRK1A Syndrome; founded 2016
EBF3 HADDS Foundation,EBF3,https://www.hadds.org/,United States of America,foundation,unknown,EveryCure RDNP list; focus: Hypotonia Ataxia and Delayed Development Syndrome; founded 2018
Epilepsy Alliance America,,https://www.epilepsyallianceamerica.org/,United States of America,foundation,unknown,EveryCure RDNP list; focus: Rare epilepsy; founded 2018
Ethan’s Reason,,https://ethansreason.org/,United States of America,foundation,unknown,EveryCure RDNP list; focus: Batten disease; founded 2014
FamilieSCN2A Foundation,SCN2A,https://www.scn2a.org/,United States of America,foundation,unknown,EveryCure RDNP list; focus: SCN2A related disorders; founded 2015
ForeBatten Foundation,,https://www.forebatten.org/,United States of America,foundation,unknown,EveryCure RDNP list; focus: Batten disease; founded 2018
Foundation for Angelman Syndrome Therapeutics (FAST),,https://cureangelman.org/,United States of America,foundation,yes,EveryCure RDNP list; focus: Angelman Syndrome; founded 2008
Foundation for Batten Hope,,https://battenhope.org/,United States of America,foundation,unknown,EveryCure RDNP list; focus: Batten disease; founded 2019
Foundation to Fight H-abc,TUBB4A,https://www.h-abc.org/,United States of America,foundation,yes,EveryCure RDNP list; focus: Hypomyelination with atrophy of the basal ganglia and cerebellum (H-ABC) and other TUBB4A-related leukodystrophies; founded 2015
Gene Giraffe Project,GM1,http://www.genegiraffe.org/,United States of America,foundation,unknown,EveryCure RDNP list; focus: GM1-Gangliosidosis; founded 2013
Gould Syndrome Foundation (COL4a1/COL4A2),COL4A2,https://gouldsyndromefoundation.org/,United States of America,foundation,yes,EveryCure RDNP list; focus: Gould syndrome; founded 2018
GRIN2B Foundation,GRIN2B,https://curegrin.org/,United States of America,foundation,unknown,EveryCure RDNP list; focus: GRIN Disorder; founded 2018
"Helping Hands for GAND, Inc.",GATAD2B,https://www.gatad2b.org/,United States of America,foundation,yes,EveryCure RDNP list; focus: GATAD2B-associated neurodevelopmental disorder; founded 2015
Hope for Trisomy 13 & 18,,https://www.hopefortrisomy13and18.org/,United States of America,foundation,yes,"EveryCure RDNP list; focus: Trisomy 13, Trisomy 18, and other rare trisomies and related chromosome disorders; founded 2009"
Hope4tylerandluke - Med 23 gene defect,MED23,http://www.hope4tylerandluke.com/,United States of America,foundation,unknown,EveryCure RDNP list; focus: MED23 gene-diseases; founded 2016
HSAN1E Society,HSAN1E,https://hsan1esociety.org/,United States of America,foundation,yes,EveryCure RDNP list; focus: Hereditary Sensory and Autonomic Neuropathy Type 1E; founded 2015
INADcure Foundation,PLA2G6,https://www.inadcure.org/,United States of America,foundation,yes,EveryCure RDNP list; focus: PLA2G6-related neurodegeneration; biobank; founded 2016
International Foundation for CDKL5 Research,CDKL5,https://www.cdkl5.com/,United States of America,foundation,yes,EveryCure RDNP list; focus: CDKL5 Deficiency Disorder; biobank; founded 2009
International FOXG1 Foundation,FOXG1,https://foxg1.org/,United States of America,foundation,yes,EveryCure RDNP list; focus: FOXG1 syndrome; founded 2012
International Rett Syndrome Foundation,,https://www.rettsyndrome.org,United States of America,foundation,yes,EveryCure RDNP list; focus: Rett Syndrome; biobank; founded 1983
IRF2BPL Foundation - IRF2BPL Disorder,IRF2BPL,https://irf2bpl.zohosites.com/,United States of America,foundation,yes,EveryCure RDNP list; focus: IRF2BPL-related disorders; founded 2019
Jain Foundation - Limb Girdle Muscular Dystrophy type 2B/R2/Mioyshi Myopathy/Dysferlinopathy,LGMD2B;LGMDR2;MM1,https://www.jain-foundation.org/,United States of America,foundation,yes,"EveryCure RDNP list; focus: The set of dystrophies called dysferlinopathy, also referred to as LGMD2B, LGMDR2, or Miyoshi Myopathy 1 (MM1).; biobank; founded 2005"
"Jordan's Guardian Angels - Jordan's Syndrome; Genetic misspelling of the genes PPP2R5D, PPP2R1A, PPP2R5C",PPP2R1A;PPP2R5C;PPP2R5D,https://jordansguardianangels.org/,United States of America,foundation,unknown,EveryCure RDNP list; focus: Jordan's Syndrome; founded 2013
Judson’s Legacy – Krabbe’s Disease,,https://judsonslegacy.org/,United States of America,foundation,unknown,EveryCure RDNP list; focus: Krabbe and other leukodystrophy diseases; founded 2011
KAT6A Foundation,KAT6A,https://kat6a.org/,United States of America,foundation,yes,EveryCure RDNP list; focus: KAT6a Syndrome; founded 2017
KCNQ2 Cure,KCNQ2,https://www.kcnq2cure.org/,United States of America,foundation,yes,EveryCure RDNP list; focus: KCNQ2-related Epilepsy; founded 2014
KIF1A.ORG,KIF1A,https://www.kif1a.org/,United States of America,foundation,yes,EveryCure RDNP list; focus: KIF1A-Associated Neurological Disorder; biobank; founded 2016
KIF4A Foundation - KIF4A Associated Neurodevelopmental Syndrome (KANS),KIF4A,https://kif4a.org/,United States of America,foundation,unknown,EveryCure RDNP list; focus: KIF4A gene mutation disorders; founded 2020
Lightning and Love Foundation - Advocacy and research into THAP12 mutation related disease,THAP12,http://www.lightningandlove.org,United States of America,foundation,unknown,"EveryCure RDNP list; focus: Retinitis Pigmentosa 58, Schimmelpenning-Feuerstein-Mims Syndrome; founded 2020"
Liv4TheCure,,https://www.liv4thecure.org/,United States of America,foundation,yes,EveryCure RDNP list; focus: Wolf Hirschhorn Syndrome and other rare chromosomal deletion syndromes; founded 2016
MECP2 Duplication Foundation,MECP2,https://mecp2d.org/,United States of America,foundation,yes,EveryCure RDNP list; focus: MECP2 duplication syndrome; founded 2019
MEPAN.org – MEPAN Syndrome,,https://www.mepan.org/,United States of America,foundation,unknown,EveryCure RDNP list; focus: Mitochondrial Enoyl CoA Reductase Protein-Associated Neurodegeneration (MEPAN) Syndrome; founded 2019
"Mickie’s Miracles - Infantile Spasms, Pediatric Epilepsy",,https://mickiesmiracles.org/,United States of America,foundation,unknown,EveryCure RDNP list; focus: Rare epilepsy; founded 2016
Mission Massimo Foundation – Leukodystrophy,,https://missionmassimo.com/,United States of America,foundation,unknown,EveryCure RDNP list; focus: Leukodystrophies; founded 2013
MitoAction,,https://www.mitoaction.org/,United States of America,foundation,unknown,EveryCure RDNP list; focus: There are many different types of Mitochondrial disease; founded 2005
MLD Foundation,,MLD Foundation,United States of America,foundation,yes,EveryCure RDNP list; focus: Metachromatic leukodystrophy; founded 2001
"Mucolipidosis Type IV Foundation, Inc. (ML4Fdn)",ML4,http://ml4.org/,United States of America,foundation,yes,EveryCure RDNP list; focus: ML4 (Mucolipidosis Type IV); biobank; founded 1982
Nathan's Battle Foundation,,https://nathansbattle.com/,United States of America,foundation,unknown,EveryCure RDNP list; focus: Late Infantile Batten disease; founded 2012
"National Tay-Sachs and Allied Diseases Association, Inc.",GM1,https://www.ntsad.org/,United States of America,foundation,yes,"EveryCure RDNP list; focus: Tay-Sachs, Canavan, GM1, Sandhoff, and Farber diseases; biobank; founded 1957"
New Hope Research Foundation,GM1,http://newhoperesearch.org/,United States of America,foundation,unknown,EveryCure RDNP list; focus: GM1 gangliosidosis; founded 2006
NGLY1.org,NGLY1,https://www.ngly1.org/,United States of America,foundation,unknown,EveryCure RDNP list; focus: Rare Disease NOS; founded 2021
Noah’s Hope-Hope 4 Bridget Foundation – Batten Disease,,https://hope4bridget.com/,United States of America,foundation,unknown,EveryCure RDNP list; focus: Batten disease; founded 2014
NR2F1 Foundation - Bosch Boonstra Schaaf optic atrophy syndrome,NR2F1,https://nr2f1.org/,United States of America,foundation,unknown,EveryCure RDNP list; focus: Bosch-Boonstra-Schaaf optic atrophy syndrome (BBSOAS); founded 2018
NUBPL Foundation,,http://www.nubpl.org/,United States of America,foundation,unknown,EveryCure RDNP list; focus: mitochondrial complex 1 deficiency disorder.; founded 2016
PCDH19 Alliance,PCDH19,https://www.pcdh19info.org/,United States of America,foundation,yes,EveryCure RDNP list; focus: PCDH19 Epilepsy; founded 2011
PURA Syndrome Foundation,PURA,https://www.purasyndrome.org/,United States of America,foundation,yes,EveryCure RDNP list; focus: PURA syndrome; biobank; founded 2016
Rett Syndrome Research Trust,,https://reverserett.org/,United States of America,foundation,unknown,EveryCure RDNP list; focus: Rett Syndrome; founded 2008
Ring 14 USA,,https://ring14usa.com/,United States of America,foundation,yes,EveryCure RDNP list; focus: Chromosome 14 Anomalies; biobank; founded 2011
RUNX1 Research Program - RUNX1-Familial Platelet Disorder,RUNX1,https://www.runx1-fpd.org/,United States of America,foundation,unknown,"EveryCure RDNP list; focus: RUNX1-familial platelet disorder (RUNX1-FPD), Acute Myeloid Leukemia (AML); biobank; founded 2016"
SATB2 Gene Foundation,SATB2,https://satb2gene.org/,United States of America,foundation,yes,EveryCure RDNP list; focus: Rare neurodevelopmental disorders; biobank; founded 2017
SETBP1 Society,SETBP1,https://www.setbp1.org/,United States of America,foundation,yes,EveryCure RDNP list; focus: SETBP1 haploinsufficiency disorder; founded 2017
Sisters' Hope Foundation - Adult Onset Leukoencephalopathy with Axonal Spheroids and Pigmented Glia,,https://sistershopefoundation.com/,United States of America,foundation,yes,EveryCure RDNP list; focus: Adult-onset leukoencephalopathy with axonal spheroids and pigmented glia; biobank; founded 2020
SLC6A1 Connect,SLC6A1,https://slc6a1connect.org/,United States of America,foundation,yes,EveryCure RDNP list; focus: SLC6A1 epileptic encephalopathy; founded 2018
SMC1A Foundation - SMC1A Loss-of-function Epilepsy,SMC1A,https://smc1a-epilepsy.org/,United States of America,foundation,yes,EveryCure RDNP list; focus: SMC1A mutation disorders; founded 2019
SPG15 Research Foundation - SPG15,SPG15,https://www.spg15researchfoundation.org/,United States of America,foundation,unknown,EveryCure RDNP list; focus: Hereditary Spastic Paraplegia Type 15; founded 2018
Stop ALD Foundation,,http://www.stopald.org/,United States of America,foundation,yes,EveryCure RDNP list; focus: Adrenoleukodystrophy; founded 2002
STXBP1 Foundation,STXBP1,https://www.stxbp1disorders.org/,United States of America,foundation,yes,EveryCure RDNP list; focus: STXBP1 disorders; biobank; founded 2017
Super Kids: Mission Zero Inc.,,https://www.superkidsmissionzero.org/,United States of America,foundation,unknown,EveryCure RDNP list; focus: Rare epilepsy; founded 2017
"Support Organization for Trisomy 18, 13 & Related Diseases",,https://trisomy.org/new-here/,United States of America,foundation,yes,"EveryCure RDNP list; focus: Trisomy ('three bodies') means the affected person has 47 chromosomes instead of 46. Down syndrome, Edward syndrome and Patau syndrome are the most common forms; founded 1980"
SynGap Research Fund - SynGap,SYNGAP1,https://www.syngapresearchfund.org/,United States of America,foundation,yes,EveryCure RDNP list; focus: SYNGAP1-reated syndrome; founded 2018
TANGO2 Research Foundation,TANGO2,https://tango2research.org/,United States of America,foundation,yes,EveryCure RDNP list; focus: TANGO2-related metabolic encephalopathy and arrhythmias; founded 2017
Taylor’s Tale,,https://taylorstale.org,United States of America,foundation,unknown,EveryCure RDNP list; focus: Batten disease; founded 2013
Tess Research Foundation,SLC13A5,https://www.tessresearch.org/,United States of America,foundation,yes,EveryCure RDNP list; focus: SLC13A5 Deficiency (aka Citrate Transporter Disorder); biobank; founded 2015
"The 22q Family Foundation – 22q11.2 deletion, DiGeorge Syndrome, VCFS",,https://22qfamilyfoundation.org,United States of America,foundation,unknown,EveryCure RDNP list; focus: DiGeorge syndrome; founded 2012
The Bow Foundation,GNAO1,https://gnao1.org/,United States of America,foundation,yes,"EveryCure RDNP list; focus: The Bow Foundation supports GNAO1 families by raising awareness, enhancing research, and fostering community.; founded 2017"
The Brain Recovery Project,,https://www.brainrecoveryproject.org/,United States of America,foundation,unknown,EveryCure RDNP list; focus: Rare pediatric epilepsy; founded 2011
The Calliope Joy Foundation,,https://www.thecalliopejoyfoundation.org/,United States of America,foundation,unknown,EveryCure RDNP list; focus: Leukodystrophies; founded 2016
The Chromosome 18 Registry & Research Society,,https://www.chromosome18.org/,United States of America,foundation,unknown,EveryCure RDNP list; focus: Chromosome 18 abnormalities; founded 2015
The TBCK Foundation,TBCK,https://tbckfoundation.com/,United States of America,foundation,unknown,EveryCure RDNP list; focus: TBCK; founded 2018
The Yaya Foundation for 4H Leukodystrophy,POLR3,https://yayafoundation4hl.org/,United States of America,foundation,yes,EveryCure RDNP list; focus: POLR3-Related Leukodystrophy; founded 2017
TUBB3 Foundation,TUBB3,https://tubb3foundation.org/,United States of America,foundation,unknown,EveryCure RDNP list; focus: TUBB3 and multiple variations of the disease; founded 2017
Tyler’s Hope for a Dystonia Cure,DYT1,http://www.tylershope.org/,United States of America,foundation,yes,EveryCure RDNP list; focus: DYT1 Dystonia; founded 2015
United Leukodystrophy Foundation,,https://ulf.org/,United States of America,foundation,yes,EveryCure RDNP list; focus: Leukodystrophies; biobank; founded 1982
United Mitochondrial Disease Foundation,,https://www.umdf.org/,United States of America,foundation,yes,EveryCure RDNP list; focus: Mitochondrial Disease; biobank; founded 1996
USP7 Families,USP7,https://www.usp7.org/,United States of America,foundation,unknown,EveryCure RDNP list; focus: Hao-Fountain Syndrome; founded 2017
Yellow Brick Road Project,HNRNPH2,https://yellowbrickroadproject.org/,United States of America,foundation,yes,EveryCure RDNP list; focus: HNRNPH2-mutation diseases NOS; founded 2019
