org_name,gene,url,notes
Alpha-1 Foundation,,http://alpha1portal.org/,2020 registry survey; registry: No
Als Association,,http://www.alsa.org/,2020 registry survey; registry: Yes
American Brain Tumor Association,,http://abta.org/,2020 registry survey; registry: No
"Aplastic Anemia & MDS International Foundation, Inc",,http://aamds.org/,2020 registry survey; registry: Yes
Association for Frontotemporal Degeneration,,http://theaftd.org/,2020 registry survey; registry: Yes
Barth Syndrome Foundation,,https://www.barthsyndrome.org/,2020 registry survey; registry: Yes
Charcot-Marie-Tooth Association,,http://cmtausa.org/,2020 registry survey; registry: Yes
"Children's Tumor Foundation, Inc",,http://ctf.org/,2020 registry survey; registry: Yes
Cure SMA,,https://www.curesma.org/,2020 registry survey; registry: Yes
CurePSP,,http://psp.org/,2020 registry survey; registry: Yes
Cystic Fibrosis Foundation,,www.cff.org,2020 registry survey; registry: Yes
Dravet Syndrome Foundation,SCN1A,http://dravetfoundation.org,2020 registry survey; registry: Yes
Family Caregiver Alliance,,http://caregiver.org/,2020 registry survey; registry: No
Fanconi Anemia Research Fund,,www.fanconi.org,2020 registry survey; registry: Yes
Foundation Fighting Blindness,,http://FightingBlindness.org,2020 registry survey; registry: Yes
Foundation for Angelman Syndrome Therapeutics,UBE3A,http://cureangelman.org/,2020 registry survey; registry: Yes
Foundation for Prader-Willi Research,,http://fpwr.org,2020 registry survey; registry: Yes
Friedreich's Ataxia Research Alliance,,http://curefa.org/,2020 registry survey; registry: Yes
Hemophilia Federation Of America,,http://hemophiliafed.org/,2020 registry survey; registry: 
Hydrocephalus Association,,http://hydroassoc.org/,2020 registry survey; registry: Yes
Immune Deficiency Foundation,,http://primaryimmune.org/,2020 registry survey; registry: Yes
"International FOP Association, Inc",,http://ifopa.org/,2020 registry survey; registry: Yes
International Rett Syndrome Foundation (dba. Rettsyndrome.org),,http://rettsyndrome.org/,2020 registry survey; registry: No
International Waldenstrom's Macroglobulinemia Foundation,,http://iwmf.com,2020 registry survey; registry: Yes
Marfan Foundation,,http://marfan.org,2020 registry survey; registry: Yes
Melanoma Research Foundation,,www.melanoma.org,2020 registry survey; registry: Yes
MPN Research Foundation,,http://www.mpnresearchfoundation.org/,2020 registry survey; registry: Yes
"Multiple System Atrophy Coalition, Inc",,http://MultipleSystemAtrophy.org,2020 registry survey; registry: Yes
Muscular Dystrophy Association,,http://www.mda.org/,2020 registry survey; registry: 
"Myasthenia Gravis Foundation of America, Inc",,http://myasthenia.org/,2020 registry survey; registry: Yes
National Ataxia Foundation,,http://ataxia.org/,2020 registry survey; registry: Yes
National Brain Tumor Society,,http://braintumor.org,2020 registry survey; registry: No
National Hemophilia Foundation,,https://www.hemophilia.org/,2020 registry survey; registry: No
National MPS Society,,http://mpssociety.org/,2020 registry survey; registry: No
NephCure Kidney International,,http://nephcure.org/,2020 registry survey; registry: Yes
Neuroendocrine Tumor Research Foundation,,http://netrf.org/,2020 registry survey; registry: No
Osteogenesis Imperfecta Foundation,,http://oif.org/,2020 registry survey; registry: No
Parent Project Muscular Dystrophy,,http://parentprojectmd.org/,2020 registry survey; registry: Yes
Patient AirLift Services,,http://www.palservices.org/,2020 registry survey; registry: No (they provide a service)
PKD Foundation,,https://pkdcure.org/,2020 registry survey; registry: Yes
Pulmonary Fibrosis Foundation,,http://pulmonaryfibrosis.org/,2020 registry survey; registry: Yes
Pulmonary Hypertension Association,,http://phassociation.org/,2020 registry survey; registry: Yes
Rett Syndrome Research Trust,,http://rsrt.org,2020 registry survey; registry: Yes
Sarcoma Foundation of America,,http://curesarcoma.org/,2020 registry survey; registry: No
Scleroderma Foundation,,http://scleroderma.org/,2020 registry survey; registry: Yes
Sickle Cell Disease Association of America,,www.sicklecelldisease.org,2020 registry survey; registry: No
"Soft Bones, Inc",,http://softbones.org/,2020 registry survey; registry: Yes
Spina Bifida Association,,www.spinabifidaassociation.org,2020 registry survey; registry: Yes
Taiwan Foundation for Rare Disorders,,www.tfrd.org.tw/english,2020 registry survey; registry: 
The Ehlers-Danlos Society,,https://www.ehlers-danlos.com,2020 registry survey; registry: Yes
Tuberous Sclerosis Alliance,TSC1;TSC2,http://tsalliance.org/,2020 registry survey; registry: Yes
United Mitochondrial Disease Foundation,,http://umdf.org/,2020 registry survey; registry: No
"Amyloidosis Research Consortium, Inc",,www.arci.org,2020 registry survey; registry: No
Castleman Disease Collaborative Network,,http://cdcn.org,2020 registry survey; registry: Yes
Cholangiocarcinoma Foundation,,http://cholangiocarcinoma.org/,2020 registry survey; registry: Yes
CMT Research Foundation,,www.cmtrf.org,2020 registry survey; registry: No
CURE HHT Foundation,,http://curehht.org/,2020 registry survey; registry: No
cutaneous lymphoma foundation,,http://clfoundation.org/,2020 registry survey; registry: No
Cystic Fibrosis Research Inc. (CFRI),,www.cfri.org,2020 registry survey; registry: No
Familial Dysautonomia Foundation,,https://familialdysautonomia.org/,2020 registry survey; registry: No
Fibrolamellar Cancer Foundation,,http://fibrofoundation.org,2020 registry survey; registry: Yes
Foundation for Sarcoidosis Research,,https://www.stopsarcoidosis.org/,2020 registry survey; registry: Website under maintence
GBS|CIDP Foundation International,,http://gbs-cidp.org/,2020 registry survey; registry: Yes
Hepatitis Delta Connect - Hepatitis B Foundation,,www.hepdconnect.org,2020 registry survey; registry: No
"Histiocytosis Association, Inc",,http://histio.org/,2020 registry survey; registry: No
Life Raft Group,,liferaftgroup.org,2020 registry survey; registry: Yes
Mila's Miracle Foundation,,www.stopbatten.org,2020 registry survey; registry: No
"Myelodysplastic Syndromes Foundation, Inc",,http://mds-foundation.org,2020 registry survey; registry: Yes?
Myositis Association,,http://myositis.org/,2020 registry survey; registry: No
Myotonic Dystrophy Foundation,,http://myotonic.org/,2020 registry survey; registry: Yes
National Pku Alliance,,http://npkua.org/,2020 registry survey; registry: Yes
National Tay-Sachs & Allied Diseases Association,,http://ntsad.org,2020 registry survey; registry: No
Platelet Disorder Support Association,,http://pdsa.org/,2020 registry survey; registry: No
Prader-Willi Syndrome Association (USA),,http://pwsausa.org/,2020 registry survey; registry: No
PSC Partners Seeking a Cure,,http://pscpartners.org/,2020 registry survey; registry: Yes
Vasculitis Foundation,,http://vasculitisfoundation.org/,2020 registry survey; registry: Yes
Williams Syndrome Association,,http://williams-syndrome.org,2020 registry survey; registry: Yes
American Porphyria Foundation,,http://porphyriafoundation.com/,2020 registry survey; registry: Yes
ASXL Rare Research Endowment Foundation,,www.arrefoundation.org,2020 registry survey; registry: Yes
Batten Disease Support & Research Association,,http://bdsra.org/,2020 registry survey; registry: Yes
Children's Craniofacial Association,,http://ccakids.com/,2020 registry survey; registry: No
"Cornelia de Lange Syndrome Foundation, Inc",,http://cdlsusa.org/,2020 registry survey; registry: No
Desmoid Tumor Research Foundation,,http://dtrf.org/,2020 registry survey; registry: Yes
Myocarditis Foundation,,http://myocarditisfoundation.org/,2020 registry survey; registry: No
National Foundation for Ectodermal Dysplasias,,https://www.nfed.org/,2020 registry survey; registry: Yes
Neurofibromatosis Northeast,,http://nfnortheast.org/,2020 registry survey; registry: Yes
Oley Foundation,,http://oley.org,2020 registry survey; registry: Yes
"Parent to Parent New Zealand, Inc",,http://www.parent2parent.org.nz/,2020 registry survey; registry: No
Reflex Sympathetic Dystrophy Syndrome Association,,http://rsds.org/,2020 registry survey; registry: No
Sanfilippo Children's Foundation,,http://www.sanfilippo.org.au/,2020 registry survey; registry: Yes
Siegel Rare Neuroimmune Association,,https://wearesrna.org/,2020 registry survey; registry: Yes
Spastic Paraplegia Foundation,,https://sp-foundation.org/,2020 registry survey; registry: No
Sudden Unexplained Death in Childhood Foundation,,https://www.sudc.org,2020 registry survey; registry: yes
VHL Alliance,,http://vhl.org/,2020 registry survey; registry: Yes
Alport Syndrome Foundation,,http://alportsyndrome.org/,2020 registry survey; registry: Yes
Alternating Hemiplegia of Childhood Foundation,,http://ahckids.org/,2020 registry survey; registry: Yes
Amyloidosis Foundation,,http://amyloidosis.org/,2020 registry survey; registry: No
Angioma Alliance,,Angioma.org,2020 registry survey; registry: Yes
Charlotte & Gwenyth Gray Foundation to Cure Batten Disease at The Giving Back Fund,,http://curebatten.org,2020 registry survey; registry: No
Cure Cmd,,www.curecmd.org,2020 registry survey; registry: Yes
Foundation for Ichthyosis and Related Skin Types,,http://firstskinfoundation.org/,2020 registry survey; registry: Yes
Global Foundation for Peroxisomal Disorders,,http://thegfpd.org/,2020 registry survey; registry: No
Hereditary Neuropathy Foundation,,http://hnf-cure.org/,2020 registry survey; registry: Yes
International Pemphigus & Pemphigoid Foundation,,http://pemphigus.org/,2020 registry survey; registry: Yes
"Mastocytosis Society, Inc",,http://tmsforacure.org/,2020 registry survey; registry: Yes
National Niemann-Pick Disease Foundation,,http://nnpdf.org/,2020 registry survey; registry: Yes
Phelan-McDermid Syndrome Foundation,,https://www.pmsf.org/,2020 registry survey; registry: Yes
RYR1 Foundation,,http://ryr1.org,2020 registry survey; registry: Yes
Sickle Cell Association of Texas Marc Thomas Foundation,,www.sicklecelltx.org,2020 registry survey; registry: No
TargetCancer Foundation,,http://targetcancerfoundation.org,2020 registry survey; registry: No
Turner Syndrome Society of the United States,,http://turnersyndrome.org/,2020 registry survey; registry: Yes
Wilson Disease Association,,http://wilsonsdisease.org/,2020 registry survey; registry: Yes
A Cure For Ellie,,www.ACureforEllie.org,2020 registry survey; registry: No
American Partnership for Eosinophilic Disorders,,http://apfed.org/,2020 registry survey; registry: Yes
"Amyloidosis Support Groups, Inc",,http://amyloidosissupport.org/,2020 registry survey; registry: Yes
Appendix Cancer Pseudomyxoma Peritonei Research Foundation,,http://acpmp.org/,2020 registry survey; registry: Yes
Chromosome 18 Registry & Research Society,,http://chromosome18.org/,2020 registry survey; registry: Yes
Congenital Central Hypoventilation Syndrome Family Network,,http://cchsnetwork.org,2020 registry survey; registry: Yes
Congenital Hyperinsulinism International,,http://congenitalhi.org/,2020 registry survey; registry: Yes
CSNK2A1 Foundation,,www.csnk2a1foundation.org,2020 registry survey; registry: Yes - contact registry
"Cystinosis Research Network, Inc",,http://cystinosis.org/,2020 registry survey; registry: No
Dup15q Alliance,,http://dup15q.org/,2020 registry survey; registry: Yes
Erdheim-Chester Disease Global Alliance,,http://erdheim-chester.org/,2020 registry survey; registry: Yes
FamilieSCN2A Foundation,,http://scn2a.org/,2020 registry survey; registry: Yes
Fibrous Dysplasia Foundation,,http://fibrousdysplasia.org/,2020 registry survey; registry: Yes
Glut1 Deficiency Foundation,,http://g1dfoundation.org/,2020 registry survey; registry: Yes
Gorlin Syndrome Alliance,,https://gorlinsyndrome.org/,2020 registry survey; registry: Yes
"Hermansky-Pudlak Syndrome Network, Inc",,http://hpsnetwork.org/,2020 registry survey; registry: Yes
International Foundation for CDKL5 Research,,http://cdkl5.com/,2020 registry survey; registry: 
KIF1A.ORG,,http://www.kif1a.org/home.html,2020 registry survey; registry: Yes
Mitoaction,,http://mitoaction.org/,2020 registry survey; registry: No
"Mucolipidosis Type IV Foundation, Inc",,http://ml4.org/,2020 registry survey; registry: No
National Organization for Albinism & Hypopigmentation,,http://albinism.org/,2020 registry survey; registry: No
NBIA Disorders Association,,http://nbiadisorders.org/,2020 registry survey; registry: Yes
"NTM Info & Research, Inc",,http://ntminfo.org/,2020 registry survey; registry: Yes
Pheo Para Alliance,,www.pheopara.org,2020 registry survey; registry: No
Primary Ciliary Dyskinesia Foundation,,http://pcdfoundation.org,2020 registry survey; registry: Yes
Project 8p,,https://www.project8p.org/,2020 registry survey; registry: Yes
Sam Day Foundation,,samdayfoundation.org,2020 registry survey; registry: No
Sofia Sees Hope,,http://sofiaseeshope.org,2020 registry survey; registry: No
"Talia Duff Foundation, Inc.",,http://www.curecmt4j.org/,2020 registry survey; registry: No
Tess Research Foundation,,http://tessresearch.org,2020 registry survey; registry: Yes
The EHE Foundation,,http://www.fightehe.org/,2020 registry survey; registry: Yes
The Hypersomnia Foundation,,hypersomniafoundation.org,2020 registry survey; registry: Yes
TNA - The Facial Pain Association,,http://fpa-support.org/,2020 registry survey; registry: No
United Leukodystrophy Foundation,,http://ulf.org/,2020 registry survey; registry: No
United MSD Foundation,,http://curemsd.org/,2020 registry survey; registry: No
Vestibular Disorders Association,,http://vestibular.org/,2020 registry survey; registry: Yes
A Cure in Sight,,http://acureinsight.org,2020 registry survey; registry: No
"Acromegaly Community, Inc",,http://acromegalycommunity.com/,2020 registry survey; registry: No
Adrenal Insufficiency United,,http://aiunited.org,2020 registry survey; registry: No
Adult Polyglucosan Body Disease Research Foundation,,http://apbdrf.org/,2020 registry survey; registry: Yes
Alagille Syndrome Alliance,,http://alagille.org/,2020 registry survey; registry: No
American Behcet's Disease Association,,http://behcets.com/,2020 registry survey; registry: No
Amniotic Fluid Embolism Foundation,,https://www.afesupport.org/,2020 registry survey; registry: Yes
Association for Creatine Deficiencies,,http://creatineinfo.org/,2020 registry survey; registry: Yes
Association for Glycogen Storage Disease,,http://agsdus.org/,2020 registry survey; registry: No
Autoimmune Encephalitis Alliance,,Www.aealliance.org,2020 registry survey; registry: No
AutoImmune Hepatitis Association,,http://aihep.org,2020 registry survey; registry: No
Autoinflammatory Alliance,,http://autoinflammatory.org/,2020 registry survey; registry: Yes
AXYS,,genetic.org,2020 registry survey; registry: No
"Benign Essential Blepharospasm Research Foundation, Inc",,http://blepharospasm.org/,2020 registry survey; registry: Yes
Bridge the Gap-SYNGAP Education & Research Foundation,,http://bridgesyngap.org,2020 registry survey; registry: Yes
Calliope Joy Foundation,,http://thecalliopejoyfoundation.org,2020 registry survey; registry: No
Cardio-Facio-Cutaneous International,,http://cfcsyndrome.org/,2020 registry survey; registry: Yes
Cicatricial Alopecia Research Foundation,,http://carfintl.org/,2020 registry survey; registry: No
Cloves Syndrome Community,,http://clovessyndrome.org/,2020 registry survey; registry: No
"Clusterbusters, Inc",,http://clusterbusters.org,2020 registry survey; registry: Yes
Curing Retinal Blindness Foundation,,http://crb1.org,2020 registry survey; registry: Yes
Fibromuscular Dysplasia Society Of America,,http://fmdsa.org/,2020 registry survey; registry: Yes
Foundation for USP-7 Related Diseases,,http://usp7.org/,2020 registry survey; registry: No
Galactosemia Foundation,,http://galactosemia.org,2020 registry survey; registry: Yes
Genetic Alliance Australia,,http://www.geneticalliance.org.au/,2020 registry survey; registry: No
GRIN2B Foundation,,www.grin2b.org,2020 registry survey; registry: Yes
Guthy Jackson Charitable Foundation,,http://guthyjacksonfoundation.org/,2020 registry survey; registry: No
HCU Network America,,www.hcunetworkamerica.org,2020 registry survey; registry: Yes - contact registry
"Helping Hands for GAND, Inc.",,www.GATAD2B.org,2020 registry survey; registry: No
"Hyper IgM Foundation, Inc.",,http://www.hyperigm.org/,2020 registry survey; registry: No
International Neuroendocrine Cancer Alliance,,incalliance.org,2020 registry survey; registry: Yes
ISMRD,,http://ismrd.org,2020 registry survey; registry: No
Jack McGovern Coats Disease Foundation,,http://coatsdiseasefoundation.org/,2020 registry survey; registry: Yes
"Kennedy's Disease Association, Inc",,http://kennedysdisease.org/,2020 registry survey; registry: No
KrabbeConnect,,www.krabbeconnect.org,2020 registry survey; registry: No
Li-Fraumeni Syndrome Association,,www.LFSAssociation.org,2020 registry survey; registry: No
MLD Foundation,,http://www.mldfoundation.org/,2020 registry survey; registry: 
Moebius Syndrome Foundation,,http://moebiussyndrome.com/,2020 registry survey; registry: No
Mowat-Wilson Syndrome Foundation,,http://mowat-wilson.org,2020 registry survey; registry: Yes
National Adrenal Diseases Foundation,,http://nadf.us/,2020 registry survey; registry: No
National PKU News,,http://pkunews.org/,2020 registry survey; registry: No
National Spasmodic Dysphonia Association,,http://dysphonia.org/,2020 registry survey; registry: Yes
National Urea Cycle Disorders Foundation,,http://nucdf.org/,2020 registry survey; registry: Yes
Necrotizing Enterocolitis Society,,www.NECsociety.org,2020 registry survey; registry: No
Neurofibromatosis Network,,https://www.nfnetwork.org/,2020 registry survey; registry: Yes
Ocular Melanoma Foundation,,http://ocularmelanoma.org/,2020 registry survey; registry: No
Organization for Rare Diseases India,,www.ordindia.org,2020 registry survey; registry: No
Pituitary Network Association,,www.pituitary.org,2020 registry survey; registry: No
PRISMS (Parents & Researchers Interested in Smith-Magenis Syndrome),,http://prisms.org/,2020 registry survey; registry: Yes
PURA Syndrome Foundation,,http://www.purasyndrome.org/,2020 registry survey; registry: Yes
Sara’s Cure,,www.sarascure.org,2020 registry survey; registry: Yes
Shwachman-Diamond Syndrome Foundation,,http://shwachman-diamond.org/,2020 registry survey; registry: Yes
Spinal CSF Leak Foundation,,http://spinalcsfleak.org,2020 registry survey; registry: No
SSADH Association,,http://ssadh.net/,2020 registry survey; registry: No
TANGO2 Research Foundation,,tango2research.org,2020 registry survey; registry: Yes
Team Telomere,,teamtelomere.org,2020 registry survey; registry: Yes
The Snow Foundation,,http://thesnowfoundation.org/,2020 registry survey; registry: No
Usher Syndrome Coalition,,www.usher-syndrome.org,2020 registry survey; registry: Yes
"XLH Network, Inc",,http://xlhnetwork.org/,2020 registry survey; registry: No
Acid Maltase Deficiency Association,,http://amda-pompe.org/,2020 registry survey; registry: Yes
ADNP-Kids Research Foundation,,http://www.adnpkids.com/,2020 registry survey; registry: No
All Things Kabuki,,www.AllThingsKabuki.org,2020 registry survey; registry: No
American Multiple Endocrine Neoplasia Support,,http://amensupport.org/,2020 registry survey; registry: No
Autoimmune Polyglandular Syndrome Type 1 Foundation,,http://apstype1.org,2020 registry survey; registry: Yes
Bili Project Foundation,,www.thebiliproject.org,2020 registry survey; registry: No
CMTC-OVM Netherlands,,http://cmtc.nl/en/,2020 registry survey; registry: No
Consortium of Multiple Sclerosis Centers,,http://mscare.org/,2020 registry survey; registry: No
"Cure VCP Disease, Inc",,www.curevcp.org,2020 registry survey; registry: Yes
"CureCADASIL/CADASIL Association, Inc",,https://curecadasil.org/,2020 registry survey; registry: Yes
"Cushing's Support & Research Foundation, Inc",,http://csrf.net,2020 registry survey; registry: No
"Fat Disorders Resource Society, Inc",,http://fatdisorders.org,2020 registry survey; registry: No
Foundation to Fight H-abc,,h-abc.org,2020 registry survey; registry: No
Hope for Hypothalamic Hamartomas,,http://hopeforhh.org/,2020 registry survey; registry: 
International FPIES Association,,http://fpies.org/,2020 registry survey; registry: No
International Wagr Syndrome Association,,http://wagr.org/,2020 registry survey; registry: Yes
Joshua Frase Foundation for Congenital Myopathy Research,,http://joshuafrase.org/,2020 registry survey; registry: Yes
"Julia's Wings Foundation, Inc",,http://juliaswings.org/,2020 registry survey; registry: No
KAT6A Foundation,,www.kat6a.org,2020 registry survey; registry: Yes
"Lowe Syndrome Association, Inc",,http://lowesyndrome.org/,2020 registry survey; registry: No
Lung Transplant Foundation,,www.lungtransplantfoundation.org,2020 registry survey; registry: No
"Lymphangiomatosis & Gorham's Disease Alliance, Inc",,http://lgdalliance.org/,2020 registry survey; registry: Yes
MSUD Family Support,,http://msud-support.org/,2020 registry survey; registry: No
OMSLife Foundation,,http://omslifefoundation.org,2020 registry survey; registry: Yes
Organic Acidemia Association,,http://oaanews.org/,2020 registry survey; registry: Yes
Perthes Kids Foundation,,pertheskids.org,2020 registry survey; registry: No
PTEN Hamartoma Tumor Syndrome Foundation,,www.ptenfoundation.org,2020 registry survey; registry: Coming Soon
Rare Cancer Research Foundation,,http://rarecancer.org/,2020 registry survey; registry: No
RASopathies Network USA,,http://rasopathiesnet.org/,2020 registry survey; registry: Coming Soon
SBS Cure Project,,http://sbscure.org,2020 registry survey; registry: No
"Sickle Cell Association of Houston, Inc.",,www.sicklecellhouston.org,2020 registry survey; registry: No
The Avalon Foundation,,kidscaringforkids.org,2020 registry survey; registry: No
The Cute Syndrome Foundation,,www.thecutesyndrome.com,2020 registry survey; registry: Yes
The Yellow Brick Road Project,,http://ybrp.org/,2020 registry survey; registry: No
Thisbe and Noah Scott Foundation,,www.thisbeandnoah.org,2020 registry survey; registry: No
"Bohring-Opitz Syndrome Foundation, Inc",,http://bos-foundation.org,2020 registry survey; registry: Yes
CHAMP1 Research Foundation,,https://champ1foundation.org/,2020 registry survey; registry: No
Chloe's Fight Rare Disease Foundation,,http://chloesfight.org/,2020 registry survey; registry: No
"Chromosome Disorder Outreach, Inc",,http://chromodisorder.org/,2020 registry survey; registry: 
COPA Syndrome Foundation,,www.copasyndrome.org,2020 registry survey; registry: yes
Danny's Dose Alliance,,www.dannysdose.com,2020 registry survey; registry: No
Defeat MSA Alliance,,https://defeatmsa.org,2020 registry survey; registry: No
Erythromelalgia Association,,http://erythromelalgia.org/,2020 registry survey; registry: No
Global DARE Foundation,,https://www.defeatadultrefsumeverywhere.org/,2020 registry survey; registry: No
Incontinentia Pigmenti International Foundation,,http://ipif.org/,2020 registry survey; registry: No
Klippel Trenaunay Support Group,,http://k-t.org/,2020 registry survey; registry: No
Legg Calve Perthes Foundation,,www.perthes.org,2020 registry survey; registry: Yes
M-CM Network,,http://m-cm.net/,2020 registry survey; registry: Yes - contact registry
Myhre Syndrome Foundation,,myhresyndrome.org,2020 registry survey; registry: Yes
NGLY1.org,,http://ngly1.org,2020 registry survey; registry: No
"PAP Foundation, Inc.",,www.papfoundation.org,2020 registry survey; registry: Yes
PHACE Syndrome Community,,http://www.phacesyndromecommunity.org/,2020 registry survey; registry: No
Rothmund-thomson Syndrome Foundation,,http://rtsplace.org/,2020 registry survey; registry: No
SETBP1 Society,,www.setbp1.org,2020 registry survey; registry: Yes
Sick Cells,,https://www.sickcells.org/,2020 registry survey; registry: No
Tarlov Cyst Disease Foundation,,http://tarlovcystfoundation.org/,2020 registry survey; registry: No
Wilhelm Foundation,,http://www.wilhelmfoundation.org/,2020 registry survey; registry: No
A Twist of Fate-ATS,,http://atwistoffate-ats.com,2020 registry survey; registry: No
ADCY5.org,,www.adcy5.org,2020 registry survey; registry: Yes
Advocacy & Awareness for Immune Disorders Association,,www.GoDoAaida.org,2020 registry survey; registry: No
"Association of Gastrointestinal Motility Disorders, Inc",,http://agmd-gimotility.org,2020 registry survey; registry: No
"BORN A HERO, Pfeiffer's Health and Social Issues Awareness",,www.bornahero.org,2020 registry survey; registry: No
Canadian Organization for Rare Disorders,,https://www.raredisorders.ca/,2020 registry survey; registry: No
Cauda Equina Foundation,,https://www.caudaequinafoundation.org/,2020 registry survey; registry: No
Children's PKU Network,,http://pkunetwork.org/,2020 registry survey; registry: No
"Cluster Headache Support Group, Inc",,http://chsg.org/,2020 registry survey; registry: No
CMTC-OVM -US,,http://cmtcovm-us.org/,2020 registry survey; registry: No
CRMO Foundation,,http://crmofoundation.org/,2020 registry survey; registry: Yes
DHPS Foundation,,www.dhpsfoundation.org,2020 registry survey; registry: No
Dreamsickle Kids Foundation,,https://dreamsicklekids.org/,2020 registry survey; registry: No
EURORDIS,,http://www.eurordis.org/,2020 registry survey; registry: 
FOXG1 Research Foundation,,www.foxg1research.org,2020 registry survey; registry: Yes
FPIES Foundation,,http://fpiesfoundation.org/,2020 registry survey; registry: Yes
Gaucher Community Alliance,,http://www.gauchercommunity.org/,2020 registry survey; registry: No
Genetic Alliance,,http://geneticalliance.org,2020 registry survey; registry: No
Gould Syndrome Foundation (COL4a1/COL4A2),,https://www.gouldsyndrome.org/,2020 registry survey; registry: Yes
Gut Check Foundation,,http://gutcheckfoundation.org/,2020 registry survey; registry: No
HCU Network Australia,,http://hcunetworkaustralia.org.au/,2020 registry survey; registry: No
HSAN1E Society,,https://hsan1esociety.org/,2020 registry survey; registry: Yes
Indian Organization for rare diseases,,http://i-ord.org/,2020 registry survey; registry: No
International Autoimmune Encephalitis Society,,https://autoimmune-encephalitis.org/,2020 registry survey; registry: No
International Sacral Agenesis/Caudal Regression Association,,www.isacra.org,2020 registry survey; registry: No
iSEEK Pulmonary Hypertension Hope Center,,www.iseek.org.cn,2020 registry survey; registry: 
"LAL Solace, Inc",,http://lalsolace.org/,2020 registry survey; registry: No
Lipoprotein a Foundation,,http://lipoproteinafoundation.org,2020 registry survey; registry: No
Liv4TheCure,,www.liv4thecure.org,2020 registry survey; registry: No
"Martin Mueller IV Achalasia Awareness Foundation, Inc",,http://achalasia.us,2020 registry survey; registry: No
"Mebo Research, Inc",,http://meboresearch.org/,2020 registry survey; registry: No
Melorheostosis Association,,http://melorheostosis.com/,2020 registry survey; registry: No
"Morgan Leary Vaughan Fund, Inc",,http://morgansfund.org,2020 registry survey; registry: No
National Eosinophilia Myalgia Syndrome Network,,http://nemsn.org/,2020 registry survey; registry: No
National Health Council,,http://nationalhealthcouncil.org,2020 registry survey; registry: No
National Median Arcuate Ligament Syndrome Foundation,,www.malsfoundation.org,2020 registry survey; registry: No
NICER Foundation,,http://nicer.ngo,2020 registry survey; registry: No
Our Odyssey,,https://ourodyssey.org/,2020 registry survey; registry: 
Parents of Infants and Children with Kernicterus,,pic-K.org,2020 registry survey; registry: No
Plan For Rare Foundation,,plan4rare.org,2020 registry survey; registry: No
Rare & Undiagnosed Network,,http://rareundiagnosed.org,2020 registry survey; registry: No
"Rare Kids Network, Inc.",,www.rarekidsnetwork.org,2020 registry survey; registry: No
Recurrent Respiratory Papillomatosis Foundation,,http://rrpf.org/,2020 registry survey; registry: No
Remember The Girls,,https://www.rememberthegirls.org/,2020 registry survey; registry: No
"Snyder-Robinson Foundation, Inc",,http://snyder-robinson.org,2020 registry survey; registry: No
Stevens Johnson Syndrome Foundation,,http://sjsupport.org/,2020 registry survey; registry: Yes
"Superficial Siderosis Research Alliance, Inc.",,ssra.livingwithss.com,2020 registry survey; registry: Yes
The Jansen's Foundation,,https://www.thejansensfoundation.org/,2020 registry survey; registry: No
"Tyrosinemia Society, Inc.",,https://www.tyrosinemia.org/,2020 registry survey; registry: No
"Worldwide Syringomyelia & Chiari Task Force, Inc",,http://wstfcure.org/,2020 registry survey; registry: Yes
