name,group,condition_page_url,latest_report_url
15q11.2 BP1-BP2 Deletion,CNV,https://www.simonssearchlight.org/research/what-we-study/15q11-2-bp1-bp2-deletion/,https://cdn.simonssearchlight.org/wp-content/uploads/2025/10/14115330/15q11.2-BP1-BP2-deletion-25Q3.pdf
15q13.3 Deletion,CNV,https://www.simonssearchlight.org/research/what-we-study/15q13-3-deletion/,https://cdn.simonssearchlight.org/wp-content/uploads/2025/10/14115336/15q13.3-deletion-25Q3.pdf
16p11.2 Deletion,CNV,https://www.simonssearchlight.org/research/what-we-study/16p11-2-deletion/,https://cdn.simonssearchlight.org/wp-content/uploads/2025/10/14115334/16p11.2-deletion-25Q3.pdf
16p11.2 Deletion (Distal),CNV,https://www.simonssearchlight.org/research/what-we-study/16p11-2-distal-deletion/,https://cdn.simonssearchlight.org/wp-content/uploads/2025/10/14115423/Distal-16p11.2-deletion-25Q3.pdf
16p11.2 Duplication,CNV,https://www.simonssearchlight.org/research/what-we-study/16p11-2-duplications/,https://cdn.simonssearchlight.org/wp-content/uploads/2025/10/14115324/16p11.2-duplication-25Q3.pdf
16p11.2 Duplication (Distal),CNV,https://www.simonssearchlight.org/research/what-we-study/16p11-2-duplication-distal/,https://cdn.simonssearchlight.org/wp-content/uploads/2025/10/14115419/Distal-16p11.2-duplication-25Q3.pdf
16p12.2 Deletion,CNV,https://www.simonssearchlight.org/research/what-we-study/16p12-2-deletion/,https://cdn.simonssearchlight.org/wp-content/uploads/2025/10/14115508/16p12.2-deletion-25Q3.pdf
16p13.11 Deletion,CNV,https://www.simonssearchlight.org/research/what-we-study/16p13-11-deletion/,https://cdn.simonssearchlight.org/wp-content/uploads/2025/10/14115335/16p13.11-deletion-25Q3.pdf
17q12 Duplication,CNV,https://www.simonssearchlight.org/research/what-we-study/17q12-duplication/,https://cdn.simonssearchlight.org/wp-content/uploads/2025/10/14115446/17q12-duplication-25Q3.pdf
17q21.31 Deletion,CNV,https://www.simonssearchlight.org/research/what-we-study/17q21-3-deletion/,https://cdn.simonssearchlight.org/wp-content/uploads/2025/10/14115427/17q21.31-deletion-KANSL1-25Q3.pdf
1q21.1 Deletion,CNV,https://www.simonssearchlight.org/research/what-we-study/1q21-1-deletions/,https://cdn.simonssearchlight.org/wp-content/uploads/2025/10/14115329/1q21.1-deletion-25Q3.pdf
1q21.1 Duplication,CNV,https://www.simonssearchlight.org/research/what-we-study/1q21-1-duplications/,https://cdn.simonssearchlight.org/wp-content/uploads/2025/10/14115321/1q21.1-duplication-25Q3.pdf
2p16.3 Deletion,CNV,https://www.simonssearchlight.org/research/what-we-study/2p16-3-deletion/,https://cdn.simonssearchlight.org/wp-content/uploads/2025/10/14115332/2p16.3-deletion-NRXN1-25Q3.pdf
5p Deletion,CNV,https://www.simonssearchlight.org/research/what-we-study/5p-deletion/,https://cdn.simonssearchlight.org/wp-content/uploads/2025/10/14115413/5p-deletion-25Q3.pdf
7q11.23 Duplication,CNV,https://www.simonssearchlight.org/research/what-we-study/7q11-23-duplication/,https://cdn.simonssearchlight.org/wp-content/uploads/2025/10/14115338/7q11.23-duplication-25Q3.pdf
ADNP,Gene,https://www.simonssearchlight.org/research/what-we-study/adnp/,https://cdn.simonssearchlight.org/wp-content/uploads/2025/10/14115342/ADNP-25Q3.pdf
ANK2,Gene,https://www.simonssearchlight.org/research/what-we-study/ank2/,https://cdn.simonssearchlight.org/wp-content/uploads/2025/10/14115339/ANK2-25Q3.pdf
ANKRD11,Gene,https://www.simonssearchlight.org/research/what-we-study/ankrd11/,https://cdn.simonssearchlight.org/wp-content/uploads/2025/10/14115348/ANKRD11-25Q3.pdf
ARID1B,Gene,https://www.simonssearchlight.org/research/what-we-study/arid1b/,https://cdn.simonssearchlight.org/wp-content/uploads/2025/10/14115328/ARID1B-25Q3.pdf
ASXL3,Gene,https://www.simonssearchlight.org/research/what-we-study/asxl3/,https://cdn.simonssearchlight.org/wp-content/uploads/2025/10/14115343/ASXL3-25Q3.pdf
ATRX,Gene,https://www.simonssearchlight.org/research/what-we-study/atrx/,https://cdn.simonssearchlight.org/wp-content/uploads/2025/10/14115341/ATRX-25Q3.pdf
AUTS2,Gene,https://www.simonssearchlight.org/research/what-we-study/auts2/,https://cdn.simonssearchlight.org/wp-content/uploads/2025/10/14115345/AUTS2-25Q3.pdf
CHAMP1,Gene,https://www.simonssearchlight.org/research/what-we-study/champ1/,https://cdn.simonssearchlight.org/wp-content/uploads/2025/10/14115326/CHAMP1-25Q3.pdf
CHD2,Gene,https://www.simonssearchlight.org/research/what-we-study/chd2/,https://cdn.simonssearchlight.org/wp-content/uploads/2025/10/14115405/CHD2-25Q3.pdf
CHD8,Gene,https://www.simonssearchlight.org/research/what-we-study/chd8/,https://cdn.simonssearchlight.org/wp-content/uploads/2025/10/14115403/CHD8-25Q3.pdf
CLCN4,Gene,https://www.simonssearchlight.org/research/what-we-study/clcn4/,https://cdn.simonssearchlight.org/wp-content/uploads/2025/10/14115353/CLCN4-25Q3.pdf
CNOT3,Gene,https://www.simonssearchlight.org/research/what-we-study/cnot3/,https://cdn.simonssearchlight.org/wp-content/uploads/2025/10/14115354/CNOT3-25Q3.pdf
CSNK2A1,Gene,https://www.simonssearchlight.org/research/what-we-study/csnk2a1/,https://cdn.simonssearchlight.org/wp-content/uploads/2025/10/14115356/CSNK2A1-25Q3.pdf
CSNK2B,Gene,https://www.simonssearchlight.org/research/what-we-study/csnk2b/,https://cdn.simonssearchlight.org/wp-content/uploads/2025/10/14115408/CSNK2B-25Q3.pdf
CTNNB1,Gene,https://www.simonssearchlight.org/research/what-we-study/ctnnb1/,https://cdn.simonssearchlight.org/wp-content/uploads/2025/10/14115323/CTNNB1-25Q3.pdf
CUL3,Gene,https://www.simonssearchlight.org/research/what-we-study/cul3/,https://cdn.simonssearchlight.org/wp-content/uploads/2025/10/14115346/CUL3-25Q3.pdf
DEAF1,Gene,https://www.simonssearchlight.org/research/what-we-study/deaf1/,https://cdn.simonssearchlight.org/wp-content/uploads/2025/10/14115351/DEAF1-25Q3.pdf
DLG4,Gene,https://www.simonssearchlight.org/research/what-we-study/dlg4/,https://cdn.simonssearchlight.org/wp-content/uploads/2025/10/14115428/DLG4-25Q3.pdf
DYNC1H1,Gene,https://www.simonssearchlight.org/research/what-we-study/dync1h1/,https://cdn.simonssearchlight.org/wp-content/uploads/2025/10/14115357/DYNC1H1-25Q3.pdf
DYRK1A,Gene,https://www.simonssearchlight.org/research/what-we-study/dyrk1a/,https://cdn.simonssearchlight.org/wp-content/uploads/2025/10/14115426/DYRK1A-25Q3.pdf
EHMT1,Gene,https://www.simonssearchlight.org/research/what-we-study/ehmt1/,https://cdn.simonssearchlight.org/wp-content/uploads/2025/10/14115416/EHMT1-25Q3.pdf
EIF3F,Gene,https://www.simonssearchlight.org/research/what-we-study/eif3f/,https://cdn.simonssearchlight.org/wp-content/uploads/2025/10/14115420/EIF3F-25Q3.pdf
EP300,Gene,https://www.simonssearchlight.org/research/what-we-study/ep300/,https://cdn.simonssearchlight.org/wp-content/uploads/2025/10/14115507/EP300-25Q3.pdf
FBXO11,Gene,https://www.simonssearchlight.org/research/what-we-study/fbxo11/,https://cdn.simonssearchlight.org/wp-content/uploads/2025/07/22033610/FBXO11-25Q2.pdf
FOXP1,Gene,https://www.simonssearchlight.org/research/what-we-study/foxp1/,https://cdn.simonssearchlight.org/wp-content/uploads/2025/10/14115418/FOXP1-25Q3.pdf
GRIN1,Gene,https://www.simonssearchlight.org/research/what-we-study/grin1/,https://cdn.simonssearchlight.org/wp-content/uploads/2025/10/14115415/GRIN1-25Q3.pdf
GRIN2A,Gene,https://www.simonssearchlight.org/research/what-we-study/grin2a/,https://cdn.simonssearchlight.org/wp-content/uploads/2025/10/14115409/GRIN2A-25Q3.pdf
GRIN2B,Gene,https://www.simonssearchlight.org/research/what-we-study/grin2b/,https://cdn.simonssearchlight.org/wp-content/uploads/2025/10/14115400/GRIN2B-25Q3.pdf
HIVEP2,Gene,https://www.simonssearchlight.org/research/what-we-study/hivep2/,https://cdn.simonssearchlight.org/wp-content/uploads/2025/10/14115412/HIVEP2-25Q3.pdf
HNRNPH2,Gene,https://www.simonssearchlight.org/research/what-we-study/hnrnph2/,https://cdn.simonssearchlight.org/wp-content/uploads/2025/10/14115406/HNRNPH2-25Q3.pdf
IRF2BPL,Gene,https://www.simonssearchlight.org/research/what-we-study/irf2bpl/,https://cdn.simonssearchlight.org/wp-content/uploads/2025/10/14115358/IRF2BPL-25Q3.pdf
KANSL1,Gene,https://www.simonssearchlight.org/research/what-we-study/kansl1/,https://cdn.simonssearchlight.org/wp-content/uploads/2025/10/14115427/17q21.31-deletion-KANSL1-25Q3.pdf
KDM6B,Gene,https://www.simonssearchlight.org/research/what-we-study/kdm6b/,https://cdn.simonssearchlight.org/wp-content/uploads/2025/10/14115503/KDM6B-25Q3.pdf
KMT2C,Gene,https://www.simonssearchlight.org/research/what-we-study/kmt2c/,https://cdn.simonssearchlight.org/wp-content/uploads/2025/10/14115442/KMT2C-25Q3.pdf
KMT2E,Gene,https://www.simonssearchlight.org/research/what-we-study/kmt2e/,https://cdn.simonssearchlight.org/wp-content/uploads/2025/10/14115457/KMT2E-25Q3.pdf
MED13,Gene,https://www.simonssearchlight.org/research/what-we-study/med13/,https://cdn.simonssearchlight.org/wp-content/uploads/2025/10/14115505/MED13-25Q3.pdf
MED13L,Gene,https://www.simonssearchlight.org/research/what-we-study/med13l/,https://cdn.simonssearchlight.org/wp-content/uploads/2025/10/14115424/MED13L-25Q3.pdf
MEF2C,Gene,https://www.simonssearchlight.org/research/what-we-study/mef2c/,https://cdn.simonssearchlight.org/wp-content/uploads/2025/10/14115447/MEF2C-25Q3.pdf
MYT1L,Gene,https://www.simonssearchlight.org/research/what-we-study/myt1l/,https://cdn.simonssearchlight.org/wp-content/uploads/2025/10/14115449/MYT1L-25Q3.pdf
NAA15,Gene,https://www.simonssearchlight.org/research/what-we-study/naa15/,https://cdn.simonssearchlight.org/wp-content/uploads/2025/10/14115443/NAA15-25Q3.pdf
NRXN1,Gene,https://www.simonssearchlight.org/research/what-we-study/nrxn1/,https://cdn.simonssearchlight.org/wp-content/uploads/2025/10/14115332/2p16.3-deletion-NRXN1-25Q3.pdf
PACS1,Gene,https://www.simonssearchlight.org/research/what-we-study/pacs1/,https://cdn.simonssearchlight.org/wp-content/uploads/2025/10/14115434/PACS1-25Q3.pdf
POGZ,Gene,https://www.simonssearchlight.org/research/what-we-study/pogz-2/,https://cdn.simonssearchlight.org/wp-content/uploads/2025/10/14115436/POGZ-25Q3.pdf
PPP2R1A,Gene,https://www.simonssearchlight.org/research/what-we-study/ppp2r1a/,https://cdn.simonssearchlight.org/wp-content/uploads/2025/10/14115437/PPP2R1A-25Q3.pdf
PPP2R5D,Gene,https://www.simonssearchlight.org/research/what-we-study/ppp2r5d/,https://cdn.simonssearchlight.org/wp-content/uploads/2025/10/14115410/PPP2R5D-25Q3.pdf
PPP3CA,Gene,https://www.simonssearchlight.org/research/what-we-study/ppp3ca/,https://cdn.simonssearchlight.org/wp-content/uploads/2025/10/14115430/PPP3CA-25Q3.pdf
SCN2A,Gene,https://www.simonssearchlight.org/research/what-we-study/scn2a/,https://cdn.simonssearchlight.org/wp-content/uploads/2025/10/14115421/SCN2A-25Q3.pdf
SETBP1,Gene,https://www.simonssearchlight.org/research/what-we-study/setbp1/,https://cdn.simonssearchlight.org/wp-content/uploads/2025/10/14115433/SETBP1-25Q3.pdf
SETD5,Gene,https://www.simonssearchlight.org/research/what-we-study/setd5/,https://cdn.simonssearchlight.org/wp-content/uploads/2025/10/14115431/SETD5-25Q3.pdf
SLC6A1,Gene,https://www.simonssearchlight.org/research/what-we-study/slc6a1/,https://cdn.simonssearchlight.org/wp-content/uploads/2025/10/14115450/SLC6A1-25Q3.pdf
STXBP1,Gene,https://www.simonssearchlight.org/research/what-we-study/stxbp1/,https://cdn.simonssearchlight.org/wp-content/uploads/2025/10/14115440/STXBP1-25Q3.pdf
SYNGAP1,Gene,https://www.simonssearchlight.org/research/what-we-study/syngap1/,https://cdn.simonssearchlight.org/wp-content/uploads/2025/10/14115453/SYNGAP1-25Q3.pdf
TANC2,Gene,https://www.simonssearchlight.org/research/what-we-study/tanc2/,https://cdn.simonssearchlight.org/wp-content/uploads/2025/10/14115444/TANC2-25Q3.pdf
TAOK1,Gene,https://www.simonssearchlight.org/research/what-we-study/taok1/,https://cdn.simonssearchlight.org/wp-content/uploads/2025/10/14115459/TAOK1-25Q3.pdf
TBR1,Gene,https://www.simonssearchlight.org/research/what-we-study/tbr1/,https://cdn.simonssearchlight.org/wp-content/uploads/2025/10/14115501/TBR1-25Q3.pdf
TLK2,Gene,https://www.simonssearchlight.org/research/what-we-study/tlk2/,https://cdn.simonssearchlight.org/wp-content/uploads/2025/10/14115439/TLK2-25Q3.pdf
TRIO,Gene,https://www.simonssearchlight.org/research/what-we-study/trio/,https://cdn.simonssearchlight.org/wp-content/uploads/2025/10/14115456/TRIO-25Q3.pdf
TRIP12,Gene,https://www.simonssearchlight.org/research/what-we-study/trip12/,https://cdn.simonssearchlight.org/wp-content/uploads/2025/10/14115452/TRIP12-25Q3.pdf
WDFY3,Gene,https://www.simonssearchlight.org/research/what-we-study/wdfy3/,https://cdn.simonssearchlight.org/wp-content/uploads/2025/10/14115350/WDFY3-25Q3.pdf
ZNF292,Gene,https://www.simonssearchlight.org/research/what-we-study/znf292/,https://cdn.simonssearchlight.org/wp-content/uploads/2025/10/14115454/ZNF292-25Q3.pdf
