hgnc_id,gene,pubmed_hits,pubmed_query,as_of
HGNC:20,AARS1,43,"(""AARS1""[Title/Abstract]) AND (humans[MeSH Terms])",2026-07
HGNC:21022,AARS2,72,"(""AARS2""[Title/Abstract]) AND (humans[MeSH Terms])",2026-07
HGNC:23,ABAT,97,"(""ABAT""[Title/Abstract]) AND (humans[MeSH Terms])",2026-07
HGNC:32,ABCA2,96,"(""ABCA2""[Title/Abstract]) AND (humans[MeSH Terms])",2026-07
HGNC:60,ABCC9,134,"(""ABCC9""[Title/Abstract]) AND (humans[MeSH Terms])",2026-07
HGNC:13921,ABHD16A,15,"(""ABHD16A""[Title/Abstract]) AND (humans[MeSH Terms])",2026-07
HGNC:23339,ACBD6,13,"(""ACBD6""[Title/Abstract]) AND (humans[MeSH Terms])",2026-07
HGNC:119,ACOX1,230,"(""ACOX1""[Title/Abstract]) AND (humans[MeSH Terms])",2026-07
HGNC:132,ACTB,959,"(""ACTB""[Title/Abstract]) AND (humans[MeSH Terms])",2026-07
HGNC:144,ACTG1,162,"(""ACTG1""[Title/Abstract]) AND (humans[MeSH Terms])",2026-07
HGNC:160,ACTL6B,20,"(""ACTL6B""[Title/Abstract]) AND (humans[MeSH Terms])",2026-07
HGNC:177,ACY1,74,"(""ACY1""[Title/Abstract]) AND (humans[MeSH Terms])",2026-07
HGNC:201,ADAM22,75,"(""ADAM22""[Title/Abstract]) AND (humans[MeSH Terms])",2026-07
HGNC:225,ADAR,764,"(""ADAR""[Title/Abstract]) AND (humans[MeSH Terms])",2026-07
HGNC:226,ADARB1,56,"(""ADARB1""[Title/Abstract]) AND (humans[MeSH Terms])",2026-07
HGNC:25151,ADAT3,18,"(""ADAT3""[Title/Abstract]) AND (humans[MeSH Terms])",2026-07
HGNC:236,ADCY5,164,"(""ADCY5""[Title/Abstract]) AND (humans[MeSH Terms])",2026-07
HGNC:4512,ADGRG1,94,"(""ADGRG1""[Title/Abstract]) AND (humans[MeSH Terms])",2026-07
HGNC:20973,ADGRL1,20,"(""ADGRL1""[Title/Abstract]) AND (humans[MeSH Terms])",2026-07
HGNC:15766,ADNP,218,"(""ADNP""[Title/Abstract]) AND (humans[MeSH Terms])",2026-07
HGNC:21304,ADPRS,28,"(""ADPRS""[Title/Abstract]) AND (humans[MeSH Terms])",2026-07
HGNC:291,ADSL,133,"(""ADSL""[Title/Abstract]) AND (humans[MeSH Terms])",2026-07
HGNC:7137,AFDN,31,"(""AFDN""[Title/Abstract]) AND (humans[MeSH Terms])",2026-07
HGNC:6473,AFF3,79,"(""AFF3""[Title/Abstract]) AND (humans[MeSH Terms])",2026-07
HGNC:18119,AFG2A,2,"(""AFG2A""[Title/Abstract]) AND (humans[MeSH Terms])",2026-07
HGNC:28762,AFG2B,1,"(""AFG2B""[Title/Abstract]) AND (humans[MeSH Terms])",2026-07
HGNC:315,AFG3L2,99,"(""AFG3L2""[Title/Abstract]) AND (humans[MeSH Terms])",2026-07
HGNC:318,AGA,7122,"(""AGA""[Title/Abstract]) AND (humans[MeSH Terms])",2026-07
HGNC:33784,AGMO,18,"(""AGMO""[Title/Abstract]) AND (humans[MeSH Terms])",2026-07
HGNC:3262,AGO1,244,"(""AGO1""[Title/Abstract]) AND (humans[MeSH Terms])",2026-07
HGNC:25230,AHDC1,39,"(""AHDC1""[Title/Abstract]) AND (humans[MeSH Terms])",2026-07
HGNC:10648,AIMP1,82,"(""AIMP1""[Title/Abstract]) AND (humans[MeSH Terms])",2026-07
HGNC:391,AKT1,5096,"(""AKT1""[Title/Abstract]) AND (humans[MeSH Terms])",2026-07
HGNC:393,AKT3,721,"(""AKT3""[Title/Abstract]) AND (humans[MeSH Terms])",2026-07
HGNC:403,ALDH3A2,116,"(""ALDH3A2""[Title/Abstract]) AND (humans[MeSH Terms])",2026-07
HGNC:408,ALDH5A1,107,"(""ALDH5A1""[Title/Abstract]) AND (humans[MeSH Terms])",2026-07
HGNC:877,ALDH7A1,206,"(""ALDH7A1""[Title/Abstract]) AND (humans[MeSH Terms])",2026-07
HGNC:18294,ALG1,68,"(""ALG1""[Title/Abstract]) AND (humans[MeSH Terms])",2026-07
HGNC:32456,ALG11,25,"(""ALG11""[Title/Abstract]) AND (humans[MeSH Terms])",2026-07
HGNC:19358,ALG12,39,"(""ALG12""[Title/Abstract]) AND (humans[MeSH Terms])",2026-07
HGNC:30881,ALG13,47,"(""ALG13""[Title/Abstract]) AND (humans[MeSH Terms])",2026-07
HGNC:28287,ALG14,18,"(""ALG14""[Title/Abstract]) AND (humans[MeSH Terms])",2026-07
HGNC:23159,ALG2,168,"(""ALG2""[Title/Abstract]) AND (humans[MeSH Terms])",2026-07
HGNC:23056,ALG3,81,"(""ALG3""[Title/Abstract]) AND (humans[MeSH Terms])",2026-07
HGNC:23157,ALG6,46,"(""ALG6""[Title/Abstract]) AND (humans[MeSH Terms])",2026-07
HGNC:23161,ALG8,50,"(""ALG8""[Title/Abstract]) AND (humans[MeSH Terms])",2026-07
HGNC:15672,ALG9,44,"(""ALG9""[Title/Abstract]) AND (humans[MeSH Terms])",2026-07
HGNC:25189,ALKBH8,31,"(""ALKBH8""[Title/Abstract]) AND (humans[MeSH Terms])",2026-07
HGNC:438,ALPL,701,"(""ALPL""[Title/Abstract]) AND (humans[MeSH Terms])",2026-07
HGNC:451,AMACR,629,"(""AMACR""[Title/Abstract]) AND (humans[MeSH Terms])",2026-07
HGNC:469,AMPD2,42,"(""AMPD2""[Title/Abstract]) AND (humans[MeSH Terms])",2026-07
HGNC:473,AMT,1674,"(""AMT""[Title/Abstract]) AND (humans[MeSH Terms])",2026-07
HGNC:493,ANK2,129,"(""ANK2""[Title/Abstract]) AND (humans[MeSH Terms])",2026-07
HGNC:494,ANK3,201,"(""ANK3""[Title/Abstract]) AND (humans[MeSH Terms])",2026-07
HGNC:15492,ANKH,153,"(""ANKH""[Title/Abstract]) AND (humans[MeSH Terms])",2026-07
HGNC:21316,ANKRD11,162,"(""ANKRD11""[Title/Abstract]) AND (humans[MeSH Terms])",2026-07
HGNC:23575,ANKRD17,19,"(""ANKRD17""[Title/Abstract]) AND (humans[MeSH Terms])",2026-07
HGNC:23837,ANO4,13,"(""ANO4""[Title/Abstract]) AND (humans[MeSH Terms])",2026-07
HGNC:555,AP1G1,17,"(""AP1G1""[Title/Abstract]) AND (humans[MeSH Terms])",2026-07
HGNC:564,AP2M1,55,"(""AP2M1""[Title/Abstract]) AND (humans[MeSH Terms])",2026-07
HGNC:567,AP3B2,28,"(""AP3B2""[Title/Abstract]) AND (humans[MeSH Terms])",2026-07
HGNC:568,AP3D1,20,"(""AP3D1""[Title/Abstract]) AND (humans[MeSH Terms])",2026-07
HGNC:572,AP4B1,31,"(""AP4B1""[Title/Abstract]) AND (humans[MeSH Terms])",2026-07
HGNC:574,AP4M1,39,"(""AP4M1""[Title/Abstract]) AND (humans[MeSH Terms])",2026-07
HGNC:24036,APC2,145,"(""APC2""[Title/Abstract]) AND (humans[MeSH Terms])",2026-07
HGNC:652,ARF1,627,"(""ARF1""[Title/Abstract]) AND (humans[MeSH Terms])",2026-07
HGNC:654,ARF3,82,"(""ARF3""[Title/Abstract]) AND (humans[MeSH Terms])",2026-07
HGNC:15772,ARFGEF1,12,"(""ARFGEF1""[Title/Abstract]) AND (humans[MeSH Terms])",2026-07
HGNC:15853,ARFGEF2,36,"(""ARFGEF2""[Title/Abstract]) AND (humans[MeSH Terms])",2026-07
HGNC:663,ARG1,1369,"(""ARG1""[Title/Abstract]) AND (humans[MeSH Terms])",2026-07
HGNC:674,ARHGAP4,43,"(""ARHGAP4""[Title/Abstract]) AND (humans[MeSH Terms])",2026-07
HGNC:14561,ARHGEF9,43,"(""ARHGEF9""[Title/Abstract]) AND (humans[MeSH Terms])",2026-07
HGNC:11110,ARID1A,1749,"(""ARID1A""[Title/Abstract]) AND (humans[MeSH Terms])",2026-07
HGNC:18040,ARID1B,362,"(""ARID1B""[Title/Abstract]) AND (humans[MeSH Terms])",2026-07
HGNC:713,ARSA,494,"(""ARSA""[Title/Abstract]) AND (humans[MeSH Terms])",2026-07
HGNC:29561,ARV1,33,"(""ARV1""[Title/Abstract]) AND (humans[MeSH Terms])",2026-07
HGNC:18060,ARX,539,"(""ARX""[Title/Abstract]) AND (humans[MeSH Terms])",2026-07
HGNC:735,ASAH1,153,"(""ASAH1""[Title/Abstract]) AND (humans[MeSH Terms])",2026-07
HGNC:19088,ASH1L,99,"(""ASH1L""[Title/Abstract]) AND (humans[MeSH Terms])",2026-07
HGNC:753,ASNS,303,"(""ASNS""[Title/Abstract]) AND (humans[MeSH Terms])",2026-07
HGNC:756,ASPA,245,"(""ASPA""[Title/Abstract]) AND (humans[MeSH Terms])",2026-07
HGNC:19048,ASPM,385,"(""ASPM""[Title/Abstract]) AND (humans[MeSH Terms])",2026-07
HGNC:773,ASTN1,39,"(""ASTN1""[Title/Abstract]) AND (humans[MeSH Terms])",2026-07
HGNC:23805,ASXL2,77,"(""ASXL2""[Title/Abstract]) AND (humans[MeSH Terms])",2026-07
HGNC:29357,ASXL3,86,"(""ASXL3""[Title/Abstract]) AND (humans[MeSH Terms])",2026-07
HGNC:25903,ATAD1,35,"(""ATAD1""[Title/Abstract]) AND (humans[MeSH Terms])",2026-07
HGNC:3033,ATN1,86,"(""ATN1""[Title/Abstract]) AND (humans[MeSH Terms])",2026-07
HGNC:30213,ATP13A2,302,"(""ATP13A2""[Title/Abstract]) AND (humans[MeSH Terms])",2026-07
HGNC:799,ATP1A1,254,"(""ATP1A1""[Title/Abstract]) AND (humans[MeSH Terms])",2026-07
HGNC:800,ATP1A2,274,"(""ATP1A2""[Title/Abstract]) AND (humans[MeSH Terms])",2026-07
HGNC:801,ATP1A3,308,"(""ATP1A3""[Title/Abstract]) AND (humans[MeSH Terms])",2026-07
HGNC:814,ATP2B1,115,"(""ATP2B1""[Title/Abstract]) AND (humans[MeSH Terms])",2026-07
HGNC:815,ATP2B2,52,"(""ATP2B2""[Title/Abstract]) AND (humans[MeSH Terms])",2026-07
HGNC:823,ATP5F1A,26,"(""ATP5F1A""[Title/Abstract]) AND (humans[MeSH Terms])",2026-07
HGNC:838,ATP5F1E,3,"(""ATP5F1E""[Title/Abstract]) AND (humans[MeSH Terms])",2026-07
HGNC:843,ATP5MC3,9,"(""ATP5MC3""[Title/Abstract]) AND (humans[MeSH Terms])",2026-07
HGNC:850,ATP5PO,7,"(""ATP5PO""[Title/Abstract]) AND (humans[MeSH Terms])",2026-07
HGNC:18305,ATP6AP2,82,"(""ATP6AP2""[Title/Abstract]) AND (humans[MeSH Terms])",2026-07
HGNC:865,ATP6V0A1,26,"(""ATP6V0A1""[Title/Abstract]) AND (humans[MeSH Terms])",2026-07
HGNC:18481,ATP6V0A2,57,"(""ATP6V0A2""[Title/Abstract]) AND (humans[MeSH Terms])",2026-07
HGNC:855,ATP6V0C,41,"(""ATP6V0C""[Title/Abstract]) AND (humans[MeSH Terms])",2026-07
HGNC:851,ATP6V1A,63,"(""ATP6V1A""[Title/Abstract]) AND (humans[MeSH Terms])",2026-07
HGNC:854,ATP6V1B2,48,"(""ATP6V1B2""[Title/Abstract]) AND (humans[MeSH Terms])",2026-07
HGNC:869,ATP7A,631,"(""ATP7A""[Title/Abstract]) AND (humans[MeSH Terms])",2026-07
HGNC:886,ATRX,1460,"(""ATRX""[Title/Abstract]) AND (humans[MeSH Terms])",2026-07
HGNC:14262,AUTS2,137,"(""AUTS2""[Title/Abstract]) AND (humans[MeSH Terms])",2026-07
HGNC:28596,B3GALNT2,27,"(""B3GALNT2""[Title/Abstract]) AND (humans[MeSH Terms])",2026-07
HGNC:15685,B4GAT1,7,"(""B4GAT1""[Title/Abstract]) AND (humans[MeSH Terms])",2026-07
HGNC:947,BAIAP2,47,"(""BAIAP2""[Title/Abstract]) AND (humans[MeSH Terms])",2026-07
HGNC:950,BAP1,1545,"(""BAP1""[Title/Abstract]) AND (humans[MeSH Terms])",2026-07
HGNC:963,BAZ2B,44,"(""BAZ2B""[Title/Abstract]) AND (humans[MeSH Terms])",2026-07
HGNC:14347,BCAS3,50,"(""BCAS3""[Title/Abstract]) AND (humans[MeSH Terms])",2026-07
HGNC:986,BCKDHA,108,"(""BCKDHA""[Title/Abstract]) AND (humans[MeSH Terms])",2026-07
HGNC:987,BCKDHB,86,"(""BCKDHB""[Title/Abstract]) AND (humans[MeSH Terms])",2026-07
HGNC:16902,BCKDK,66,"(""BCKDK""[Title/Abstract]) AND (humans[MeSH Terms])",2026-07
HGNC:13221,BCL11A,614,"(""BCL11A""[Title/Abstract]) AND (humans[MeSH Terms])",2026-07
HGNC:1020,BCS1L,69,"(""BCS1L""[Title/Abstract]) AND (humans[MeSH Terms])",2026-07
HGNC:17208,BICD2,137,"(""BICD2""[Title/Abstract]) AND (humans[MeSH Terms])",2026-07
HGNC:26953,BLTP1,3,"(""BLTP1""[Title/Abstract]) AND (humans[MeSH Terms])",2026-07
HGNC:701,BMAL1,1224,"(""BMAL1""[Title/Abstract]) AND (humans[MeSH Terms])",2026-07
HGNC:24415,BOLA3,46,"(""BOLA3""[Title/Abstract]) AND (humans[MeSH Terms])",2026-07
HGNC:17950,BORCS5,7,"(""BORCS5""[Title/Abstract]) AND (humans[MeSH Terms])",2026-07
HGNC:3581,BPTF,135,"(""BPTF""[Title/Abstract]) AND (humans[MeSH Terms])",2026-07
HGNC:1097,BRAF,20184,"(""BRAF""[Title/Abstract]) AND (humans[MeSH Terms])",2026-07
HGNC:21701,BRAT1,48,"(""BRAT1""[Title/Abstract]) AND (humans[MeSH Terms])",2026-07
HGNC:15832,BSCL2,210,"(""BSCL2""[Title/Abstract]) AND (humans[MeSH Terms])",2026-07
HGNC:1117,BSN,1455,"(""BSN""[Title/Abstract]) AND (humans[MeSH Terms])",2026-07
HGNC:1122,BTD,305,"(""BTD""[Title/Abstract]) AND (humans[MeSH Terms])",2026-07
HGNC:29521,C12orf57,10,"(""C12orf57""[Title/Abstract]) AND (humans[MeSH Terms])",2026-07
HGNC:25443,C19orf12,89,"(""C19orf12""[Title/Abstract]) AND (humans[MeSH Terms])",2026-07
HGNC:26799,C2orf69,6,"(""C2orf69""[Title/Abstract]) AND (humans[MeSH Terms])",2026-07
HGNC:1388,CACNA1A,708,"(""CACNA1A""[Title/Abstract]) AND (humans[MeSH Terms])",2026-07
HGNC:1389,CACNA1B,63,"(""CACNA1B""[Title/Abstract]) AND (humans[MeSH Terms])",2026-07
HGNC:1390,CACNA1C,602,"(""CACNA1C""[Title/Abstract]) AND (humans[MeSH Terms])",2026-07
HGNC:1391,CACNA1D,225,"(""CACNA1D""[Title/Abstract]) AND (humans[MeSH Terms])",2026-07
HGNC:1392,CACNA1E,59,"(""CACNA1E""[Title/Abstract]) AND (humans[MeSH Terms])",2026-07
HGNC:1394,CACNA1G,177,"(""CACNA1G""[Title/Abstract]) AND (humans[MeSH Terms])",2026-07
HGNC:1396,CACNA1I,44,"(""CACNA1I""[Title/Abstract]) AND (humans[MeSH Terms])",2026-07
HGNC:1399,CACNA2D1,72,"(""CACNA2D1""[Title/Abstract]) AND (humans[MeSH Terms])",2026-07
HGNC:1400,CACNA2D2,67,"(""CACNA2D2""[Title/Abstract]) AND (humans[MeSH Terms])",2026-07
HGNC:1424,CAD,44851,"(""CAD""[Title/Abstract]) AND (humans[MeSH Terms])",2026-07
HGNC:1460,CAMK2A,129,"(""CAMK2A""[Title/Abstract]) AND (humans[MeSH Terms])",2026-07
HGNC:1461,CAMK2B,70,"(""CAMK2B""[Title/Abstract]) AND (humans[MeSH Terms])",2026-07
HGNC:19946,CAMSAP1,19,"(""CAMSAP1""[Title/Abstract]) AND (humans[MeSH Terms])",2026-07
HGNC:18806,CAMTA1,172,"(""CAMTA1""[Title/Abstract]) AND (humans[MeSH Terms])",2026-07
HGNC:6743,CAPRIN1,106,"(""CAPRIN1""[Title/Abstract]) AND (humans[MeSH Terms])",2026-07
HGNC:1490,CAPZA2,26,"(""CAPZA2""[Title/Abstract]) AND (humans[MeSH Terms])",2026-07
HGNC:25695,CARS2,60,"(""CARS2""[Title/Abstract]) AND (humans[MeSH Terms])",2026-07
HGNC:1497,CASK,283,"(""CASK""[Title/Abstract]) AND (humans[MeSH Terms])",2026-07
HGNC:1503,CASP2,111,"(""CASP2""[Title/Abstract]) AND (humans[MeSH Terms])",2026-07
HGNC:29253,CC2D2A,69,"(""CC2D2A""[Title/Abstract]) AND (humans[MeSH Terms])",2026-07
HGNC:24349,CCDC186,6,"(""CCDC186""[Title/Abstract]) AND (humans[MeSH Terms])",2026-07
HGNC:28909,CCDC22,42,"(""CCDC22""[Title/Abstract]) AND (humans[MeSH Terms])",2026-07
HGNC:25523,CCDC88A,40,"(""CCDC88A""[Title/Abstract]) AND (humans[MeSH Terms])",2026-07
HGNC:19967,CCDC88C,39,"(""CCDC88C""[Title/Abstract]) AND (humans[MeSH Terms])",2026-07
HGNC:21708,CCM2,330,"(""CCM2""[Title/Abstract]) AND (humans[MeSH Terms])",2026-07
HGNC:1583,CCND2,640,"(""CCND2""[Title/Abstract]) AND (humans[MeSH Terms])",2026-07
HGNC:1616,CCT3,69,"(""CCT3""[Title/Abstract]) AND (humans[MeSH Terms])",2026-07
HGNC:1620,CCT6A,60,"(""CCT6A""[Title/Abstract]) AND (humans[MeSH Terms])",2026-07
HGNC:1623,CCT8,26,"(""CCT8""[Title/Abstract]) AND (humans[MeSH Terms])",2026-07
HGNC:1738,CDC42BPB,29,"(""CDC42BPB""[Title/Abstract]) AND (humans[MeSH Terms])",2026-07
HGNC:1733,CDK13,113,"(""CDK13""[Title/Abstract]) AND (humans[MeSH Terms])",2026-07
HGNC:19338,CDK19,103,"(""CDK19""[Title/Abstract]) AND (humans[MeSH Terms])",2026-07
HGNC:1774,CDK5,1514,"(""CDK5""[Title/Abstract]) AND (humans[MeSH Terms])",2026-07
HGNC:18672,CDK5RAP2,127,"(""CDK5RAP2""[Title/Abstract]) AND (humans[MeSH Terms])",2026-07
HGNC:1782,CDKL2,22,"(""CDKL2""[Title/Abstract]) AND (humans[MeSH Terms])",2026-07
HGNC:11411,CDKL5,512,"(""CDKL5""[Title/Abstract]) AND (humans[MeSH Terms])",2026-07
HGNC:2550,CELF2,86,"(""CELF2""[Title/Abstract]) AND (humans[MeSH Terms])",2026-07
HGNC:14015,CELF4,89,"(""CELF4""[Title/Abstract]) AND (humans[MeSH Terms])",2026-07
HGNC:1850,CELSR1,115,"(""CELSR1""[Title/Abstract]) AND (humans[MeSH Terms])",2026-07
HGNC:1857,CENPF,335,"(""CENPF""[Title/Abstract]) AND (humans[MeSH Terms])",2026-07
HGNC:21638,CEP85L,19,"(""CEP85L""[Title/Abstract]) AND (humans[MeSH Terms])",2026-07
HGNC:14253,CERS1,82,"(""CERS1""[Title/Abstract]) AND (humans[MeSH Terms])",2026-07
HGNC:2205,CERT1,17,"(""CERT1""[Title/Abstract]) AND (humans[MeSH Terms])",2026-07
HGNC:1915,CHD1,178,"(""CHD1""[Title/Abstract]) AND (humans[MeSH Terms])",2026-07
HGNC:1917,CHD2,156,"(""CHD2""[Title/Abstract]) AND (humans[MeSH Terms])",2026-07
HGNC:1918,CHD3,88,"(""CHD3""[Title/Abstract]) AND (humans[MeSH Terms])",2026-07
HGNC:1919,CHD4,248,"(""CHD4""[Title/Abstract]) AND (humans[MeSH Terms])",2026-07
HGNC:16816,CHD5,95,"(""CHD5""[Title/Abstract]) AND (humans[MeSH Terms])",2026-07
HGNC:1937,CHKA,84,"(""CHKA""[Title/Abstract]) AND (humans[MeSH Terms])",2026-07
HGNC:1956,CHRNA2,71,"(""CHRNA2""[Title/Abstract]) AND (humans[MeSH Terms])",2026-07
HGNC:1958,CHRNA4,265,"(""CHRNA4""[Title/Abstract]) AND (humans[MeSH Terms])",2026-07
HGNC:1962,CHRNB2,115,"(""CHRNB2""[Title/Abstract]) AND (humans[MeSH Terms])",2026-07
HGNC:14214,CIC,3455,"(""CIC""[Title/Abstract]) AND (humans[MeSH Terms])",2026-07
HGNC:2021,CLCN3,48,"(""CLCN3""[Title/Abstract]) AND (humans[MeSH Terms])",2026-07
HGNC:2022,CLCN4,37,"(""CLCN4""[Title/Abstract]) AND (humans[MeSH Terms])",2026-07
HGNC:2024,CLCN6,37,"(""CLCN6""[Title/Abstract]) AND (humans[MeSH Terms])",2026-07
HGNC:2047,CLDN5,167,"(""CLDN5""[Title/Abstract]) AND (humans[MeSH Terms])",2026-07
HGNC:2074,CLN3,455,"(""CLN3""[Title/Abstract]) AND (humans[MeSH Terms])",2026-07
HGNC:2076,CLN5,159,"(""CLN5""[Title/Abstract]) AND (humans[MeSH Terms])",2026-07
HGNC:2077,CLN6,135,"(""CLN6""[Title/Abstract]) AND (humans[MeSH Terms])",2026-07
HGNC:2079,CLN8,106,"(""CLN8""[Title/Abstract]) AND (humans[MeSH Terms])",2026-07
HGNC:30664,CLPB,156,"(""CLPB""[Title/Abstract]) AND (humans[MeSH Terms])",2026-07
HGNC:2092,CLTC,164,"(""CLTC""[Title/Abstract]) AND (humans[MeSH Terms])",2026-07
HGNC:19701,CNKSR2,34,"(""CNKSR2""[Title/Abstract]) AND (humans[MeSH Terms])",2026-07
HGNC:103,CNNM2,74,"(""CNNM2""[Title/Abstract]) AND (humans[MeSH Terms])",2026-07
HGNC:7879,CNOT3,58,"(""CNOT3""[Title/Abstract]) AND (humans[MeSH Terms])",2026-07
HGNC:10445,CNOT9,9,"(""CNOT9""[Title/Abstract]) AND (humans[MeSH Terms])",2026-07
HGNC:11968,CNPY3,15,"(""CNPY3""[Title/Abstract]) AND (humans[MeSH Terms])",2026-07
HGNC:8011,CNTNAP1,38,"(""CNTNAP1""[Title/Abstract]) AND (humans[MeSH Terms])",2026-07
HGNC:13830,CNTNAP2,262,"(""CNTNAP2""[Title/Abstract]) AND (humans[MeSH Terms])",2026-07
HGNC:18620,COG4,35,"(""COG4""[Title/Abstract]) AND (humans[MeSH Terms])",2026-07
HGNC:18621,COG6,50,"(""COG6""[Title/Abstract]) AND (humans[MeSH Terms])",2026-07
HGNC:18622,COG7,37,"(""COG7""[Title/Abstract]) AND (humans[MeSH Terms])",2026-07
HGNC:18623,COG8,34,"(""COG8""[Title/Abstract]) AND (humans[MeSH Terms])",2026-07
HGNC:2195,COL18A1,180,"(""COL18A1""[Title/Abstract]) AND (humans[MeSH Terms])",2026-07
HGNC:2201,COL3A1,1188,"(""COL3A1""[Title/Abstract]) AND (humans[MeSH Terms])",2026-07
HGNC:2202,COL4A1,635,"(""COL4A1""[Title/Abstract]) AND (humans[MeSH Terms])",2026-07
HGNC:2203,COL4A2,323,"(""COL4A2""[Title/Abstract]) AND (humans[MeSH Terms])",2026-07
HGNC:25223,COQ2,132,"(""COQ2""[Title/Abstract]) AND (humans[MeSH Terms])",2026-07
HGNC:19693,COQ4,48,"(""COQ4""[Title/Abstract]) AND (humans[MeSH Terms])",2026-07
HGNC:20233,COQ6,48,"(""COQ6""[Title/Abstract]) AND (humans[MeSH Terms])",2026-07
HGNC:16812,COQ8A,25,"(""COQ8A""[Title/Abstract]) AND (humans[MeSH Terms])",2026-07
HGNC:25302,COQ9,68,"(""COQ9""[Title/Abstract]) AND (humans[MeSH Terms])",2026-07
HGNC:2260,COX10,81,"(""COX10""[Title/Abstract]) AND (humans[MeSH Terms])",2026-07
HGNC:2263,COX15,41,"(""COX15""[Title/Abstract]) AND (humans[MeSH Terms])",2026-07
HGNC:2295,CP,38028,"(""CP""[Title/Abstract]) AND (humans[MeSH Terms])",2026-07
HGNC:2309,CPLX1,41,"(""CPLX1""[Title/Abstract]) AND (humans[MeSH Terms])",2026-07
HGNC:2326,CPSF3,32,"(""CPSF3""[Title/Abstract]) AND (humans[MeSH Terms])",2026-07
HGNC:2330,CPT2,286,"(""CPT2""[Title/Abstract]) AND (humans[MeSH Terms])",2026-07
HGNC:2340,CRADD,53,"(""CRADD""[Title/Abstract]) AND (humans[MeSH Terms])",2026-07
HGNC:2348,CREBBP,854,"(""CREBBP""[Title/Abstract]) AND (humans[MeSH Terms])",2026-07
HGNC:14630,CRELD1,41,"(""CRELD1""[Title/Abstract]) AND (humans[MeSH Terms])",2026-07
HGNC:15762,CRNKL1,10,"(""CRNKL1""[Title/Abstract]) AND (humans[MeSH Terms])",2026-07
HGNC:37276,CRPPA,7,"(""CRPPA""[Title/Abstract]) AND (humans[MeSH Terms])",2026-07
HGNC:2433,CSF1R,1438,"(""CSF1R""[Title/Abstract]) AND (humans[MeSH Terms])",2026-07
HGNC:2453,CSNK1E,86,"(""CSNK1E""[Title/Abstract]) AND (humans[MeSH Terms])",2026-07
HGNC:2457,CSNK2A1,120,"(""CSNK2A1""[Title/Abstract]) AND (humans[MeSH Terms])",2026-07
HGNC:2460,CSNK2B,66,"(""CSNK2B""[Title/Abstract]) AND (humans[MeSH Terms])",2026-07
HGNC:2481,CSTA,84,"(""CSTA""[Title/Abstract]) AND (humans[MeSH Terms])",2026-07
HGNC:2482,CSTB,152,"(""CSTB""[Title/Abstract]) AND (humans[MeSH Terms])",2026-07
HGNC:2510,CTNNA2,68,"(""CTNNA2""[Title/Abstract]) AND (humans[MeSH Terms])",2026-07
HGNC:2529,CTSD,451,"(""CTSD""[Title/Abstract]) AND (humans[MeSH Terms])",2026-07
HGNC:2531,CTSF,53,"(""CTSF""[Title/Abstract]) AND (humans[MeSH Terms])",2026-07
HGNC:28005,CTU2,15,"(""CTU2""[Title/Abstract]) AND (humans[MeSH Terms])",2026-07
HGNC:2553,CUL3,609,"(""CUL3""[Title/Abstract]) AND (humans[MeSH Terms])",2026-07
HGNC:2555,CUL4B,203,"(""CUL4B""[Title/Abstract]) AND (humans[MeSH Terms])",2026-07
HGNC:19347,CUX2,59,"(""CUX2""[Title/Abstract]) AND (humans[MeSH Terms])",2026-07
HGNC:25613,CWF19L1,15,"(""CWF19L1""[Title/Abstract]) AND (humans[MeSH Terms])",2026-07
HGNC:13760,CYFIP2,79,"(""CYFIP2""[Title/Abstract]) AND (humans[MeSH Terms])",2026-07
HGNC:2605,CYP27A1,547,"(""CYP27A1""[Title/Abstract]) AND (humans[MeSH Terms])",2026-07
HGNC:28358,D2HGDH,41,"(""D2HGDH""[Title/Abstract]) AND (humans[MeSH Terms])",2026-07
HGNC:2666,DAG1,66,"(""DAG1""[Title/Abstract]) AND (humans[MeSH Terms])",2026-07
HGNC:2698,DBT,2415,"(""DBT""[Title/Abstract]) AND (humans[MeSH Terms])",2026-07
HGNC:13681,DCHS1,42,"(""DCHS1""[Title/Abstract]) AND (humans[MeSH Terms])",2026-07
HGNC:2714,DCX,583,"(""DCX""[Title/Abstract]) AND (humans[MeSH Terms])",2026-07
HGNC:2719,DDC,1649,"(""DDC""[Title/Abstract]) AND (humans[MeSH Terms])",2026-07
HGNC:13917,DDX39B,55,"(""DDX39B""[Title/Abstract]) AND (humans[MeSH Terms])",2026-07
HGNC:2745,DDX3X,399,"(""DDX3X""[Title/Abstract]) AND (humans[MeSH Terms])",2026-07
HGNC:20083,DDX53,24,"(""DDX53""[Title/Abstract]) AND (humans[MeSH Terms])",2026-07
HGNC:14677,DEAF1,88,"(""DEAF1""[Title/Abstract]) AND (humans[MeSH Terms])",2026-07
HGNC:13709,DEGS1,211,"(""DEGS1""[Title/Abstract]) AND (humans[MeSH Terms])",2026-07
HGNC:11350,DENND2B,6,"(""DENND2B""[Title/Abstract]) AND (humans[MeSH Terms])",2026-07
HGNC:19344,DENND5A,10,"(""DENND5A""[Title/Abstract]) AND (humans[MeSH Terms])",2026-07
HGNC:28338,DENND5B,12,"(""DENND5B""[Title/Abstract]) AND (humans[MeSH Terms])",2026-07
HGNC:18423,DEPDC5,179,"(""DEPDC5""[Title/Abstract]) AND (humans[MeSH Terms])",2026-07
HGNC:2859,DHCR24,201,"(""DHCR24""[Title/Abstract]) AND (humans[MeSH Terms])",2026-07
HGNC:20603,DHDDS,43,"(""DHDDS""[Title/Abstract]) AND (humans[MeSH Terms])",2026-07
HGNC:2861,DHFR,2195,"(""DHFR""[Title/Abstract]) AND (humans[MeSH Terms])",2026-07
HGNC:2869,DHPS,774,"(""DHPS""[Title/Abstract]) AND (humans[MeSH Terms])",2026-07
HGNC:2739,DHX16,20,"(""DHX16""[Title/Abstract]) AND (humans[MeSH Terms])",2026-07
HGNC:16716,DHX30,27,"(""DHX30""[Title/Abstract]) AND (humans[MeSH Terms])",2026-07
HGNC:2750,DHX9,226,"(""DHX9""[Title/Abstract]) AND (humans[MeSH Terms])",2026-07
HGNC:2876,DIAPH1,153,"(""DIAPH1""[Title/Abstract]) AND (humans[MeSH Terms])",2026-07
HGNC:29150,DIP2C,38,"(""DIP2C""[Title/Abstract]) AND (humans[MeSH Terms])",2026-07
HGNC:2903,DLG4,111,"(""DLG4""[Title/Abstract]) AND (humans[MeSH Terms])",2026-07
HGNC:2908,DLL1,336,"(""DLL1""[Title/Abstract]) AND (humans[MeSH Terms])",2026-07
HGNC:13908,DMRTA2,13,"(""DMRTA2""[Title/Abstract]) AND (humans[MeSH Terms])",2026-07
HGNC:2938,DMXL2,32,"(""DMXL2""[Title/Abstract]) AND (humans[MeSH Terms])",2026-07
HGNC:2945,DNAH14,18,"(""DNAH14""[Title/Abstract]) AND (humans[MeSH Terms])",2026-07
HGNC:16235,DNAJC5,47,"(""DNAJC5""[Title/Abstract]) AND (humans[MeSH Terms])",2026-07
HGNC:15469,DNAJC6,76,"(""DNAJC6""[Title/Abstract]) AND (humans[MeSH Terms])",2026-07
HGNC:2972,DNM1,103,"(""DNM1""[Title/Abstract]) AND (humans[MeSH Terms])",2026-07
HGNC:2973,DNM1L,166,"(""DNM1L""[Title/Abstract]) AND (humans[MeSH Terms])",2026-07
HGNC:2978,DNMT3A,3180,"(""DNMT3A""[Title/Abstract]) AND (humans[MeSH Terms])",2026-07
HGNC:19190,DOCK7,57,"(""DOCK7""[Title/Abstract]) AND (humans[MeSH Terms])",2026-07
HGNC:28662,DOHH,88,"(""DOHH""[Title/Abstract]) AND (humans[MeSH Terms])",2026-07
HGNC:23406,DOLK,24,"(""DOLK""[Title/Abstract]) AND (humans[MeSH Terms])",2026-07
HGNC:2995,DPAGT1,76,"(""DPAGT1""[Title/Abstract]) AND (humans[MeSH Terms])",2026-07
HGNC:3005,DPM1,52,"(""DPM1""[Title/Abstract]) AND (humans[MeSH Terms])",2026-07
HGNC:3006,DPM2,38,"(""DPM2""[Title/Abstract]) AND (humans[MeSH Terms])",2026-07
HGNC:3007,DPM3,25,"(""DPM3""[Title/Abstract]) AND (humans[MeSH Terms])",2026-07
HGNC:3012,DPYD,707,"(""DPYD""[Title/Abstract]) AND (humans[MeSH Terms])",2026-07
HGNC:17904,DROSHA,841,"(""DROSHA""[Title/Abstract]) AND (humans[MeSH Terms])",2026-07
HGNC:2961,DYNC1H1,121,"(""DYNC1H1""[Title/Abstract]) AND (humans[MeSH Terms])",2026-07
HGNC:2962,DYNC2H1,95,"(""DYNC2H1""[Title/Abstract]) AND (humans[MeSH Terms])",2026-07
HGNC:3091,DYRK1A,699,"(""DYRK1A""[Title/Abstract]) AND (humans[MeSH Terms])",2026-07
HGNC:29419,EARS2,33,"(""EARS2""[Title/Abstract]) AND (humans[MeSH Terms])",2026-07
HGNC:3151,ECHS1,114,"(""ECHS1""[Title/Abstract]) AND (humans[MeSH Terms])",2026-07
HGNC:3153,ECM1,280,"(""ECM1""[Title/Abstract]) AND (humans[MeSH Terms])",2026-07
HGNC:3188,EED,1148,"(""EED""[Title/Abstract]) AND (humans[MeSH Terms])",2026-07
HGNC:3192,EEF1A2,184,"(""EEF1A2""[Title/Abstract]) AND (humans[MeSH Terms])",2026-07
HGNC:3208,EEF1B2,24,"(""EEF1B2""[Title/Abstract]) AND (humans[MeSH Terms])",2026-07
HGNC:30858,EFTUD2,103,"(""EFTUD2""[Title/Abstract]) AND (humans[MeSH Terms])",2026-07
HGNC:24650,EHMT1,190,"(""EHMT1""[Title/Abstract]) AND (humans[MeSH Terms])",2026-07
HGNC:9437,EIF2AK2,130,"(""EIF2AK2""[Title/Abstract]) AND (humans[MeSH Terms])",2026-07
HGNC:3257,EIF2B1,49,"(""EIF2B1""[Title/Abstract]) AND (humans[MeSH Terms])",2026-07
HGNC:3258,EIF2B2,45,"(""EIF2B2""[Title/Abstract]) AND (humans[MeSH Terms])",2026-07
HGNC:3259,EIF2B3,34,"(""EIF2B3""[Title/Abstract]) AND (humans[MeSH Terms])",2026-07
HGNC:3260,EIF2B4,24,"(""EIF2B4""[Title/Abstract]) AND (humans[MeSH Terms])",2026-07
HGNC:3261,EIF2B5,88,"(""EIF2B5""[Title/Abstract]) AND (humans[MeSH Terms])",2026-07
HGNC:3267,EIF2S3,38,"(""EIF2S3""[Title/Abstract]) AND (humans[MeSH Terms])",2026-07
HGNC:3275,EIF3F,64,"(""EIF3F""[Title/Abstract]) AND (humans[MeSH Terms])",2026-07
HGNC:3284,EIF4A2,64,"(""EIF4A2""[Title/Abstract]) AND (humans[MeSH Terms])",2026-07
HGNC:14415,ELOVL4,154,"(""ELOVL4""[Title/Abstract]) AND (humans[MeSH Terms])",2026-07
HGNC:28957,EMC1,23,"(""EMC1""[Title/Abstract]) AND (humans[MeSH Terms])",2026-07
HGNC:27609,EMC10,17,"(""EMC10""[Title/Abstract]) AND (humans[MeSH Terms])",2026-07
HGNC:3330,EML1,32,"(""EML1""[Title/Abstract]) AND (humans[MeSH Terms])",2026-07
HGNC:3372,EOMES,503,"(""EOMES""[Title/Abstract]) AND (humans[MeSH Terms])",2026-07
HGNC:11958,EP400,69,"(""EP400""[Title/Abstract]) AND (humans[MeSH Terms])",2026-07
HGNC:3380,EPB41L3,94,"(""EPB41L3""[Title/Abstract]) AND (humans[MeSH Terms])",2026-07
HGNC:29331,EPG5,71,"(""EPG5""[Title/Abstract]) AND (humans[MeSH Terms])",2026-07
HGNC:3413,EPM2A,153,"(""EPM2A""[Title/Abstract]) AND (humans[MeSH Terms])",2026-07
HGNC:21056,ERMARD,4,"(""ERMARD""[Title/Abstract]) AND (humans[MeSH Terms])",2026-07
HGNC:17474,ESAM,87,"(""ESAM""[Title/Abstract]) AND (humans[MeSH Terms])",2026-07
HGNC:23287,ETHE1,74,"(""ETHE1""[Title/Abstract]) AND (humans[MeSH Terms])",2026-07
HGNC:23214,EXOC7,23,"(""EXOC7""[Title/Abstract]) AND (humans[MeSH Terms])",2026-07
HGNC:17944,EXOSC3,54,"(""EXOSC3""[Title/Abstract]) AND (humans[MeSH Terms])",2026-07
HGNC:3513,EXT2,344,"(""EXT2""[Title/Abstract]) AND (humans[MeSH Terms])",2026-07
HGNC:21197,FA2H,122,"(""FA2H""[Title/Abstract]) AND (humans[MeSH Terms])",2026-07
HGNC:19829,FAM177A1,10,"(""FAM177A1""[Title/Abstract]) AND (humans[MeSH Terms])",2026-07
HGNC:26222,FAR1,48,"(""FAR1""[Title/Abstract]) AND (humans[MeSH Terms])",2026-07
HGNC:21062,FARS2,38,"(""FARS2""[Title/Abstract]) AND (humans[MeSH Terms])",2026-07
HGNC:29160,FASTKD2,29,"(""FASTKD2""[Title/Abstract]) AND (humans[MeSH Terms])",2026-07
HGNC:13601,FBXL4,56,"(""FBXL4""[Title/Abstract]) AND (humans[MeSH Terms])",2026-07
HGNC:13590,FBXO11,101,"(""FBXO11""[Title/Abstract]) AND (humans[MeSH Terms])",2026-07
HGNC:29046,FBXO28,28,"(""FBXO28""[Title/Abstract]) AND (humans[MeSH Terms])",2026-07
HGNC:16712,FBXW7,1065,"(""FBXW7""[Title/Abstract]) AND (humans[MeSH Terms])",2026-07
HGNC:29500,FCSK,9,"(""FCSK""[Title/Abstract]) AND (humans[MeSH Terms])",2026-07
HGNC:3629,FDFT1,127,"(""FDFT1""[Title/Abstract]) AND (humans[MeSH Terms])",2026-07
HGNC:3668,FGF12,116,"(""FGF12""[Title/Abstract]) AND (humans[MeSH Terms])",2026-07
HGNC:3670,FGF13,125,"(""FGF13""[Title/Abstract]) AND (humans[MeSH Terms])",2026-07
HGNC:3690,FGFR3,2726,"(""FGFR3""[Title/Abstract]) AND (humans[MeSH Terms])",2026-07
HGNC:3700,FH,8742,"(""FH""[Title/Abstract]) AND (humans[MeSH Terms])",2026-07
HGNC:16873,FIG4,111,"(""FIG4""[Title/Abstract]) AND (humans[MeSH Terms])",2026-07
HGNC:17997,FKRP,234,"(""FKRP""[Title/Abstract]) AND (humans[MeSH Terms])",2026-07
HGNC:3622,FKTN,80,"(""FKTN""[Title/Abstract]) AND (humans[MeSH Terms])",2026-07
HGNC:3754,FLNA,670,"(""FLNA""[Title/Abstract]) AND (humans[MeSH Terms])",2026-07
HGNC:24682,FLVCR1,90,"(""FLVCR1""[Title/Abstract]) AND (humans[MeSH Terms])",2026-07
HGNC:3791,FOLR1,251,"(""FOLR1""[Title/Abstract]) AND (humans[MeSH Terms])",2026-07
HGNC:3811,FOXG1,308,"(""FOXG1""[Title/Abstract]) AND (humans[MeSH Terms])",2026-07
HGNC:3823,FOXP1,654,"(""FOXP1""[Title/Abstract]) AND (humans[MeSH Terms])",2026-07
HGNC:26927,FOXRED1,17,"(""FOXRED1""[Title/Abstract]) AND (humans[MeSH Terms])",2026-07
HGNC:1162,FRA10AC1,8,"(""FRA10AC1""[Title/Abstract]) AND (humans[MeSH Terms])",2026-07
HGNC:28214,FRMD5,14,"(""FRMD5""[Title/Abstract]) AND (humans[MeSH Terms])",2026-07
HGNC:1362,FRRS1L,11,"(""FRRS1L""[Title/Abstract]) AND (humans[MeSH Terms])",2026-07
HGNC:29127,FRYL,14,"(""FRYL""[Title/Abstract]) AND (humans[MeSH Terms])",2026-07
HGNC:13753,FSD1L,9,"(""FSD1L""[Title/Abstract]) AND (humans[MeSH Terms])",2026-07
HGNC:4006,FUCA1,83,"(""FUCA1""[Title/Abstract]) AND (humans[MeSH Terms])",2026-07
HGNC:4019,FUT8,271,"(""FUT8""[Title/Abstract]) AND (humans[MeSH Terms])",2026-07
HGNC:24824,FZR1,47,"(""FZR1""[Title/Abstract]) AND (humans[MeSH Terms])",2026-07
HGNC:4507,GABBR2,80,"(""GABBR2""[Title/Abstract]) AND (humans[MeSH Terms])",2026-07
HGNC:4075,GABRA1,188,"(""GABRA1""[Title/Abstract]) AND (humans[MeSH Terms])",2026-07
HGNC:4076,GABRA2,175,"(""GABRA2""[Title/Abstract]) AND (humans[MeSH Terms])",2026-07
HGNC:4077,GABRA3,77,"(""GABRA3""[Title/Abstract]) AND (humans[MeSH Terms])",2026-07
HGNC:4078,GABRA4,56,"(""GABRA4""[Title/Abstract]) AND (humans[MeSH Terms])",2026-07
HGNC:4079,GABRA5,107,"(""GABRA5""[Title/Abstract]) AND (humans[MeSH Terms])",2026-07
HGNC:4081,GABRB1,66,"(""GABRB1""[Title/Abstract]) AND (humans[MeSH Terms])",2026-07
HGNC:4082,GABRB2,106,"(""GABRB2""[Title/Abstract]) AND (humans[MeSH Terms])",2026-07
HGNC:4083,GABRB3,285,"(""GABRB3""[Title/Abstract]) AND (humans[MeSH Terms])",2026-07
HGNC:4084,GABRD,71,"(""GABRD""[Title/Abstract]) AND (humans[MeSH Terms])",2026-07
HGNC:4087,GABRG2,264,"(""GABRG2""[Title/Abstract]) AND (humans[MeSH Terms])",2026-07
HGNC:4092,GAD1,241,"(""GAD1""[Title/Abstract]) AND (humans[MeSH Terms])",2026-07
HGNC:4115,GALC,425,"(""GALC""[Title/Abstract]) AND (humans[MeSH Terms])",2026-07
HGNC:4124,GALNT2,106,"(""GALNT2""[Title/Abstract]) AND (humans[MeSH Terms])",2026-07
HGNC:4136,GAMT,184,"(""GAMT""[Title/Abstract]) AND (humans[MeSH Terms])",2026-07
HGNC:30778,GATAD2B,40,"(""GATAD2B""[Title/Abstract]) AND (humans[MeSH Terms])",2026-07
HGNC:4175,GATM,119,"(""GATM""[Title/Abstract]) AND (humans[MeSH Terms])",2026-07
HGNC:4177,GBA1,577,"(""GBA1""[Title/Abstract]) AND (humans[MeSH Terms])",2026-07
HGNC:4189,GCDH,165,"(""GCDH""[Title/Abstract]) AND (humans[MeSH Terms])",2026-07
HGNC:4193,GCH1,482,"(""GCH1""[Title/Abstract]) AND (humans[MeSH Terms])",2026-07
HGNC:4208,GCSH,91,"(""GCSH""[Title/Abstract]) AND (humans[MeSH Terms])",2026-07
HGNC:4235,GFAP,8307,"(""GFAP""[Title/Abstract]) AND (humans[MeSH Terms])",2026-07
HGNC:13780,GFM1,23,"(""GFM1""[Title/Abstract]) AND (humans[MeSH Terms])",2026-07
HGNC:4298,GLB1,179,"(""GLB1""[Title/Abstract]) AND (humans[MeSH Terms])",2026-07
HGNC:4313,GLDC,134,"(""GLDC""[Title/Abstract]) AND (humans[MeSH Terms])",2026-07
HGNC:4319,GLI3,607,"(""GLI3""[Title/Abstract]) AND (humans[MeSH Terms])",2026-07
HGNC:4331,GLS,4026,"(""GLS""[Title/Abstract]) AND (humans[MeSH Terms])",2026-07
HGNC:4335,GLUD1,249,"(""GLUD1""[Title/Abstract]) AND (humans[MeSH Terms])",2026-07
HGNC:4341,GLUL,160,"(""GLUL""[Title/Abstract]) AND (humans[MeSH Terms])",2026-07
HGNC:24247,GLYCTK,10,"(""GLYCTK""[Title/Abstract]) AND (humans[MeSH Terms])",2026-07
HGNC:4367,GM2A,51,"(""GM2A""[Title/Abstract]) AND (humans[MeSH Terms])",2026-07
HGNC:22923,GMPPA,15,"(""GMPPA""[Title/Abstract]) AND (humans[MeSH Terms])",2026-07
HGNC:22932,GMPPB,79,"(""GMPPB""[Title/Abstract]) AND (humans[MeSH Terms])",2026-07
HGNC:4384,GNAI1,64,"(""GNAI1""[Title/Abstract]) AND (humans[MeSH Terms])",2026-07
HGNC:4389,GNAO1,156,"(""GNAO1""[Title/Abstract]) AND (humans[MeSH Terms])",2026-07
HGNC:4396,GNB1,99,"(""GNB1""[Title/Abstract]) AND (humans[MeSH Terms])",2026-07
HGNC:4401,GNB5,47,"(""GNB5""[Title/Abstract]) AND (humans[MeSH Terms])",2026-07
HGNC:4431,GOSR2,41,"(""GOSR2""[Title/Abstract]) AND (humans[MeSH Terms])",2026-07
HGNC:4433,GOT2,111,"(""GOT2""[Title/Abstract]) AND (humans[MeSH Terms])",2026-07
HGNC:4446,GPAA1,34,"(""GPAA1""[Title/Abstract]) AND (humans[MeSH Terms])",2026-07
HGNC:15465,GPHN,45,"(""GPHN""[Title/Abstract]) AND (humans[MeSH Terms])",2026-07
HGNC:29501,GPSM2,50,"(""GPSM2""[Title/Abstract]) AND (humans[MeSH Terms])",2026-07
HGNC:18062,GPT2,132,"(""GPT2""[Title/Abstract]) AND (humans[MeSH Terms])",2026-07
HGNC:4571,GRIA1,118,"(""GRIA1""[Title/Abstract]) AND (humans[MeSH Terms])",2026-07
HGNC:4572,GRIA2,111,"(""GRIA2""[Title/Abstract]) AND (humans[MeSH Terms])",2026-07
HGNC:4573,GRIA3,98,"(""GRIA3""[Title/Abstract]) AND (humans[MeSH Terms])",2026-07
HGNC:4574,GRIA4,69,"(""GRIA4""[Title/Abstract]) AND (humans[MeSH Terms])",2026-07
HGNC:4580,GRIK2,127,"(""GRIK2""[Title/Abstract]) AND (humans[MeSH Terms])",2026-07
HGNC:4584,GRIN1,193,"(""GRIN1""[Title/Abstract]) AND (humans[MeSH Terms])",2026-07
HGNC:4585,GRIN2A,346,"(""GRIN2A""[Title/Abstract]) AND (humans[MeSH Terms])",2026-07
HGNC:4586,GRIN2B,386,"(""GRIN2B""[Title/Abstract]) AND (humans[MeSH Terms])",2026-07
HGNC:4588,GRIN2D,67,"(""GRIN2D""[Title/Abstract]) AND (humans[MeSH Terms])",2026-07
HGNC:4599,GRM7,127,"(""GRM7""[Title/Abstract]) AND (humans[MeSH Terms])",2026-07
HGNC:4601,GRN,1393,"(""GRN""[Title/Abstract]) AND (humans[MeSH Terms])",2026-07
HGNC:4622,GSPT2,21,"(""GSPT2""[Title/Abstract]) AND (humans[MeSH Terms])",2026-07
HGNC:4624,GSS,1514,"(""GSS""[Title/Abstract]) AND (humans[MeSH Terms])",2026-07
HGNC:4666,GTF3C3,6,"(""GTF3C3""[Title/Abstract]) AND (humans[MeSH Terms])",2026-07
HGNC:4670,GTPBP2,20,"(""GTPBP2""[Title/Abstract]) AND (humans[MeSH Terms])",2026-07
HGNC:14880,GTPBP3,32,"(""GTPBP3""[Title/Abstract]) AND (humans[MeSH Terms])",2026-07
HGNC:4764,H3-3A,53,"(""H3-3A""[Title/Abstract]) AND (humans[MeSH Terms])",2026-07
HGNC:4765,H3-3B,20,"(""H3-3B""[Title/Abstract]) AND (humans[MeSH Terms])",2026-07
HGNC:21033,HACE1,100,"(""HACE1""[Title/Abstract]) AND (humans[MeSH Terms])",2026-07
HGNC:16915,HAX1,259,"(""HAX1""[Title/Abstract]) AND (humans[MeSH Terms])",2026-07
HGNC:4837,HCCS,6020,"(""HCCS""[Title/Abstract]) AND (humans[MeSH Terms])",2026-07
HGNC:4839,HCFC1,65,"(""HCFC1""[Title/Abstract]) AND (humans[MeSH Terms])",2026-07
HGNC:4845,HCN1,259,"(""HCN1""[Title/Abstract]) AND (humans[MeSH Terms])",2026-07
HGNC:4846,HCN2,257,"(""HCN2""[Title/Abstract]) AND (humans[MeSH Terms])",2026-07
HGNC:4854,HDAC3,1285,"(""HDAC3""[Title/Abstract]) AND (humans[MeSH Terms])",2026-07
HGNC:13315,HDAC8,590,"(""HDAC8""[Title/Abstract]) AND (humans[MeSH Terms])",2026-07
HGNC:20157,HECTD1,48,"(""HECTD1""[Title/Abstract]) AND (humans[MeSH Terms])",2026-07
HGNC:29853,HECW2,53,"(""HECW2""[Title/Abstract]) AND (humans[MeSH Terms])",2026-07
HGNC:26361,HEPACAM,60,"(""HEPACAM""[Title/Abstract]) AND (humans[MeSH Terms])",2026-07
HGNC:4868,HERC2,229,"(""HERC2""[Title/Abstract]) AND (humans[MeSH Terms])",2026-07
HGNC:4878,HEXA,1360,"(""HEXA""[Title/Abstract]) AND (humans[MeSH Terms])",2026-07
HGNC:4879,HEXB,233,"(""HEXB""[Title/Abstract]) AND (humans[MeSH Terms])",2026-07
HGNC:15736,HID1,18,"(""HID1""[Title/Abstract]) AND (humans[MeSH Terms])",2026-07
HGNC:4921,HIVEP2,33,"(""HIVEP2""[Title/Abstract]) AND (humans[MeSH Terms])",2026-07
HGNC:4922,HK1,559,"(""HK1""[Title/Abstract]) AND (humans[MeSH Terms])",2026-07
HGNC:4976,HLCS,448,"(""HLCS""[Title/Abstract]) AND (humans[MeSH Terms])",2026-07
HGNC:5005,HMGCL,48,"(""HMGCL""[Title/Abstract]) AND (humans[MeSH Terms])",2026-07
HGNC:5041,HNRNPH1,93,"(""HNRNPH1""[Title/Abstract]) AND (humans[MeSH Terms])",2026-07
HGNC:5042,HNRNPH2,34,"(""HNRNPH2""[Title/Abstract]) AND (humans[MeSH Terms])",2026-07
HGNC:5044,HNRNPK,310,"(""HNRNPK""[Title/Abstract]) AND (humans[MeSH Terms])",2026-07
HGNC:5047,HNRNPR,35,"(""HNRNPR""[Title/Abstract]) AND (humans[MeSH Terms])",2026-07
HGNC:5048,HNRNPU,183,"(""HNRNPU""[Title/Abstract]) AND (humans[MeSH Terms])",2026-07
HGNC:5099,HOXA1,267,"(""HOXA1""[Title/Abstract]) AND (humans[MeSH Terms])",2026-07
HGNC:28242,HPDL,247,"(""HPDL""[Title/Abstract]) AND (humans[MeSH Terms])",2026-07
HGNC:5157,HPRT1,380,"(""HPRT1""[Title/Abstract]) AND (humans[MeSH Terms])",2026-07
HGNC:5173,HRAS,3896,"(""HRAS""[Title/Abstract]) AND (humans[MeSH Terms])",2026-07
HGNC:5213,HSD17B4,106,"(""HSD17B4""[Title/Abstract]) AND (humans[MeSH Terms])",2026-07
HGNC:5261,HSPD1,171,"(""HSPD1""[Title/Abstract]) AND (humans[MeSH Terms])",2026-07
HGNC:14348,HTRA2,460,"(""HTRA2""[Title/Abstract]) AND (humans[MeSH Terms])",2026-07
HGNC:4851,HTT,3086,"(""HTT""[Title/Abstract]) AND (humans[MeSH Terms])",2026-07
HGNC:29685,IARS2,28,"(""IARS2""[Title/Abstract]) AND (humans[MeSH Terms])",2026-07
HGNC:27302,IBA57,38,"(""IBA57""[Title/Abstract]) AND (humans[MeSH Terms])",2026-07
HGNC:5383,IDH2,1772,"(""IDH2""[Title/Abstract]) AND (humans[MeSH Terms])",2026-07
HGNC:18550,IER3IP1,24,"(""IER3IP1""[Title/Abstract]) AND (humans[MeSH Terms])",2026-07
HGNC:18873,IFIH1,426,"(""IFIH1""[Title/Abstract]) AND (humans[MeSH Terms])",2026-07
HGNC:5961,IKBKG,199,"(""IKBKG""[Title/Abstract]) AND (humans[MeSH Terms])",2026-07
HGNC:26052,INTS11,26,"(""INTS11""[Title/Abstract]) AND (humans[MeSH Terms])",2026-07
HGNC:26048,INTS8,15,"(""INTS8""[Title/Abstract]) AND (humans[MeSH Terms])",2026-07
HGNC:29059,IQSEC2,78,"(""IQSEC2""[Title/Abstract]) AND (humans[MeSH Terms])",2026-07
HGNC:14282,IRF2BPL,42,"(""IRF2BPL""[Title/Abstract]) AND (humans[MeSH Terms])",2026-07
HGNC:28660,ISCA1,31,"(""ISCA1""[Title/Abstract]) AND (humans[MeSH Terms])",2026-07
HGNC:6158,ITGB4,293,"(""ITGB4""[Title/Abstract]) AND (humans[MeSH Terms])",2026-07
HGNC:6176,ITPA,410,"(""ITPA""[Title/Abstract]) AND (humans[MeSH Terms])",2026-07
HGNC:6196,JARID2,157,"(""JARID2""[Title/Abstract]) AND (humans[MeSH Terms])",2026-07
HGNC:20184,JKAMP,3,"(""JKAMP""[Title/Abstract]) AND (humans[MeSH Terms])",2026-07
HGNC:12313,JMJD1C,94,"(""JMJD1C""[Title/Abstract]) AND (humans[MeSH Terms])",2026-07
HGNC:24565,KANSL1,124,"(""KANSL1""[Title/Abstract]) AND (humans[MeSH Terms])",2026-07
HGNC:6215,KARS1,14,"(""KARS1""[Title/Abstract]) AND (humans[MeSH Terms])",2026-07
HGNC:5275,KAT5,118,"(""KAT5""[Title/Abstract]) AND (humans[MeSH Terms])",2026-07
HGNC:13013,KAT6A,185,"(""KAT6A""[Title/Abstract]) AND (humans[MeSH Terms])",2026-07
HGNC:17933,KAT8,103,"(""KAT8""[Title/Abstract]) AND (humans[MeSH Terms])",2026-07
HGNC:6217,KATNB1,17,"(""KATNB1""[Title/Abstract]) AND (humans[MeSH Terms])",2026-07
HGNC:6218,KCNA1,162,"(""KCNA1""[Title/Abstract]) AND (humans[MeSH Terms])",2026-07
HGNC:6220,KCNA2,91,"(""KCNA2""[Title/Abstract]) AND (humans[MeSH Terms])",2026-07
HGNC:6221,KCNA3,47,"(""KCNA3""[Title/Abstract]) AND (humans[MeSH Terms])",2026-07
HGNC:6225,KCNA6,16,"(""KCNA6""[Title/Abstract]) AND (humans[MeSH Terms])",2026-07
HGNC:6231,KCNB1,97,"(""KCNB1""[Title/Abstract]) AND (humans[MeSH Terms])",2026-07
HGNC:6232,KCNB2,27,"(""KCNB2""[Title/Abstract]) AND (humans[MeSH Terms])",2026-07
HGNC:6233,KCNC1,42,"(""KCNC1""[Title/Abstract]) AND (humans[MeSH Terms])",2026-07
HGNC:6234,KCNC2,21,"(""KCNC2""[Title/Abstract]) AND (humans[MeSH Terms])",2026-07
HGNC:6237,KCND1,10,"(""KCND1""[Title/Abstract]) AND (humans[MeSH Terms])",2026-07
HGNC:6238,KCND2,57,"(""KCND2""[Title/Abstract]) AND (humans[MeSH Terms])",2026-07
HGNC:6239,KCND3,99,"(""KCND3""[Title/Abstract]) AND (humans[MeSH Terms])",2026-07
HGNC:6250,KCNH1,69,"(""KCNH1""[Title/Abstract]) AND (humans[MeSH Terms])",2026-07
HGNC:6254,KCNH5,24,"(""KCNH5""[Title/Abstract]) AND (humans[MeSH Terms])",2026-07
HGNC:18863,KCNH7,18,"(""KCNH7""[Title/Abstract]) AND (humans[MeSH Terms])",2026-07
HGNC:6256,KCNJ10,154,"(""KCNJ10""[Title/Abstract]) AND (humans[MeSH Terms])",2026-07
HGNC:6257,KCNJ11,913,"(""KCNJ11""[Title/Abstract]) AND (humans[MeSH Terms])",2026-07
HGNC:6279,KCNK4,24,"(""KCNK4""[Title/Abstract]) AND (humans[MeSH Terms])",2026-07
HGNC:6284,KCNMA1,214,"(""KCNMA1""[Title/Abstract]) AND (humans[MeSH Terms])",2026-07
HGNC:6291,KCNN2,49,"(""KCNN2""[Title/Abstract]) AND (humans[MeSH Terms])",2026-07
HGNC:6296,KCNQ2,640,"(""KCNQ2""[Title/Abstract]) AND (humans[MeSH Terms])",2026-07
HGNC:6297,KCNQ3,266,"(""KCNQ3""[Title/Abstract]) AND (humans[MeSH Terms])",2026-07
HGNC:6299,KCNQ5,115,"(""KCNQ5""[Title/Abstract]) AND (humans[MeSH Terms])",2026-07
HGNC:18865,KCNT1,183,"(""KCNT1""[Title/Abstract]) AND (humans[MeSH Terms])",2026-07
HGNC:18866,KCNT2,26,"(""KCNT2""[Title/Abstract]) AND (humans[MeSH Terms])",2026-07
HGNC:21305,KCTD3,8,"(""KCTD3""[Title/Abstract]) AND (humans[MeSH Terms])",2026-07
HGNC:21957,KCTD7,36,"(""KCTD7""[Title/Abstract]) AND (humans[MeSH Terms])",2026-07
HGNC:13606,KDM2A,109,"(""KDM2A""[Title/Abstract]) AND (humans[MeSH Terms])",2026-07
HGNC:13610,KDM2B,132,"(""KDM2B""[Title/Abstract]) AND (humans[MeSH Terms])",2026-07
HGNC:29136,KDM4B,122,"(""KDM4B""[Title/Abstract]) AND (humans[MeSH Terms])",2026-07
HGNC:9886,KDM5A,204,"(""KDM5A""[Title/Abstract]) AND (humans[MeSH Terms])",2026-07
HGNC:11114,KDM5C,228,"(""KDM5C""[Title/Abstract]) AND (humans[MeSH Terms])",2026-07
HGNC:12637,KDM6A,551,"(""KDM6A""[Title/Abstract]) AND (humans[MeSH Terms])",2026-07
HGNC:26517,KICS2,1,"(""KICS2""[Title/Abstract]) AND (humans[MeSH Terms])",2026-07
HGNC:888,KIF1A,210,"(""KIF1A""[Title/Abstract]) AND (humans[MeSH Terms])",2026-07
HGNC:6318,KIF2A,112,"(""KIF2A""[Title/Abstract]) AND (humans[MeSH Terms])",2026-07
HGNC:6323,KIF5A,181,"(""KIF5A""[Title/Abstract]) AND (humans[MeSH Terms])",2026-07
HGNC:6324,KIF5B,319,"(""KIF5B""[Title/Abstract]) AND (humans[MeSH Terms])",2026-07
HGNC:6325,KIF5C,60,"(""KIF5C""[Title/Abstract]) AND (humans[MeSH Terms])",2026-07
HGNC:23419,KIFBP,3,"(""KIFBP""[Title/Abstract]) AND (humans[MeSH Terms])",2026-07
HGNC:25056,KLHL20,26,"(""KLHL20""[Title/Abstract]) AND (humans[MeSH Terms])",2026-07
HGNC:7132,KMT2A,1057,"(""KMT2A""[Title/Abstract]) AND (humans[MeSH Terms])",2026-07
HGNC:15840,KMT2B,150,"(""KMT2B""[Title/Abstract]) AND (humans[MeSH Terms])",2026-07
HGNC:13726,KMT2C,395,"(""KMT2C""[Title/Abstract]) AND (humans[MeSH Terms])",2026-07
HGNC:7133,KMT2D,925,"(""KMT2D""[Title/Abstract]) AND (humans[MeSH Terms])",2026-07
HGNC:18541,KMT2E,38,"(""KMT2E""[Title/Abstract]) AND (humans[MeSH Terms])",2026-07
HGNC:24283,KMT5B,31,"(""KMT5B""[Title/Abstract]) AND (humans[MeSH Terms])",2026-07
HGNC:6404,KPTN,17,"(""KPTN""[Title/Abstract]) AND (humans[MeSH Terms])",2026-07
HGNC:1573,KRIT1,320,"(""KRIT1""[Title/Abstract]) AND (humans[MeSH Terms])",2026-07
HGNC:20499,L2HGDH,52,"(""L2HGDH""[Title/Abstract]) AND (humans[MeSH Terms])",2026-07
HGNC:6482,LAMA2,308,"(""LAMA2""[Title/Abstract]) AND (humans[MeSH Terms])",2026-07
HGNC:6494,LAMC3,41,"(""LAMC3""[Title/Abstract]) AND (humans[MeSH Terms])",2026-07
HGNC:6511,LARGE1,21,"(""LARGE1""[Title/Abstract]) AND (humans[MeSH Terms])",2026-07
HGNC:6512,LARS1,29,"(""LARS1""[Title/Abstract]) AND (humans[MeSH Terms])",2026-07
HGNC:6572,LGI1,857,"(""LGI1""[Title/Abstract]) AND (humans[MeSH Terms])",2026-07
HGNC:16429,LIAS,207,"(""LIAS""[Title/Abstract]) AND (humans[MeSH Terms])",2026-07
HGNC:6600,LIG3,132,"(""LIG3""[Title/Abstract]) AND (humans[MeSH Terms])",2026-07
HGNC:37216,LIPT2,18,"(""LIPT2""[Title/Abstract]) AND (humans[MeSH Terms])",2026-07
HGNC:25287,LMBRD2,2,"(""LMBRD2""[Title/Abstract]) AND (humans[MeSH Terms])",2026-07
HGNC:6638,LMNB2,59,"(""LMNB2""[Title/Abstract]) AND (humans[MeSH Terms])",2026-07
HGNC:6654,LMX1B,252,"(""LMX1B""[Title/Abstract]) AND (humans[MeSH Terms])",2026-07
HGNC:21610,LNPK,7,"(""LNPK""[Title/Abstract]) AND (humans[MeSH Terms])",2026-07
HGNC:1742,LRBA,222,"(""LRBA""[Title/Abstract]) AND (humans[MeSH Terms])",2026-07
HGNC:15714,LRPPRC,197,"(""LRPPRC""[Title/Abstract]) AND (humans[MeSH Terms])",2026-07
HGNC:18531,LRRC7,15,"(""LRRC7""[Title/Abstract]) AND (humans[MeSH Terms])",2026-07
HGNC:6708,LSS,2502,"(""LSS""[Title/Abstract]) AND (humans[MeSH Terms])",2026-07
HGNC:1968,LYST,171,"(""LYST""[Title/Abstract]) AND (humans[MeSH Terms])",2026-07
HGNC:13664,MACF1,103,"(""MACF1""[Title/Abstract]) AND (humans[MeSH Terms])",2026-07
HGNC:6766,MADD,373,"(""MADD""[Title/Abstract]) AND (humans[MeSH Terms])",2026-07
HGNC:6776,MAF,2858,"(""MAF""[Title/Abstract]) AND (humans[MeSH Terms])",2026-07
HGNC:6831,MANBA,44,"(""MANBA""[Title/Abstract]) AND (humans[MeSH Terms])",2026-07
HGNC:6836,MAP1B,272,"(""MAP1B""[Title/Abstract]) AND (humans[MeSH Terms])",2026-07
HGNC:6840,MAP2K1,636,"(""MAP2K1""[Title/Abstract]) AND (humans[MeSH Terms])",2026-07
HGNC:6842,MAP2K2,147,"(""MAP2K2""[Title/Abstract]) AND (humans[MeSH Terms])",2026-07
HGNC:30550,MARCHF6,17,"(""MARCHF6""[Title/Abstract]) AND (humans[MeSH Terms])",2026-07
HGNC:3332,MARK2,143,"(""MARK2""[Title/Abstract]) AND (humans[MeSH Terms])",2026-07
HGNC:19034,MAST1,35,"(""MAST1""[Title/Abstract]) AND (humans[MeSH Terms])",2026-07
HGNC:19036,MAST3,23,"(""MAST3""[Title/Abstract]) AND (humans[MeSH Terms])",2026-07
HGNC:19037,MAST4,33,"(""MAST4""[Title/Abstract]) AND (humans[MeSH Terms])",2026-07
HGNC:20444,MBD5,86,"(""MBD5""[Title/Abstract]) AND (humans[MeSH Terms])",2026-07
HGNC:15505,MBOAT7,190,"(""MBOAT7""[Title/Abstract]) AND (humans[MeSH Terms])",2026-07
HGNC:6946,MCM3AP,85,"(""MCM3AP""[Title/Abstract]) AND (humans[MeSH Terms])",2026-07
HGNC:6954,MCPH1,189,"(""MCPH1""[Title/Abstract]) AND (humans[MeSH Terms])",2026-07
HGNC:19835,MDGA2,30,"(""MDGA2""[Title/Abstract]) AND (humans[MeSH Terms])",2026-07
HGNC:6970,MDH1,121,"(""MDH1""[Title/Abstract]) AND (humans[MeSH Terms])",2026-07
HGNC:6971,MDH2,124,"(""MDH2""[Title/Abstract]) AND (humans[MeSH Terms])",2026-07
HGNC:6990,MECP2,2426,"(""MECP2""[Title/Abstract]) AND (humans[MeSH Terms])",2026-07
HGNC:32687,MED11,10,"(""MED11""[Title/Abstract]) AND (humans[MeSH Terms])",2026-07
HGNC:11957,MED12,475,"(""MED12""[Title/Abstract]) AND (humans[MeSH Terms])",2026-07
HGNC:22962,MED13L,74,"(""MED13L""[Title/Abstract]) AND (humans[MeSH Terms])",2026-07
HGNC:2375,MED17,25,"(""MED17""[Title/Abstract]) AND (humans[MeSH Terms])",2026-07
HGNC:2372,MED23,58,"(""MED23""[Title/Abstract]) AND (humans[MeSH Terms])",2026-07
HGNC:28845,MED25,59,"(""MED25""[Title/Abstract]) AND (humans[MeSH Terms])",2026-07
HGNC:2377,MED27,18,"(""MED27""[Title/Abstract]) AND (humans[MeSH Terms])",2026-07
HGNC:6996,MEF2C,777,"(""MEF2C""[Title/Abstract]) AND (humans[MeSH Terms])",2026-07
HGNC:24858,MFF,454,"(""MFF""[Title/Abstract]) AND (humans[MeSH Terms])",2026-07
HGNC:28486,MFSD8,66,"(""MFSD8""[Title/Abstract]) AND (humans[MeSH Terms])",2026-07
HGNC:7102,MINPP1,27,"(""MINPP1""[Title/Abstract]) AND (humans[MeSH Terms])",2026-07
HGNC:17082,MLC1,222,"(""MLC1""[Title/Abstract]) AND (humans[MeSH Terms])",2026-07
HGNC:24525,MMACHC,223,"(""MMACHC""[Title/Abstract]) AND (humans[MeSH Terms])",2026-07
HGNC:25221,MMADHC,34,"(""MMADHC""[Title/Abstract]) AND (humans[MeSH Terms])",2026-07
HGNC:7190,MOCS1,52,"(""MOCS1""[Title/Abstract]) AND (humans[MeSH Terms])",2026-07
HGNC:7193,MOCS2,38,"(""MOCS2""[Title/Abstract]) AND (humans[MeSH Terms])",2026-07
HGNC:24862,MOGS,70,"(""MOGS""[Title/Abstract]) AND (humans[MeSH Terms])",2026-07
HGNC:23573,MORC2,88,"(""MORC2""[Title/Abstract]) AND (humans[MeSH Terms])",2026-07
HGNC:7207,MPDU1,19,"(""MPDU1""[Title/Abstract]) AND (humans[MeSH Terms])",2026-07
HGNC:25544,MSL2,29,"(""MSL2""[Title/Abstract]) AND (humans[MeSH Terms])",2026-07
HGNC:7414,MT-ATP6,183,"(""MT-ATP6""[Title/Abstract]) AND (humans[MeSH Terms])",2026-07
HGNC:7458,MT-ND3,53,"(""MT-ND3""[Title/Abstract]) AND (humans[MeSH Terms])",2026-07
HGNC:7489,MT-TK,33,"(""MT-TK""[Title/Abstract]) AND (humans[MeSH Terms])",2026-07
HGNC:7490,MT-TL1,123,"(""MT-TL1""[Title/Abstract]) AND (humans[MeSH Terms])",2026-07
HGNC:7436,MTHFR,6659,"(""MTHFR""[Title/Abstract]) AND (humans[MeSH Terms])",2026-07
HGNC:7437,MTHFS,38,"(""MTHFS""[Title/Abstract]) AND (humans[MeSH Terms])",2026-07
HGNC:29601,MTNAP1,0,"(""MTNAP1""[Title/Abstract]) AND (humans[MeSH Terms])",2026-07
HGNC:3942,MTOR,34808,"(""MTOR""[Title/Abstract]) AND (humans[MeSH Terms])",2026-07
HGNC:7468,MTR,1928,"(""MTR""[Title/Abstract]) AND (humans[MeSH Terms])",2026-07
HGNC:23386,MYCBP2,42,"(""MYCBP2""[Title/Abstract]) AND (humans[MeSH Terms])",2026-07
HGNC:7623,MYT1L,106,"(""MYT1L""[Title/Abstract]) AND (humans[MeSH Terms])",2026-07
HGNC:18704,NAA10,102,"(""NAA10""[Title/Abstract]) AND (humans[MeSH Terms])",2026-07
HGNC:30782,NAA15,50,"(""NAA15""[Title/Abstract]) AND (humans[MeSH Terms])",2026-07
HGNC:20967,NACC1,50,"(""NACC1""[Title/Abstract]) AND (humans[MeSH Terms])",2026-07
HGNC:7632,NAGLU,127,"(""NAGLU""[Title/Abstract]) AND (humans[MeSH Terms])",2026-07
HGNC:19082,NALCN,105,"(""NALCN""[Title/Abstract]) AND (humans[MeSH Terms])",2026-07
HGNC:15751,NAPB,61,"(""NAPB""[Title/Abstract]) AND (humans[MeSH Terms])",2026-07
HGNC:7643,NARS1,12,"(""NARS1""[Title/Abstract]) AND (humans[MeSH Terms])",2026-07
HGNC:26274,NARS2,37,"(""NARS2""[Title/Abstract]) AND (humans[MeSH Terms])",2026-07
HGNC:25576,NAXD,17,"(""NAXD""[Title/Abstract]) AND (humans[MeSH Terms])",2026-07
HGNC:18453,NAXE,26,"(""NAXE""[Title/Abstract]) AND (humans[MeSH Terms])",2026-07
HGNC:7648,NBEA,54,"(""NBEA""[Title/Abstract]) AND (humans[MeSH Terms])",2026-07
HGNC:17597,NCDN,17,"(""NCDN""[Title/Abstract]) AND (humans[MeSH Terms])",2026-07
HGNC:7666,NCKAP1,43,"(""NCKAP1""[Title/Abstract]) AND (humans[MeSH Terms])",2026-07
HGNC:17619,NDE1,102,"(""NDE1""[Title/Abstract]) AND (humans[MeSH Terms])",2026-07
HGNC:7678,NDP,896,"(""NDP""[Title/Abstract]) AND (humans[MeSH Terms])",2026-07
HGNC:7680,NDST1,77,"(""NDST1""[Title/Abstract]) AND (humans[MeSH Terms])",2026-07
HGNC:7683,NDUFA1,53,"(""NDUFA1""[Title/Abstract]) AND (humans[MeSH Terms])",2026-07
HGNC:7684,NDUFA10,34,"(""NDUFA10""[Title/Abstract]) AND (humans[MeSH Terms])",2026-07
HGNC:20371,NDUFA11,27,"(""NDUFA11""[Title/Abstract]) AND (humans[MeSH Terms])",2026-07
HGNC:17194,NDUFA13,26,"(""NDUFA13""[Title/Abstract]) AND (humans[MeSH Terms])",2026-07
HGNC:7685,NDUFA2,27,"(""NDUFA2""[Title/Abstract]) AND (humans[MeSH Terms])",2026-07
HGNC:7690,NDUFA6,25,"(""NDUFA6""[Title/Abstract]) AND (humans[MeSH Terms])",2026-07
HGNC:7693,NDUFA9,43,"(""NDUFA9""[Title/Abstract]) AND (humans[MeSH Terms])",2026-07
HGNC:28086,NDUFAF2,36,"(""NDUFAF2""[Title/Abstract]) AND (humans[MeSH Terms])",2026-07
HGNC:29918,NDUFAF3,16,"(""NDUFAF3""[Title/Abstract]) AND (humans[MeSH Terms])",2026-07
HGNC:21034,NDUFAF4,15,"(""NDUFAF4""[Title/Abstract]) AND (humans[MeSH Terms])",2026-07
HGNC:15899,NDUFAF5,25,"(""NDUFAF5""[Title/Abstract]) AND (humans[MeSH Terms])",2026-07
HGNC:7707,NDUFS1,131,"(""NDUFS1""[Title/Abstract]) AND (humans[MeSH Terms])",2026-07
HGNC:7708,NDUFS2,84,"(""NDUFS2""[Title/Abstract]) AND (humans[MeSH Terms])",2026-07
HGNC:7711,NDUFS4,134,"(""NDUFS4""[Title/Abstract]) AND (humans[MeSH Terms])",2026-07
HGNC:7713,NDUFS6,25,"(""NDUFS6""[Title/Abstract]) AND (humans[MeSH Terms])",2026-07
HGNC:7714,NDUFS7,46,"(""NDUFS7""[Title/Abstract]) AND (humans[MeSH Terms])",2026-07
HGNC:7715,NDUFS8,54,"(""NDUFS8""[Title/Abstract]) AND (humans[MeSH Terms])",2026-07
HGNC:7716,NDUFV1,118,"(""NDUFV1""[Title/Abstract]) AND (humans[MeSH Terms])",2026-07
HGNC:24539,NECAP1,9,"(""NECAP1""[Title/Abstract]) AND (humans[MeSH Terms])",2026-07
HGNC:7728,NEDD4L,303,"(""NEDD4L""[Title/Abstract]) AND (humans[MeSH Terms])",2026-07
HGNC:7758,NEU1,282,"(""NEU1""[Title/Abstract]) AND (humans[MeSH Terms])",2026-07
HGNC:7763,NEUROD2,56,"(""NEUROD2""[Title/Abstract]) AND (humans[MeSH Terms])",2026-07
HGNC:29433,NEXMIF,33,"(""NEXMIF""[Title/Abstract]) AND (humans[MeSH Terms])",2026-07
HGNC:7765,NF1,7336,"(""NF1""[Title/Abstract]) AND (humans[MeSH Terms])",2026-07
HGNC:17646,NGLY1,111,"(""NGLY1""[Title/Abstract]) AND (humans[MeSH Terms])",2026-07
HGNC:21576,NHLRC1,56,"(""NHLRC1""[Title/Abstract]) AND (humans[MeSH Terms])",2026-07
HGNC:24731,NHLRC2,23,"(""NHLRC2""[Title/Abstract]) AND (humans[MeSH Terms])",2026-07
HGNC:7887,NOVA2,61,"(""NOVA2""[Title/Abstract]) AND (humans[MeSH Terms])",2026-07
HGNC:7897,NPC1,1083,"(""NPC1""[Title/Abstract]) AND (humans[MeSH Terms])",2026-07
HGNC:14537,NPC2,480,"(""NPC2""[Title/Abstract]) AND (humans[MeSH Terms])",2026-07
HGNC:24969,NPRL2,95,"(""NPRL2""[Title/Abstract]) AND (humans[MeSH Terms])",2026-07
HGNC:14124,NPRL3,88,"(""NPRL3""[Title/Abstract]) AND (humans[MeSH Terms])",2026-07
HGNC:7975,NR2F1,185,"(""NR2F1""[Title/Abstract]) AND (humans[MeSH Terms])",2026-07
HGNC:7981,NR4A2,407,"(""NR4A2""[Title/Abstract]) AND (humans[MeSH Terms])",2026-07
HGNC:7989,NRAS,6087,"(""NRAS""[Title/Abstract]) AND (humans[MeSH Terms])",2026-07
HGNC:7995,NRDC,33,"(""NRDC""[Title/Abstract]) AND (humans[MeSH Terms])",2026-07
HGNC:24613,NRROS,9,"(""NRROS""[Title/Abstract]) AND (humans[MeSH Terms])",2026-07
HGNC:8008,NRXN1,286,"(""NRXN1""[Title/Abstract]) AND (humans[MeSH Terms])",2026-07
HGNC:14234,NSD1,467,"(""NSD1""[Title/Abstract]) AND (humans[MeSH Terms])",2026-07
HGNC:13398,NSDHL,79,"(""NSDHL""[Title/Abstract]) AND (humans[MeSH Terms])",2026-07
HGNC:8016,NSF,1554,"(""NSF""[Title/Abstract]) AND (humans[MeSH Terms])",2026-07
HGNC:25305,NSRP1,7,"(""NSRP1""[Title/Abstract]) AND (humans[MeSH Terms])",2026-07
HGNC:8032,NTRK2,485,"(""NTRK2""[Title/Abstract]) AND (humans[MeSH Terms])",2026-07
HGNC:20278,NUBPL,31,"(""NUBPL""[Title/Abstract]) AND (humans[MeSH Terms])",2026-07
HGNC:8064,NUP214,269,"(""NUP214""[Title/Abstract]) AND (humans[MeSH Terms])",2026-07
HGNC:21042,NUS1,46,"(""NUS1""[Title/Abstract]) AND (humans[MeSH Terms])",2026-07
HGNC:8104,OCLN,278,"(""OCLN""[Title/Abstract]) AND (humans[MeSH Terms])",2026-07
HGNC:8108,OCRL,233,"(""OCRL""[Title/Abstract]) AND (humans[MeSH Terms])",2026-07
HGNC:2567,OFD1,157,"(""OFD1""[Title/Abstract]) AND (humans[MeSH Terms])",2026-07
HGNC:25590,OGDHL,36,"(""OGDHL""[Title/Abstract]) AND (humans[MeSH Terms])",2026-07
HGNC:8148,OPHN1,79,"(""OPHN1""[Title/Abstract]) AND (humans[MeSH Terms])",2026-07
HGNC:18028,OSGEP,34,"(""OSGEP""[Title/Abstract]) AND (humans[MeSH Terms])",2026-07
HGNC:25402,OTUD5,54,"(""OTUD5""[Title/Abstract]) AND (humans[MeSH Terms])",2026-07
HGNC:24281,OTUD6B,49,"(""OTUD6B""[Title/Abstract]) AND (humans[MeSH Terms])",2026-07
HGNC:8522,OTX2,457,"(""OTX2""[Title/Abstract]) AND (humans[MeSH Terms])",2026-07
HGNC:15822,OXR1,81,"(""OXR1""[Title/Abstract]) AND (humans[MeSH Terms])",2026-07
HGNC:28858,P4HTM,20,"(""P4HTM""[Title/Abstract]) AND (humans[MeSH Terms])",2026-07
HGNC:30032,PACS1,84,"(""PACS1""[Title/Abstract]) AND (humans[MeSH Terms])",2026-07
HGNC:23794,PACS2,75,"(""PACS2""[Title/Abstract]) AND (humans[MeSH Terms])",2026-07
HGNC:8574,PAFAH1B1,124,"(""PAFAH1B1""[Title/Abstract]) AND (humans[MeSH Terms])",2026-07
HGNC:8582,PAH,14094,"(""PAH""[Title/Abstract]) AND (humans[MeSH Terms])",2026-07
HGNC:8590,PAK1,1262,"(""PAK1""[Title/Abstract]) AND (humans[MeSH Terms])",2026-07
HGNC:8591,PAK2,394,"(""PAK2""[Title/Abstract]) AND (humans[MeSH Terms])",2026-07
HGNC:8592,PAK3,132,"(""PAK3""[Title/Abstract]) AND (humans[MeSH Terms])",2026-07
HGNC:15894,PANK2,250,"(""PANK2""[Title/Abstract]) AND (humans[MeSH Terms])",2026-07
HGNC:26921,PARP6,18,"(""PARP6""[Title/Abstract]) AND (humans[MeSH Terms])",2026-07
HGNC:30563,PARS2,15,"(""PARS2""[Title/Abstract]) AND (humans[MeSH Terms])",2026-07
HGNC:8620,PAX6,1785,"(""PAX6""[Title/Abstract]) AND (humans[MeSH Terms])",2026-07
HGNC:8653,PCCA,419,"(""PCCA""[Title/Abstract]) AND (humans[MeSH Terms])",2026-07
HGNC:8654,PCCB,136,"(""PCCB""[Title/Abstract]) AND (humans[MeSH Terms])",2026-07
HGNC:8657,PCDH12,26,"(""PCDH12""[Title/Abstract]) AND (humans[MeSH Terms])",2026-07
HGNC:14270,PCDH19,204,"(""PCDH19""[Title/Abstract]) AND (humans[MeSH Terms])",2026-07
HGNC:8717,PCDHGC4,6,"(""PCDHGC4""[Title/Abstract]) AND (humans[MeSH Terms])",2026-07
HGNC:13406,PCLO,88,"(""PCLO""[Title/Abstract]) AND (humans[MeSH Terms])",2026-07
HGNC:8756,PCYT2,46,"(""PCYT2""[Title/Abstract]) AND (humans[MeSH Terms])",2026-07
HGNC:8761,PDCD10,230,"(""PDCD10""[Title/Abstract]) AND (humans[MeSH Terms])",2026-07
HGNC:8777,PDE2A,117,"(""PDE2A""[Title/Abstract]) AND (humans[MeSH Terms])",2026-07
HGNC:8806,PDHA1,288,"(""PDHA1""[Title/Abstract]) AND (humans[MeSH Terms])",2026-07
HGNC:21350,PDHX,40,"(""PDHX""[Title/Abstract]) AND (humans[MeSH Terms])",2026-07
HGNC:23041,PDSS2,125,"(""PDSS2""[Title/Abstract]) AND (humans[MeSH Terms])",2026-07
HGNC:40038,PET100,14,"(""PET100""[Title/Abstract]) AND (humans[MeSH Terms])",2026-07
HGNC:8850,PEX1,141,"(""PEX1""[Title/Abstract]) AND (humans[MeSH Terms])",2026-07
HGNC:8851,PEX10,49,"(""PEX10""[Title/Abstract]) AND (humans[MeSH Terms])",2026-07
HGNC:8854,PEX12,38,"(""PEX12""[Title/Abstract]) AND (humans[MeSH Terms])",2026-07
HGNC:8855,PEX13,50,"(""PEX13""[Title/Abstract]) AND (humans[MeSH Terms])",2026-07
HGNC:9713,PEX19,92,"(""PEX19""[Title/Abstract]) AND (humans[MeSH Terms])",2026-07
HGNC:9717,PEX2,75,"(""PEX2""[Title/Abstract]) AND (humans[MeSH Terms])",2026-07
HGNC:22965,PEX26,37,"(""PEX26""[Title/Abstract]) AND (humans[MeSH Terms])",2026-07
HGNC:8858,PEX3,96,"(""PEX3""[Title/Abstract]) AND (humans[MeSH Terms])",2026-07
HGNC:9719,PEX5,182,"(""PEX5""[Title/Abstract]) AND (humans[MeSH Terms])",2026-07
HGNC:8859,PEX6,86,"(""PEX6""[Title/Abstract]) AND (humans[MeSH Terms])",2026-07
HGNC:8860,PEX7,84,"(""PEX7""[Title/Abstract]) AND (humans[MeSH Terms])",2026-07
HGNC:17893,PGAP2,26,"(""PGAP2""[Title/Abstract]) AND (humans[MeSH Terms])",2026-07
HGNC:23719,PGAP3,52,"(""PGAP3""[Title/Abstract]) AND (humans[MeSH Terms])",2026-07
HGNC:8896,PGK1,691,"(""PGK1""[Title/Abstract]) AND (humans[MeSH Terms])",2026-07
HGNC:20898,PGM2L1,15,"(""PGM2L1""[Title/Abstract]) AND (humans[MeSH Terms])",2026-07
HGNC:20990,PHACTR1,125,"(""PHACTR1""[Title/Abstract]) AND (humans[MeSH Terms])",2026-07
HGNC:24156,PHF21A,37,"(""PHF21A""[Title/Abstract]) AND (humans[MeSH Terms])",2026-07
HGNC:18145,PHF6,272,"(""PHF6""[Title/Abstract]) AND (humans[MeSH Terms])",2026-07
HGNC:8923,PHGDH,382,"(""PHGDH""[Title/Abstract]) AND (humans[MeSH Terms])",2026-07
HGNC:30031,PI4K2A,27,"(""PI4K2A""[Title/Abstract]) AND (humans[MeSH Terms])",2026-07
HGNC:16491,PIDD1,34,"(""PIDD1""[Title/Abstract]) AND (humans[MeSH Terms])",2026-07
HGNC:8957,PIGA,684,"(""PIGA""[Title/Abstract]) AND (humans[MeSH Terms])",2026-07
HGNC:8959,PIGB,24,"(""PIGB""[Title/Abstract]) AND (humans[MeSH Terms])",2026-07
HGNC:8960,PIGC,39,"(""PIGC""[Title/Abstract]) AND (humans[MeSH Terms])",2026-07
HGNC:8962,PIGF,394,"(""PIGF""[Title/Abstract]) AND (humans[MeSH Terms])",2026-07
HGNC:25985,PIGG,55,"(""PIGG""[Title/Abstract]) AND (humans[MeSH Terms])",2026-07
HGNC:8964,PIGH,25,"(""PIGH""[Title/Abstract]) AND (humans[MeSH Terms])",2026-07
HGNC:8965,PIGK,19,"(""PIGK""[Title/Abstract]) AND (humans[MeSH Terms])",2026-07
HGNC:8966,PIGL,31,"(""PIGL""[Title/Abstract]) AND (humans[MeSH Terms])",2026-07
HGNC:18858,PIGM,45,"(""PIGM""[Title/Abstract]) AND (humans[MeSH Terms])",2026-07
HGNC:8967,PIGN,127,"(""PIGN""[Title/Abstract]) AND (humans[MeSH Terms])",2026-07
HGNC:23215,PIGO,33,"(""PIGO""[Title/Abstract]) AND (humans[MeSH Terms])",2026-07
HGNC:3046,PIGP,24,"(""PIGP""[Title/Abstract]) AND (humans[MeSH Terms])",2026-07
HGNC:14135,PIGQ,12,"(""PIGQ""[Title/Abstract]) AND (humans[MeSH Terms])",2026-07
HGNC:14937,PIGS,20933,"(""PIGS""[Title/Abstract]) AND (humans[MeSH Terms])",2026-07
HGNC:14938,PIGT,63,"(""PIGT""[Title/Abstract]) AND (humans[MeSH Terms])",2026-07
HGNC:15791,PIGU,34,"(""PIGU""[Title/Abstract]) AND (humans[MeSH Terms])",2026-07
HGNC:26031,PIGV,36,"(""PIGV""[Title/Abstract]) AND (humans[MeSH Terms])",2026-07
HGNC:23213,PIGW,28,"(""PIGW""[Title/Abstract]) AND (humans[MeSH Terms])",2026-07
HGNC:8972,PIK3C2B,47,"(""PIK3C2B""[Title/Abstract]) AND (humans[MeSH Terms])",2026-07
HGNC:8975,PIK3CA,6870,"(""PIK3CA""[Title/Abstract]) AND (humans[MeSH Terms])",2026-07
HGNC:8980,PIK3R2,188,"(""PIK3R2""[Title/Abstract]) AND (humans[MeSH Terms])",2026-07
HGNC:14581,PINK1,2885,"(""PINK1""[Title/Abstract]) AND (humans[MeSH Terms])",2026-07
HGNC:8996,PIP5K1C,37,"(""PIP5K1C""[Title/Abstract]) AND (humans[MeSH Terms])",2026-07
HGNC:9039,PLA2G6,308,"(""PLA2G6""[Title/Abstract]) AND (humans[MeSH Terms])",2026-07
HGNC:9043,PLAA,63,"(""PLAA""[Title/Abstract]) AND (humans[MeSH Terms])",2026-07
HGNC:15917,PLCB1,106,"(""PLCB1""[Title/Abstract]) AND (humans[MeSH Terms])",2026-07
HGNC:9077,PLK1,2537,"(""PLK1""[Title/Abstract]) AND (humans[MeSH Terms])",2026-07
HGNC:9086,PLP1,342,"(""PLP1""[Title/Abstract]) AND (humans[MeSH Terms])",2026-07
HGNC:9457,PLPBP,21,"(""PLPBP""[Title/Abstract]) AND (humans[MeSH Terms])",2026-07
HGNC:9099,PLXNA1,57,"(""PLXNA1""[Title/Abstract]) AND (humans[MeSH Terms])",2026-07
HGNC:9106,PLXNC1,28,"(""PLXNC1""[Title/Abstract]) AND (humans[MeSH Terms])",2026-07
HGNC:9115,PMM2,304,"(""PMM2""[Title/Abstract]) AND (humans[MeSH Terms])",2026-07
HGNC:9119,PMPCB,13,"(""PMPCB""[Title/Abstract]) AND (humans[MeSH Terms])",2026-07
HGNC:9154,PNKP,141,"(""PNKP""[Title/Abstract]) AND (humans[MeSH Terms])",2026-07
HGNC:28900,PNPLA8,16,"(""PNPLA8""[Title/Abstract]) AND (humans[MeSH Terms])",2026-07
HGNC:30260,PNPO,90,"(""PNPO""[Title/Abstract]) AND (humans[MeSH Terms])",2026-07
HGNC:23166,PNPT1,68,"(""PNPT1""[Title/Abstract]) AND (humans[MeSH Terms])",2026-07
HGNC:18801,POGZ,81,"(""POGZ""[Title/Abstract]) AND (humans[MeSH Terms])",2026-07
HGNC:9179,POLG,679,"(""POLG""[Title/Abstract]) AND (humans[MeSH Terms])",2026-07
HGNC:9180,POLG2,64,"(""POLG2""[Title/Abstract]) AND (humans[MeSH Terms])",2026-07
HGNC:17264,POLR1A,26,"(""POLR1A""[Title/Abstract]) AND (humans[MeSH Terms])",2026-07
HGNC:30348,POLR3B,70,"(""POLR3B""[Title/Abstract]) AND (humans[MeSH Terms])",2026-07
HGNC:19139,POMGNT1,135,"(""POMGNT1""[Title/Abstract]) AND (humans[MeSH Terms])",2026-07
HGNC:25902,POMGNT2,9,"(""POMGNT2""[Title/Abstract]) AND (humans[MeSH Terms])",2026-07
HGNC:26267,POMK,16,"(""POMK""[Title/Abstract]) AND (humans[MeSH Terms])",2026-07
HGNC:9202,POMT1,125,"(""POMT1""[Title/Abstract]) AND (humans[MeSH Terms])",2026-07
HGNC:19743,POMT2,94,"(""POMT2""[Title/Abstract]) AND (humans[MeSH Terms])",2026-07
HGNC:9216,POU3F3,40,"(""POU3F3""[Title/Abstract]) AND (humans[MeSH Terms])",2026-07
HGNC:9247,PPFIA3,10,"(""PPFIA3""[Title/Abstract]) AND (humans[MeSH Terms])",2026-07
HGNC:9249,PPFIBP1,24,"(""PPFIBP1""[Title/Abstract]) AND (humans[MeSH Terms])",2026-07
HGNC:9260,PPIL1,22,"(""PPIL1""[Title/Abstract]) AND (humans[MeSH Terms])",2026-07
HGNC:9299,PPP2CA,94,"(""PPP2CA""[Title/Abstract]) AND (humans[MeSH Terms])",2026-07
HGNC:9302,PPP2R1A,177,"(""PPP2R1A""[Title/Abstract]) AND (humans[MeSH Terms])",2026-07
HGNC:9311,PPP2R5C,54,"(""PPP2R5C""[Title/Abstract]) AND (humans[MeSH Terms])",2026-07
HGNC:9312,PPP2R5D,58,"(""PPP2R5D""[Title/Abstract]) AND (humans[MeSH Terms])",2026-07
HGNC:9314,PPP3CA,90,"(""PPP3CA""[Title/Abstract]) AND (humans[MeSH Terms])",2026-07
HGNC:9325,PPT1,201,"(""PPT1""[Title/Abstract]) AND (humans[MeSH Terms])",2026-07
HGNC:13993,PRDM8,24,"(""PRDM8""[Title/Abstract]) AND (humans[MeSH Terms])",2026-07
HGNC:18319,PRIMA1,109,"(""PRIMA1""[Title/Abstract]) AND (humans[MeSH Terms])",2026-07
HGNC:25557,PRMT7,88,"(""PRMT7""[Title/Abstract]) AND (humans[MeSH Terms])",2026-07
HGNC:25099,PRMT9,25,"(""PRMT9""[Title/Abstract]) AND (humans[MeSH Terms])",2026-07
HGNC:9449,PRNP,1133,"(""PRNP""[Title/Abstract]) AND (humans[MeSH Terms])",2026-07
HGNC:9453,PRODH,188,"(""PRODH""[Title/Abstract]) AND (humans[MeSH Terms])",2026-07
HGNC:17340,PRPF8,121,"(""PRPF8""[Title/Abstract]) AND (humans[MeSH Terms])",2026-07
HGNC:30500,PRRT2,305,"(""PRRT2""[Title/Abstract]) AND (humans[MeSH Terms])",2026-07
HGNC:13420,PRUNE1,24,"(""PRUNE1""[Title/Abstract]) AND (humans[MeSH Terms])",2026-07
HGNC:9498,PSAP,458,"(""PSAP""[Title/Abstract]) AND (humans[MeSH Terms])",2026-07
HGNC:19129,PSAT1,193,"(""PSAT1""[Title/Abstract]) AND (humans[MeSH Terms])",2026-07
HGNC:9552,PSMC5,29,"(""PSMC5""[Title/Abstract]) AND (humans[MeSH Terms])",2026-07
HGNC:9577,PSPH,106,"(""PSPH""[Title/Abstract]) AND (humans[MeSH Terms])",2026-07
HGNC:9583,PTBP1,413,"(""PTBP1""[Title/Abstract]) AND (humans[MeSH Terms])",2026-07
HGNC:9585,PTCH1,1079,"(""PTCH1""[Title/Abstract]) AND (humans[MeSH Terms])",2026-07
HGNC:9588,PTEN,16771,"(""PTEN""[Title/Abstract]) AND (humans[MeSH Terms])",2026-07
HGNC:23734,PTF1A,175,"(""PTF1A""[Title/Abstract]) AND (humans[MeSH Terms])",2026-07
HGNC:26965,PTPMT1,26,"(""PTPMT1""[Title/Abstract]) AND (humans[MeSH Terms])",2026-07
HGNC:14406,PTPN23,37,"(""PTPN23""[Title/Abstract]) AND (humans[MeSH Terms])",2026-07
HGNC:9689,PTS,11037,"(""PTS""[Title/Abstract]) AND (humans[MeSH Terms])",2026-07
HGNC:17042,PUF60,84,"(""PUF60""[Title/Abstract]) AND (humans[MeSH Terms])",2026-07
HGNC:14957,PUM1,134,"(""PUM1""[Title/Abstract]) AND (humans[MeSH Terms])",2026-07
HGNC:9701,PURA,154,"(""PURA""[Title/Abstract]) AND (humans[MeSH Terms])",2026-07
HGNC:25461,PUS3,28,"(""PUS3""[Title/Abstract]) AND (humans[MeSH Terms])",2026-07
HGNC:9751,QARS1,8,"(""QARS1""[Title/Abstract]) AND (humans[MeSH Terms])",2026-07
HGNC:9752,QDPR,67,"(""QDPR""[Title/Abstract]) AND (humans[MeSH Terms])",2026-07
HGNC:9760,RAB11A,340,"(""RAB11A""[Title/Abstract]) AND (humans[MeSH Terms])",2026-07
HGNC:9761,RAB11B,81,"(""RAB11B""[Title/Abstract]) AND (humans[MeSH Terms])",2026-07
HGNC:14244,RAB18,98,"(""RAB18""[Title/Abstract]) AND (humans[MeSH Terms])",2026-07
HGNC:16499,RAB39B,74,"(""RAB39B""[Title/Abstract]) AND (humans[MeSH Terms])",2026-07
HGNC:17063,RAB3GAP1,72,"(""RAB3GAP1""[Title/Abstract]) AND (humans[MeSH Terms])",2026-07
HGNC:17168,RAB3GAP2,36,"(""RAB3GAP2""[Title/Abstract]) AND (humans[MeSH Terms])",2026-07
HGNC:9785,RAB5C,55,"(""RAB5C""[Title/Abstract]) AND (humans[MeSH Terms])",2026-07
HGNC:17155,RABGAP1,17,"(""RABGAP1""[Title/Abstract]) AND (humans[MeSH Terms])",2026-07
HGNC:9803,RAC3,191,"(""RAC3""[Title/Abstract]) AND (humans[MeSH Terms])",2026-07
HGNC:9834,RAI1,163,"(""RAI1""[Title/Abstract]) AND (humans[MeSH Terms])",2026-07
HGNC:9839,RALA,401,"(""RALA""[Title/Abstract]) AND (humans[MeSH Terms])",2026-07
HGNC:17770,RALGAPA1,8,"(""RALGAPA1""[Title/Abstract]) AND (humans[MeSH Terms])",2026-07
HGNC:9848,RANBP2,364,"(""RANBP2""[Title/Abstract]) AND (humans[MeSH Terms])",2026-07
HGNC:16854,RAPGEF2,34,"(""RAPGEF2""[Title/Abstract]) AND (humans[MeSH Terms])",2026-07
HGNC:21406,RARS2,44,"(""RARS2""[Title/Abstract]) AND (humans[MeSH Terms])",2026-07
HGNC:9894,RBL2,125,"(""RBL2""[Title/Abstract]) AND (humans[MeSH Terms])",2026-07
HGNC:9957,RELN,366,"(""RELN""[Title/Abstract]) AND (humans[MeSH Terms])",2026-07
HGNC:9965,RERE,97,"(""RERE""[Title/Abstract]) AND (humans[MeSH Terms])",2026-07
HGNC:30220,RFT1,37,"(""RFT1""[Title/Abstract]) AND (humans[MeSH Terms])",2026-07
HGNC:9984,RFX3,43,"(""RFX3""[Title/Abstract]) AND (humans[MeSH Terms])",2026-07
HGNC:18756,RHOBTB2,54,"(""RHOBTB2""[Title/Abstract]) AND (humans[MeSH Terms])",2026-07
HGNC:21176,RMND1,33,"(""RMND1""[Title/Abstract]) AND (humans[MeSH Terms])",2026-07
HGNC:18518,RNASEH2A,65,"(""RNASEH2A""[Title/Abstract]) AND (humans[MeSH Terms])",2026-07
HGNC:25671,RNASEH2B,81,"(""RNASEH2B""[Title/Abstract]) AND (humans[MeSH Terms])",2026-07
HGNC:24116,RNASEH2C,41,"(""RNASEH2C""[Title/Abstract]) AND (humans[MeSH Terms])",2026-07
HGNC:21686,RNASET2,107,"(""RNASET2""[Title/Abstract]) AND (humans[MeSH Terms])",2026-07
HGNC:12974,RNF113A,22,"(""RNF113A""[Title/Abstract]) AND (humans[MeSH Terms])",2026-07
HGNC:10057,RNF13,35,"(""RNF13""[Title/Abstract]) AND (humans[MeSH Terms])",2026-07
HGNC:10152,RNU2-2,5,"(""RNU2-2""[Title/Abstract]) AND (humans[MeSH Terms])",2026-07
HGNC:10193,RNU4-2,22,"(""RNU4-2""[Title/Abstract]) AND (humans[MeSH Terms])",2026-07
HGNC:34016,RNU4ATAC,37,"(""RNU4ATAC""[Title/Abstract]) AND (humans[MeSH Terms])",2026-07
HGNC:29478,ROGDI,27,"(""ROGDI""[Title/Abstract]) AND (humans[MeSH Terms])",2026-07
HGNC:10258,RORA,350,"(""RORA""[Title/Abstract]) AND (humans[MeSH Terms])",2026-07
HGNC:10259,RORB,88,"(""RORB""[Title/Abstract]) AND (humans[MeSH Terms])",2026-07
HGNC:17056,RPH3A,23,"(""RPH3A""[Title/Abstract]) AND (humans[MeSH Terms])",2026-07
HGNC:10297,RPIA,107,"(""RPIA""[Title/Abstract]) AND (humans[MeSH Terms])",2026-07
HGNC:10432,RPS6KA3,95,"(""RPS6KA3""[Title/Abstract]) AND (humans[MeSH Terms])",2026-07
HGNC:17296,RRM2B,132,"(""RRM2B""[Title/Abstract]) AND (humans[MeSH Terms])",2026-07
HGNC:18118,RSF1,87,"(""RSF1""[Title/Abstract]) AND (humans[MeSH Terms])",2026-07
HGNC:18647,RTN4IP1,22,"(""RTN4IP1""[Title/Abstract]) AND (humans[MeSH Terms])",2026-07
HGNC:18654,RTTN,23,"(""RTTN""[Title/Abstract]) AND (humans[MeSH Terms])",2026-07
HGNC:23625,RUSC2,18,"(""RUSC2""[Title/Abstract]) AND (humans[MeSH Terms])",2026-07
HGNC:13530,RXYLT1,1,"(""RXYLT1""[Title/Abstract]) AND (humans[MeSH Terms])",2026-07
HGNC:10485,RYR3,164,"(""RYR3""[Title/Abstract]) AND (humans[MeSH Terms])",2026-07
HGNC:10519,SACS,2398,"(""SACS""[Title/Abstract]) AND (humans[MeSH Terms])",2026-07
HGNC:31750,SAMD12,43,"(""SAMD12""[Title/Abstract]) AND (humans[MeSH Terms])",2026-07
HGNC:15925,SAMHD1,661,"(""SAMHD1""[Title/Abstract]) AND (humans[MeSH Terms])",2026-07
HGNC:10541,SATB1,424,"(""SATB1""[Title/Abstract]) AND (humans[MeSH Terms])",2026-07
HGNC:21637,SATB2,616,"(""SATB2""[Title/Abstract]) AND (humans[MeSH Terms])",2026-07
HGNC:19304,SCAF4,17,"(""SCAF4""[Title/Abstract]) AND (humans[MeSH Terms])",2026-07
HGNC:30386,SCAMP5,25,"(""SCAMP5""[Title/Abstract]) AND (humans[MeSH Terms])",2026-07
HGNC:1665,SCARB2,176,"(""SCARB2""[Title/Abstract]) AND (humans[MeSH Terms])",2026-07
HGNC:10582,SCN10A,189,"(""SCN10A""[Title/Abstract]) AND (humans[MeSH Terms])",2026-07
HGNC:10585,SCN1A,1272,"(""SCN1A""[Title/Abstract]) AND (humans[MeSH Terms])",2026-07
HGNC:10586,SCN1B,215,"(""SCN1B""[Title/Abstract]) AND (humans[MeSH Terms])",2026-07
HGNC:10588,SCN2A,534,"(""SCN2A""[Title/Abstract]) AND (humans[MeSH Terms])",2026-07
HGNC:10590,SCN3A,104,"(""SCN3A""[Title/Abstract]) AND (humans[MeSH Terms])",2026-07
HGNC:10596,SCN8A,298,"(""SCN8A""[Title/Abstract]) AND (humans[MeSH Terms])",2026-07
HGNC:10603,SCO1,98,"(""SCO1""[Title/Abstract]) AND (humans[MeSH Terms])",2026-07
HGNC:10604,SCO2,307,"(""SCO2""[Title/Abstract]) AND (humans[MeSH Terms])",2026-07
HGNC:10680,SDHA,592,"(""SDHA""[Title/Abstract]) AND (humans[MeSH Terms])",2026-07
HGNC:10739,SEMA6B,42,"(""SEMA6B""[Title/Abstract]) AND (humans[MeSH Terms])",2026-07
HGNC:30605,SEPSECS,48,"(""SEPSECS""[Title/Abstract]) AND (humans[MeSH Terms])",2026-07
HGNC:21061,SERAC1,49,"(""SERAC1""[Title/Abstract]) AND (humans[MeSH Terms])",2026-07
HGNC:8943,SERPINI1,36,"(""SERPINI1""[Title/Abstract]) AND (humans[MeSH Terms])",2026-07
HGNC:15573,SETBP1,291,"(""SETBP1""[Title/Abstract]) AND (humans[MeSH Terms])",2026-07
HGNC:29010,SETD1A,125,"(""SETD1A""[Title/Abstract]) AND (humans[MeSH Terms])",2026-07
HGNC:29187,SETD1B,72,"(""SETD1B""[Title/Abstract]) AND (humans[MeSH Terms])",2026-07
HGNC:25566,SETD5,76,"(""SETD5""[Title/Abstract]) AND (humans[MeSH Terms])",2026-07
HGNC:12950,SF1,1222,"(""SF1""[Title/Abstract]) AND (humans[MeSH Terms])",2026-07
HGNC:10768,SF3B1,1170,"(""SF3B1""[Title/Abstract]) AND (humans[MeSH Terms])",2026-07
HGNC:10818,SGSH,80,"(""SGSH""[Title/Abstract]) AND (humans[MeSH Terms])",2026-07
HGNC:14294,SHANK3,463,"(""SHANK3""[Title/Abstract]) AND (humans[MeSH Terms])",2026-07
HGNC:10848,SHH,3766,"(""SHH""[Title/Abstract]) AND (humans[MeSH Terms])",2026-07
HGNC:11142,SIK1,126,"(""SIK1""[Title/Abstract]) AND (humans[MeSH Terms])",2026-07
HGNC:10889,SIX3,194,"(""SIX3""[Title/Abstract]) AND (humans[MeSH Terms])",2026-07
HGNC:13818,SLC12A5,84,"(""SLC12A5""[Title/Abstract]) AND (humans[MeSH Terms])",2026-07
HGNC:23089,SLC13A5,80,"(""SLC13A5""[Title/Abstract]) AND (humans[MeSH Terms])",2026-07
HGNC:10923,SLC16A2,121,"(""SLC16A2""[Title/Abstract]) AND (humans[MeSH Terms])",2026-07
HGNC:16266,SLC19A3,127,"(""SLC19A3""[Title/Abstract]) AND (humans[MeSH Terms])",2026-07
HGNC:10940,SLC1A2,132,"(""SLC1A2""[Title/Abstract]) AND (humans[MeSH Terms])",2026-07
HGNC:10942,SLC1A4,68,"(""SLC1A4""[Title/Abstract]) AND (humans[MeSH Terms])",2026-07
HGNC:10969,SLC22A5,268,"(""SLC22A5""[Title/Abstract]) AND (humans[MeSH Terms])",2026-07
HGNC:10979,SLC25A1,74,"(""SLC25A1""[Title/Abstract]) AND (humans[MeSH Terms])",2026-07
HGNC:10982,SLC25A12,65,"(""SLC25A12""[Title/Abstract]) AND (humans[MeSH Terms])",2026-07
HGNC:19954,SLC25A22,28,"(""SLC25A22""[Title/Abstract]) AND (humans[MeSH Terms])",2026-07
HGNC:11005,SLC2A1,665,"(""SLC2A1""[Title/Abstract]) AND (humans[MeSH Terms])",2026-07
HGNC:11018,SLC32A1,17,"(""SLC32A1""[Title/Abstract]) AND (humans[MeSH Terms])",2026-07
HGNC:11021,SLC35A1,29,"(""SLC35A1""[Title/Abstract]) AND (humans[MeSH Terms])",2026-07
HGNC:11022,SLC35A2,94,"(""SLC35A2""[Title/Abstract]) AND (humans[MeSH Terms])",2026-07
HGNC:11023,SLC35A3,21,"(""SLC35A3""[Title/Abstract]) AND (humans[MeSH Terms])",2026-07
HGNC:18044,SLC38A3,23,"(""SLC38A3""[Title/Abstract]) AND (humans[MeSH Terms])",2026-07
HGNC:20862,SLC39A8,151,"(""SLC39A8""[Title/Abstract]) AND (humans[MeSH Terms])",2026-07
HGNC:17939,SLC45A1,11,"(""SLC45A1""[Title/Abstract]) AND (humans[MeSH Terms])",2026-07
HGNC:30521,SLC46A1,88,"(""SLC46A1""[Title/Abstract]) AND (humans[MeSH Terms])",2026-07
HGNC:13811,SLC4A10,35,"(""SLC4A10""[Title/Abstract]) AND (humans[MeSH Terms])",2026-07
HGNC:11041,SLC5A6,40,"(""SLC5A6""[Title/Abstract]) AND (humans[MeSH Terms])",2026-07
HGNC:11042,SLC6A1,119,"(""SLC6A1""[Title/Abstract]) AND (humans[MeSH Terms])",2026-07
HGNC:11055,SLC6A8,224,"(""SLC6A8""[Title/Abstract]) AND (humans[MeSH Terms])",2026-07
HGNC:25807,SLC7A6OS,1,"(""SLC7A6OS""[Title/Abstract]) AND (humans[MeSH Terms])",2026-07
HGNC:11079,SLC9A6,69,"(""SLC9A6""[Title/Abstract]) AND (humans[MeSH Terms])",2026-07
HGNC:11097,SMARCA1,34,"(""SMARCA1""[Title/Abstract]) AND (humans[MeSH Terms])",2026-07
HGNC:11098,SMARCA2,359,"(""SMARCA2""[Title/Abstract]) AND (humans[MeSH Terms])",2026-07
HGNC:11100,SMARCA4,1155,"(""SMARCA4""[Title/Abstract]) AND (humans[MeSH Terms])",2026-07
HGNC:11103,SMARCB1,1208,"(""SMARCB1""[Title/Abstract]) AND (humans[MeSH Terms])",2026-07
HGNC:11105,SMARCC2,60,"(""SMARCC2""[Title/Abstract]) AND (humans[MeSH Terms])",2026-07
HGNC:11109,SMARCE1,103,"(""SMARCE1""[Title/Abstract]) AND (humans[MeSH Terms])",2026-07
HGNC:11111,SMC1A,257,"(""SMC1A""[Title/Abstract]) AND (humans[MeSH Terms])",2026-07
HGNC:11123,SMS,6098,"(""SMS""[Title/Abstract]) AND (humans[MeSH Terms])",2026-07
HGNC:11132,SNAP25,1028,"(""SNAP25""[Title/Abstract]) AND (humans[MeSH Terms])",2026-07
HGNC:11133,SNAP29,141,"(""SNAP29""[Title/Abstract]) AND (humans[MeSH Terms])",2026-07
HGNC:17028,SNF8,11,"(""SNF8""[Title/Abstract]) AND (humans[MeSH Terms])",2026-07
HGNC:30587,SNIP1,49,"(""SNIP1""[Title/Abstract]) AND (humans[MeSH Terms])",2026-07
HGNC:32952,SNORD118,29,"(""SNORD118""[Title/Abstract]) AND (humans[MeSH Terms])",2026-07
HGNC:16696,SNW1,37,"(""SNW1""[Title/Abstract]) AND (humans[MeSH Terms])",2026-07
HGNC:20073,SNX27,110,"(""SNX27""[Title/Abstract]) AND (humans[MeSH Terms])",2026-07
HGNC:11183,SON,8662,"(""SON""[Title/Abstract]) AND (humans[MeSH Terms])",2026-07
HGNC:11191,SOX11,459,"(""SOX11""[Title/Abstract]) AND (humans[MeSH Terms])",2026-07
HGNC:11195,SOX2,6716,"(""SOX2""[Title/Abstract]) AND (humans[MeSH Terms])",2026-07
HGNC:30690,SP9,95,"(""SP9""[Title/Abstract]) AND (humans[MeSH Terms])",2026-07
HGNC:26933,SPOUT1,3,"(""SPOUT1""[Title/Abstract]) AND (humans[MeSH Terms])",2026-07
HGNC:11257,SPR,5778,"(""SPR""[Title/Abstract]) AND (humans[MeSH Terms])",2026-07
HGNC:11273,SPTAN1,90,"(""SPTAN1""[Title/Abstract]) AND (humans[MeSH Terms])",2026-07
HGNC:11275,SPTBN1,111,"(""SPTBN1""[Title/Abstract]) AND (humans[MeSH Terms])",2026-07
HGNC:14896,SPTBN4,17,"(""SPTBN4""[Title/Abstract]) AND (humans[MeSH Terms])",2026-07
HGNC:16974,SRCAP,131,"(""SRCAP""[Title/Abstract]) AND (humans[MeSH Terms])",2026-07
HGNC:21998,SSPOP,0,"(""SSPOP""[Title/Abstract]) AND (humans[MeSH Terms])",2026-07
HGNC:10866,ST3GAL3,57,"(""ST3GAL3""[Title/Abstract]) AND (humans[MeSH Terms])",2026-07
HGNC:10872,ST3GAL5,67,"(""ST3GAL5""[Title/Abstract]) AND (humans[MeSH Terms])",2026-07
HGNC:11354,STAG1,93,"(""STAG1""[Title/Abstract]) AND (humans[MeSH Terms])",2026-07
HGNC:16950,STAMBP,51,"(""STAMBP""[Title/Abstract]) AND (humans[MeSH Terms])",2026-07
HGNC:18063,STARD7,30,"(""STARD7""[Title/Abstract]) AND (humans[MeSH Terms])",2026-07
HGNC:26239,STEEP1,1,"(""STEEP1""[Title/Abstract]) AND (humans[MeSH Terms])",2026-07
HGNC:30172,STRADA,47,"(""STRADA""[Title/Abstract]) AND (humans[MeSH Terms])",2026-07
HGNC:11433,STX1A,179,"(""STX1A""[Title/Abstract]) AND (humans[MeSH Terms])",2026-07
HGNC:18539,STX1B,59,"(""STX1B""[Title/Abstract]) AND (humans[MeSH Terms])",2026-07
HGNC:11444,STXBP1,279,"(""STXBP1""[Title/Abstract]) AND (humans[MeSH Terms])",2026-07
HGNC:11448,SUCLA2,96,"(""SUCLA2""[Title/Abstract]) AND (humans[MeSH Terms])",2026-07
HGNC:11449,SUCLG1,74,"(""SUCLG1""[Title/Abstract]) AND (humans[MeSH Terms])",2026-07
HGNC:20376,SUMF1,91,"(""SUMF1""[Title/Abstract]) AND (humans[MeSH Terms])",2026-07
HGNC:11460,SUOX,81,"(""SUOX""[Title/Abstract]) AND (humans[MeSH Terms])",2026-07
HGNC:11474,SURF1,184,"(""SURF1""[Title/Abstract]) AND (humans[MeSH Terms])",2026-07
HGNC:11494,SYN1,197,"(""SYN1""[Title/Abstract]) AND (humans[MeSH Terms])",2026-07
HGNC:17089,SYNE1,217,"(""SYNE1""[Title/Abstract]) AND (humans[MeSH Terms])",2026-07
HGNC:11497,SYNGAP1,188,"(""SYNGAP1""[Title/Abstract]) AND (humans[MeSH Terms])",2026-07
HGNC:11503,SYNJ1,102,"(""SYNJ1""[Title/Abstract]) AND (humans[MeSH Terms])",2026-07
HGNC:11509,SYT1,198,"(""SYT1""[Title/Abstract]) AND (humans[MeSH Terms])",2026-07
HGNC:29040,SZT2,38,"(""SZT2""[Title/Abstract]) AND (humans[MeSH Terms])",2026-07
HGNC:11534,TAF1C,13,"(""TAF1C""[Title/Abstract]) AND (humans[MeSH Terms])",2026-07
HGNC:17300,TAF8,15,"(""TAF8""[Title/Abstract]) AND (humans[MeSH Terms])",2026-07
HGNC:30212,TANC2,27,"(""TANC2""[Title/Abstract]) AND (humans[MeSH Terms])",2026-07
HGNC:25439,TANGO2,56,"(""TANGO2""[Title/Abstract]) AND (humans[MeSH Terms])",2026-07
HGNC:29259,TAOK1,64,"(""TAOK1""[Title/Abstract]) AND (humans[MeSH Terms])",2026-07
HGNC:30740,TARS2,24,"(""TARS2""[Title/Abstract]) AND (humans[MeSH Terms])",2026-07
HGNC:16133,TBC1D20,22,"(""TBC1D20""[Title/Abstract]) AND (humans[MeSH Terms])",2026-07
HGNC:29203,TBC1D24,92,"(""TBC1D24""[Title/Abstract]) AND (humans[MeSH Terms])",2026-07
HGNC:29183,TBC1D2B,13,"(""TBC1D2B""[Title/Abstract]) AND (humans[MeSH Terms])",2026-07
HGNC:21066,TBC1D7,29,"(""TBC1D7""[Title/Abstract]) AND (humans[MeSH Terms])",2026-07
HGNC:11581,TBCD,74,"(""TBCD""[Title/Abstract]) AND (humans[MeSH Terms])",2026-07
HGNC:28261,TBCK,31,"(""TBCK""[Title/Abstract]) AND (humans[MeSH Terms])",2026-07
HGNC:29529,TBL1XR1,165,"(""TBL1XR1""[Title/Abstract]) AND (humans[MeSH Terms])",2026-07
HGNC:11596,TBX19,56,"(""TBX19""[Title/Abstract]) AND (humans[MeSH Terms])",2026-07
HGNC:11616,TCEAL1,8,"(""TCEAL1""[Title/Abstract]) AND (humans[MeSH Terms])",2026-07
HGNC:11634,TCF4,1666,"(""TCF4""[Title/Abstract]) AND (humans[MeSH Terms])",2026-07
HGNC:11655,TCP1,311,"(""TCP1""[Title/Abstract]) AND (humans[MeSH Terms])",2026-07
HGNC:17768,TDP2,130,"(""TDP2""[Title/Abstract]) AND (humans[MeSH Terms])",2026-07
HGNC:29099,TELO2,37,"(""TELO2""[Title/Abstract]) AND (humans[MeSH Terms])",2026-07
HGNC:28313,TET3,333,"(""TET3""[Title/Abstract]) AND (humans[MeSH Terms])",2026-07
HGNC:11752,TFE3,1175,"(""TFE3""[Title/Abstract]) AND (humans[MeSH Terms])",2026-07
HGNC:11776,TGIF1,106,"(""TGIF1""[Title/Abstract]) AND (humans[MeSH Terms])",2026-07
HGNC:26053,THG1L,6,"(""THG1L""[Title/Abstract]) AND (humans[MeSH Terms])",2026-07
HGNC:19073,THOC2,22,"(""THOC2""[Title/Abstract]) AND (humans[MeSH Terms])",2026-07
HGNC:11805,TIAM1,394,"(""TIAM1""[Title/Abstract]) AND (humans[MeSH Terms])",2026-07
HGNC:23656,TIMM50,20,"(""TIMM50""[Title/Abstract]) AND (humans[MeSH Terms])",2026-07
HGNC:1321,TIMMDC1,20,"(""TIMMDC1""[Title/Abstract]) AND (humans[MeSH Terms])",2026-07
HGNC:11831,TK2,256,"(""TK2""[Title/Abstract]) AND (humans[MeSH Terms])",2026-07
HGNC:11842,TLK2,52,"(""TLK2""[Title/Abstract]) AND (humans[MeSH Terms])",2026-07
HGNC:22407,TMEM106B,226,"(""TMEM106B""[Title/Abstract]) AND (humans[MeSH Terms])",2026-07
HGNC:28330,TMEM167A,7,"(""TMEM167A""[Title/Abstract]) AND (humans[MeSH Terms])",2026-07
HGNC:1310,TMEM184B,11,"(""TMEM184B""[Title/Abstract]) AND (humans[MeSH Terms])",2026-07
HGNC:25363,TMEM222,1,"(""TMEM222""[Title/Abstract]) AND (humans[MeSH Terms])",2026-07
HGNC:17735,TMEM63B,18,"(""TMEM63B""[Title/Abstract]) AND (humans[MeSH Terms])",2026-07
HGNC:26050,TMEM70,45,"(""TMEM70""[Title/Abstract]) AND (humans[MeSH Terms])",2026-07
HGNC:26899,TMTC3,12,"(""TMTC3""[Title/Abstract]) AND (humans[MeSH Terms])",2026-07
HGNC:30739,TMX2,30,"(""TMX2""[Title/Abstract]) AND (humans[MeSH Terms])",2026-07
HGNC:19297,TNK2,75,"(""TNK2""[Title/Abstract]) AND (humans[MeSH Terms])",2026-07
HGNC:19998,TNPO2,12,"(""TNPO2""[Title/Abstract]) AND (humans[MeSH Terms])",2026-07
HGNC:11969,TNRC6A,65,"(""TNRC6A""[Title/Abstract]) AND (humans[MeSH Terms])",2026-07
HGNC:17358,TPK1,58,"(""TPK1""[Title/Abstract]) AND (humans[MeSH Terms])",2026-07
HGNC:2073,TPP1,390,"(""TPP1""[Title/Abstract]) AND (humans[MeSH Terms])",2026-07
HGNC:10781,TRA2B,45,"(""TRA2B""[Title/Abstract]) AND (humans[MeSH Terms])",2026-07
HGNC:20456,TRAF7,131,"(""TRAF7""[Title/Abstract]) AND (humans[MeSH Terms])",2026-07
HGNC:29947,TRAK1,53,"(""TRAK1""[Title/Abstract]) AND (humans[MeSH Terms])",2026-07
HGNC:11868,TRAPPC10,10,"(""TRAPPC10""[Title/Abstract]) AND (humans[MeSH Terms])",2026-07
HGNC:25751,TRAPPC11,30,"(""TRAPPC11""[Title/Abstract]) AND (humans[MeSH Terms])",2026-07
HGNC:24284,TRAPPC12,16,"(""TRAPPC12""[Title/Abstract]) AND (humans[MeSH Terms])",2026-07
HGNC:19943,TRAPPC4,22,"(""TRAPPC4""[Title/Abstract]) AND (humans[MeSH Terms])",2026-07
HGNC:23066,TRAPPC6B,9,"(""TRAPPC6B""[Title/Abstract]) AND (humans[MeSH Terms])",2026-07
HGNC:17761,TREM2,1512,"(""TREM2""[Title/Abstract]) AND (humans[MeSH Terms])",2026-07
HGNC:12269,TREX1,456,"(""TREX1""[Title/Abstract]) AND (humans[MeSH Terms])",2026-07
HGNC:15579,TRIM8,78,"(""TRIM8""[Title/Abstract]) AND (humans[MeSH Terms])",2026-07
HGNC:12303,TRIO,3614,"(""TRIO""[Title/Abstract]) AND (humans[MeSH Terms])",2026-07
HGNC:12306,TRIP12,79,"(""TRIP12""[Title/Abstract]) AND (humans[MeSH Terms])",2026-07
HGNC:20286,TRIT1,34,"(""TRIT1""[Title/Abstract]) AND (humans[MeSH Terms])",2026-07
HGNC:25980,TRMT1,15,"(""TRMT1""[Title/Abstract]) AND (humans[MeSH Terms])",2026-07
HGNC:28403,TRMT10A,20,"(""TRMT10A""[Title/Abstract]) AND (humans[MeSH Terms])",2026-07
HGNC:17992,TRPM3,232,"(""TRPM3""[Title/Abstract]) AND (humans[MeSH Terms])",2026-07
HGNC:17995,TRPM6,282,"(""TRPM6""[Title/Abstract]) AND (humans[MeSH Terms])",2026-07
HGNC:12347,TRRAP,185,"(""TRRAP""[Title/Abstract]) AND (humans[MeSH Terms])",2026-07
HGNC:12362,TSC1,1910,"(""TSC1""[Title/Abstract]) AND (humans[MeSH Terms])",2026-07
HGNC:12363,TSC2,2501,"(""TSC2""[Title/Abstract]) AND (humans[MeSH Terms])",2026-07
HGNC:16791,TSEN15,12,"(""TSEN15""[Title/Abstract]) AND (humans[MeSH Terms])",2026-07
HGNC:28422,TSEN2,19,"(""TSEN2""[Title/Abstract]) AND (humans[MeSH Terms])",2026-07
HGNC:15506,TSEN34,9,"(""TSEN34""[Title/Abstract]) AND (humans[MeSH Terms])",2026-07
HGNC:27561,TSEN54,40,"(""TSEN54""[Title/Abstract]) AND (humans[MeSH Terms])",2026-07
HGNC:12367,TSFM,31,"(""TSFM""[Title/Abstract]) AND (humans[MeSH Terms])",2026-07
HGNC:12382,TSPYL1,18,"(""TSPYL1""[Title/Abstract]) AND (humans[MeSH Terms])",2026-07
HGNC:19274,TTC5,15,"(""TTC5""[Title/Abstract]) AND (humans[MeSH Terms])",2026-07
HGNC:20766,TUBA1A,150,"(""TUBA1A""[Title/Abstract]) AND (humans[MeSH Terms])",2026-07
HGNC:12410,TUBA8,27,"(""TUBA8""[Title/Abstract]) AND (humans[MeSH Terms])",2026-07
HGNC:20778,TUBB,179,"(""TUBB""[Title/Abstract]) AND (humans[MeSH Terms])",2026-07
HGNC:12412,TUBB2A,72,"(""TUBB2A""[Title/Abstract]) AND (humans[MeSH Terms])",2026-07
HGNC:30829,TUBB2B,92,"(""TUBB2B""[Title/Abstract]) AND (humans[MeSH Terms])",2026-07
HGNC:20772,TUBB3,474,"(""TUBB3""[Title/Abstract]) AND (humans[MeSH Terms])",2026-07
HGNC:20774,TUBB4A,90,"(""TUBB4A""[Title/Abstract]) AND (humans[MeSH Terms])",2026-07
HGNC:12417,TUBG1,39,"(""TUBG1""[Title/Abstract]) AND (humans[MeSH Terms])",2026-07
HGNC:18599,TUBGCP2,8,"(""TUBGCP2""[Title/Abstract]) AND (humans[MeSH Terms])",2026-07
HGNC:18127,TUBGCP6,13,"(""TUBGCP6""[Title/Abstract]) AND (humans[MeSH Terms])",2026-07
HGNC:1160,TWNK,63,"(""TWNK""[Title/Abstract]) AND (humans[MeSH Terms])",2026-07
HGNC:23156,U2AF2,103,"(""U2AF2""[Title/Abstract]) AND (humans[MeSH Terms])",2026-07
HGNC:23230,UBA5,75,"(""UBA5""[Title/Abstract]) AND (humans[MeSH Terms])",2026-07
HGNC:29877,UBAP2L,39,"(""UBAP2L""[Title/Abstract]) AND (humans[MeSH Terms])",2026-07
HGNC:12472,UBE2A,60,"(""UBE2A""[Title/Abstract]) AND (humans[MeSH Terms])",2026-07
HGNC:12496,UBE3A,623,"(""UBE3A""[Title/Abstract]) AND (humans[MeSH Terms])",2026-07
HGNC:16806,UBR5,170,"(""UBR5""[Title/Abstract]) AND (humans[MeSH Terms])",2026-07
HGNC:20344,UBR7,17,"(""UBR7""[Title/Abstract]) AND (humans[MeSH Terms])",2026-07
HGNC:12511,UBTF,77,"(""UBTF""[Title/Abstract]) AND (humans[MeSH Terms])",2026-07
HGNC:26941,UFC1,61,"(""UFC1""[Title/Abstract]) AND (humans[MeSH Terms])",2026-07
HGNC:20597,UFM1,160,"(""UFM1""[Title/Abstract]) AND (humans[MeSH Terms])",2026-07
HGNC:25640,UFSP2,26,"(""UFSP2""[Title/Abstract]) AND (humans[MeSH Terms])",2026-07
HGNC:12525,UGDH,97,"(""UGDH""[Title/Abstract]) AND (humans[MeSH Terms])",2026-07
HGNC:15663,UGGT1,37,"(""UGGT1""[Title/Abstract]) AND (humans[MeSH Terms])",2026-07
HGNC:12527,UGP2,40,"(""UGP2""[Title/Abstract]) AND (humans[MeSH Terms])",2026-07
HGNC:12563,UMPS,70,"(""UMPS""[Title/Abstract]) AND (humans[MeSH Terms])",2026-07
HGNC:23150,UNC13A,62,"(""UNC13A""[Title/Abstract]) AND (humans[MeSH Terms])",2026-07
HGNC:19966,UNC79,18,"(""UNC79""[Title/Abstract]) AND (humans[MeSH Terms])",2026-07
HGNC:26582,UNC80,35,"(""UNC80""[Title/Abstract]) AND (humans[MeSH Terms])",2026-07
HGNC:20439,UPF3B,86,"(""UPF3B""[Title/Abstract]) AND (humans[MeSH Terms])",2026-07
HGNC:12616,USP18,262,"(""USP18""[Title/Abstract]) AND (humans[MeSH Terms])",2026-07
HGNC:12632,USP9X,306,"(""USP9X""[Title/Abstract]) AND (humans[MeSH Terms])",2026-07
HGNC:12643,VAMP2,318,"(""VAMP2""[Title/Abstract]) AND (humans[MeSH Terms])",2026-07
HGNC:12651,VARS1,7,"(""VARS1""[Title/Abstract]) AND (humans[MeSH Terms])",2026-07
HGNC:21642,VARS2,29,"(""VARS2""[Title/Abstract]) AND (humans[MeSH Terms])",2026-07
HGNC:12698,VLDLR,400,"(""VLDLR""[Title/Abstract]) AND (humans[MeSH Terms])",2026-07
HGNC:14583,VPS11,37,"(""VPS11""[Title/Abstract]) AND (humans[MeSH Terms])",2026-07
HGNC:1908,VPS13A,128,"(""VPS13A""[Title/Abstract]) AND (humans[MeSH Terms])",2026-07
HGNC:23595,VPS13D,45,"(""VPS13D""[Title/Abstract]) AND (humans[MeSH Terms])",2026-07
HGNC:20312,VPS36,23,"(""VPS36""[Title/Abstract]) AND (humans[MeSH Terms])",2026-07
HGNC:13488,VPS4A,92,"(""VPS4A""[Title/Abstract]) AND (humans[MeSH Terms])",2026-07
HGNC:17327,WAC,221,"(""WAC""[Title/Abstract]) AND (humans[MeSH Terms])",2026-07
HGNC:12730,WARS2,44,"(""WARS2""[Title/Abstract]) AND (humans[MeSH Terms])",2026-07
HGNC:12732,WASF1,26,"(""WASF1""[Title/Abstract]) AND (humans[MeSH Terms])",2026-07
HGNC:29174,WASHC4,6,"(""WASHC4""[Title/Abstract]) AND (humans[MeSH Terms])",2026-07
HGNC:20751,WDFY3,50,"(""WDFY3""[Title/Abstract]) AND (humans[MeSH Terms])",2026-07
HGNC:21208,WDR26,46,"(""WDR26""[Title/Abstract]) AND (humans[MeSH Terms])",2026-07
HGNC:31406,WDR37,14,"(""WDR37""[Title/Abstract]) AND (humans[MeSH Terms])",2026-07
HGNC:28912,WDR45,146,"(""WDR45""[Title/Abstract]) AND (humans[MeSH Terms])",2026-07
HGNC:25072,WDR45B,14,"(""WDR45B""[Title/Abstract]) AND (humans[MeSH Terms])",2026-07
HGNC:12757,WDR5,384,"(""WDR5""[Title/Abstract]) AND (humans[MeSH Terms])",2026-07
HGNC:24502,WDR62,101,"(""WDR62""[Title/Abstract]) AND (humans[MeSH Terms])",2026-07
HGNC:25928,WDR73,22,"(""WDR73""[Title/Abstract]) AND (humans[MeSH Terms])",2026-07
HGNC:29175,WDTC1,11,"(""WDTC1""[Title/Abstract]) AND (humans[MeSH Terms])",2026-07
HGNC:14543,WNK3,59,"(""WNK3""[Title/Abstract]) AND (humans[MeSH Terms])",2026-07
HGNC:12799,WWOX,515,"(""WWOX""[Title/Abstract]) AND (humans[MeSH Terms])",2026-07
HGNC:12827,XPR1,118,"(""XPR1""[Title/Abstract]) AND (humans[MeSH Terms])",2026-07
HGNC:25489,YEATS2,42,"(""YEATS2""[Title/Abstract]) AND (humans[MeSH Terms])",2026-07
HGNC:30511,YIF1B,12,"(""YIF1B""[Title/Abstract]) AND (humans[MeSH Terms])",2026-07
HGNC:24877,YIPF5,13,"(""YIPF5""[Title/Abstract]) AND (humans[MeSH Terms])",2026-07
HGNC:12851,YWHAE,256,"(""YWHAE""[Title/Abstract]) AND (humans[MeSH Terms])",2026-07
HGNC:12852,YWHAG,79,"(""YWHAG""[Title/Abstract]) AND (humans[MeSH Terms])",2026-07
HGNC:13030,ZBTB18,49,"(""ZBTB18""[Title/Abstract]) AND (humans[MeSH Terms])",2026-07
HGNC:24931,ZC4H2,34,"(""ZC4H2""[Title/Abstract]) AND (humans[MeSH Terms])",2026-07
HGNC:18475,ZDHHC9,47,"(""ZDHHC9""[Title/Abstract]) AND (humans[MeSH Terms])",2026-07
HGNC:14881,ZEB2,1106,"(""ZEB2""[Title/Abstract]) AND (humans[MeSH Terms])",2026-07
HGNC:12873,ZIC2,206,"(""ZIC2""[Title/Abstract]) AND (humans[MeSH Terms])",2026-07
HGNC:16493,ZMIZ1,108,"(""ZMIZ1""[Title/Abstract]) AND (humans[MeSH Terms])",2026-07
HGNC:16966,ZMYND11,70,"(""ZMYND11""[Title/Abstract]) AND (humans[MeSH Terms])",2026-07
HGNC:9397,ZMYND8,69,"(""ZMYND8""[Title/Abstract]) AND (humans[MeSH Terms])",2026-07
HGNC:12927,ZNF142,15,"(""ZNF142""[Title/Abstract]) AND (humans[MeSH Terms])",2026-07
HGNC:12933,ZNF148,50,"(""ZNF148""[Title/Abstract]) AND (humans[MeSH Terms])",2026-07
HGNC:15807,ZNF335,33,"(""ZNF335""[Title/Abstract]) AND (humans[MeSH Terms])",2026-07
HGNC:29415,ZNF526,6,"(""ZNF526""[Title/Abstract]) AND (humans[MeSH Terms])",2026-07
HGNC:12309,ZNHIT3,16,"(""ZNHIT3""[Title/Abstract]) AND (humans[MeSH Terms])",2026-07
HGNC:29316,ZSWIM6,14,"(""ZSWIM6""[Title/Abstract]) AND (humans[MeSH Terms])",2026-07
