hgnc_id,orphacodes
HGNC:13666,869
HGNC:20,228174;33364;442835
HGNC:21022,313808;319504;99853
HGNC:17366,2203;3124
HGNC:23,2066
HGNC:32,88616
HGNC:33,2032;440402;685082
HGNC:45,69663;69665;79305
HGNC:57,51608;758
HGNC:59,276575;276598;552;79134;79643;99885;99886
HGNC:61,139396;139399;369942;388
HGNC:68,369955
HGNC:13886,2882;391665
HGNC:13887,2882;391665
HGNC:15868,171848
HGNC:13921,631085
HGNC:21396,98907
HGNC:87,79159
HGNC:21497,99901
HGNC:89,42
HGNC:90,26792
HGNC:91,79157
HGNC:92,26793
HGNC:319,171866;251262;435804;93283
HGNC:93,134
HGNC:25070,1775;3322;618
HGNC:2707,97369
HGNC:16066,502444
HGNC:118,313850;98676
HGNC:119,2971;631248
HGNC:27288,289504
HGNC:3571,777;86818
HGNC:129,171430;171433;171436;171439;2020;447977;97240;97244;98904
HGNC:130,2573;404463;91387
HGNC:132,2995;64755;673556;674653;79107
HGNC:143,154;54260;99103
HGNC:144,2995;90635;98942;98944
HGNC:24124,528084
HGNC:160,442835;528084
HGNC:163,140957
HGNC:164,154;708129;708133
HGNC:171,337
HGNC:175,275777;774
HGNC:177,137754
HGNC:186,277;39041
HGNC:1839,124;404553;820
HGNC:195,294023
HGNC:216,1872
HGNC:13201,3449
HGNC:1366,93583
HGNC:17110,369970
HGNC:225,225154;41;51;694356
HGNC:25151,363528
HGNC:236,1429;324588
HGNC:245,210141
HGNC:4512,101070;98889
HGNC:20973,528084
HGNC:257,289290
HGNC:15766,404448;700160
HGNC:21304,694922
HGNC:291,46
HGNC:3776,100973
HGNC:6473,632603
HGNC:17869,444077
HGNC:18119,457351
HGNC:28762,659975;90636
HGNC:315,101109;313772
HGNC:318,93
HGNC:26147,791
HGNC:21869,1369;98994
HGNC:321,366
HGNC:3262,528084
HGNC:3263,528084
HGNC:325,696189
HGNC:327,309803
HGNC:329,716825
HGNC:17258,2254
HGNC:341,93598
HGNC:343,88618
HGNC:25230,412069
HGNC:21575,220493;475;791
HGNC:13203,101089
HGNC:8768,101078;139583;238329;83629
HGNC:10648,280293;88616
HGNC:360,189466;3453
HGNC:362,33355
HGNC:388,79303
HGNC:391,2495;744
HGNC:392,293964;79085
HGNC:393,83473;99802
HGNC:397,443197;75563
HGNC:399,86816
HGNC:9722,35664;447753;447757;447760;90348
HGNC:403,816
HGNC:406,79101
HGNC:408,22
HGNC:877,3006
HGNC:417,469
HGNC:18294,79327
HGNC:32456,280071
HGNC:19358,79324
HGNC:30881,324422;777
HGNC:28287,353327
HGNC:23159,353327;79326
HGNC:23056,79321
HGNC:23157,79320
HGNC:23161,2924;79325
HGNC:15672,730;79328
HGNC:427,146;178342;251877;251992;300895;364043;626;635;715697
HGNC:25189,88616
HGNC:428,364055;64;65
HGNC:20917,313800
HGNC:438,247623;247638;247651;247667;247676;247685
HGNC:443,247604;293168;300605
HGNC:1494,306542
HGNC:449,391474
HGNC:450,228390;35093;52022;60015
HGNC:451,79095
HGNC:26837,2780
HGNC:17811,660021
HGNC:469,369920;401805
HGNC:473,289857;289860;289863
HGNC:491,727925
HGNC:492,251066;822
HGNC:494,356996
HGNC:21316,2332;261250
HGNC:23575,717823
HGNC:29186,168629
HGNC:26724,93591;93592
HGNC:25519,284289
HGNC:27337,206549;206599;399096;53697;689021
HGNC:6211,478
HGNC:21014,2067
HGNC:21732,2028;2176
HGNC:535,803
HGNC:554,171851
HGNC:555,528084
HGNC:559,171851
HGNC:560,1568;85329;85335
HGNC:564,1942
HGNC:565,101050
HGNC:566,664500
HGNC:567,442835
HGNC:572,280763
HGNC:573,280763
HGNC:574,280763
HGNC:575,280763
HGNC:22197,306511
HGNC:583,220460;261584;314022;3258;733;873
HGNC:24036,821
HGNC:603,391665;727915
HGNC:618,656
HGNC:620,100006;1020;324703;324708;324713;324718;324723
HGNC:644,481;90797;95706;99429
HGNC:649,659702
HGNC:652,98892
HGNC:654,178469
HGNC:15853,98892
HGNC:663,90
HGNC:30207,199306
HGNC:14561,163985
HGNC:11110,1465
HGNC:18040,1465;251056
HGNC:18037,1465
HGNC:25419,475
HGNC:17146,791
HGNC:13210,110;791
HGNC:697,401780
HGNC:23045,276234
HGNC:20730,475
HGNC:704,714496
HGNC:707,662762
HGNC:713,309256;309263;309271
HGNC:714,276212;276223
HGNC:719,79345
HGNC:18060,1934;2508;3175;364063;452;697160;777;94083
HGNC:735,2590;333
HGNC:19088,178469
HGNC:746,23
HGNC:753,391376
HGNC:756,314911;314918
HGNC:19048,2512
HGNC:758,247546;247573
HGNC:18318,86845;97297;98823;98849;98850
HGNC:23805,689408
HGNC:29357,352577
HGNC:25903,3197
HGNC:25567,496790;615983;615986;656279
HGNC:791,1872;49382
HGNC:794,250977
HGNC:11231,100984;36386
HGNC:795,100;145;370109;440437;52416;67038
HGNC:3033,101
HGNC:13552,2032;90635
HGNC:30213,300605;306674;314632;513436
HGNC:24113,275777
HGNC:799,521414;564178
HGNC:800,2131;442835;569
HGNC:801,1171;2131;442835;71517
HGNC:814,528084
HGNC:815,90636
HGNC:816,314978
HGNC:823,254913
HGNC:850,254913
HGNC:868,692790
HGNC:18305,363654;93952
HGNC:865,528084
HGNC:18481,2834;357074
HGNC:851,357074;442835
HGNC:853,402041
HGNC:854,3473;79499;79500
HGNC:869,139557;198;388;565
HGNC:870,905
HGNC:13533,1766
HGNC:13540,528084
HGNC:882,313846;808
HGNC:886,100075;231401;715721;726004;847;96253
HGNC:10555,803;98756
HGNC:890,67046
HGNC:11391,137893
HGNC:14262,352490;641372
HGNC:903,210159
HGNC:904,401911
HGNC:28596,588;88616;899
HGNC:17978,536467;642099
HGNC:20207,709
HGNC:4117,101006
HGNC:924,79332
HGNC:930,75496
HGNC:24123,475;564
HGNC:28636,475;564
HGNC:939,154;199340
HGNC:950,2495;289539;50251;528084;618;723195;723203
HGNC:28093,110
HGNC:966,110;791
HGNC:26291,110
HGNC:26648,110
HGNC:967,110;791
HGNC:969,110
HGNC:970,110
HGNC:18758,110
HGNC:30000,110
HGNC:16695,369939;369942
HGNC:14347,697067
HGNC:986,268145;268162;268173
HGNC:987,268145;268162;268173
HGNC:16902,308410
HGNC:989,52417
HGNC:13221,251380;261349;619233
HGNC:13222,662829
HGNC:20893,2712;457246;520;568
HGNC:1020,123;1460;254902;53693
HGNC:12703,1243;139455;263347;3086;35612;791;99000
HGNC:1044,622925;93349
HGNC:1052,169186;169189
HGNC:1058,125
HGNC:14211,33110
HGNC:18561,231531
HGNC:8549,231531
HGNC:26953,610569
HGNC:1071,139471;199306;90654;93100
HGNC:1078,275777;275786;31837
HGNC:24415,401874
HGNC:17950,85179
HGNC:3581,529962;686482
HGNC:21701,435845
HGNC:1100,1333;145;168829;667662;694963;70567;84
HGNC:1101,1333;145;178;319462;440437;654;667662;694963;70567;84
HGNC:13575,199;443167
HGNC:11551,444072
HGNC:14255,1620;698090
HGNC:11405,178469
HGNC:17342,528084
HGNC:15832,100998;139536;363400;696289
HGNC:16512,89938;90636
HGNC:1122,79241
HGNC:1148,1052
HGNC:1149,1052
HGNC:29521,1777
HGNC:25443,289560;320370
HGNC:1241,169147;300345
HGNC:1242,169147
HGNC:14344,67042
HGNC:24564,434179
HGNC:1318,280133;544472
HGNC:28337,100069;100070;275864;275872;401901;803
HGNC:1373,2785
HGNC:1377,401948
HGNC:1382,1766
HGNC:1385,90636
HGNC:1388,2131;2382;442835;569;71518;97;98758
HGNC:1389,442835
HGNC:1391,324321;369929
HGNC:1392,1934
HGNC:1393,178333;1872;714070
HGNC:1394,458803
HGNC:1396,178469
HGNC:20202,1872;714070
HGNC:1424,448010
HGNC:1442,727192;730657
HGNC:1445,727192;730657
HGNC:1449,727192;730657
HGNC:1460,178469
HGNC:1461,178469
HGNC:18806,157791;314647
HGNC:19721,1425;647676
HGNC:11182,611201
HGNC:1480,267;565909
HGNC:1482,329211
HGNC:6743,528084
HGNC:16393,300324;357237;464336;619972
HGNC:27089,542301
HGNC:1493,178342;33364
HGNC:25695,477774
HGNC:1497,163937;1934;777
HGNC:1509,210159;275517
HGNC:1527,220393;220402;275777;696206
HGNC:1529,206599;488650;97238
HGNC:9688,228429
HGNC:1539,98829
HGNC:1541,363972;648;86834;98850
HGNC:1550,394
HGNC:1307,475
HGNC:30237,88616
HGNC:29253,1454;2318;564;791
HGNC:29426,2136
HGNC:28909,7
HGNC:28295,528084
HGNC:25244,244
HGNC:26090,244
HGNC:25523,99807
HGNC:19967,269510;423275
HGNC:21708,221061
HGNC:12771,1159
HGNC:1583,83473
HGNC:1596,600668
HGNC:18576,244
HGNC:1633,696881
HGNC:1677,169160;85408;85410
HGNC:11922,238505
HGNC:14258,656
HGNC:16692,280183
HGNC:1673,169160
HGNC:1674,169160
HGNC:1675,169082
HGNC:11919,101090
HGNC:11935,101088
HGNC:6953,244242;544472
HGNC:11937,538958
HGNC:1698,33110
HGNC:1699,33110
HGNC:1713,98869
HGNC:1718,90636
HGNC:1736,487796;619363
HGNC:1739,2554
HGNC:1744,2554
HGNC:16783,143;99879;99880
HGNC:1748,199306;1997;26106
HGNC:1750,1299
HGNC:1759,293910
HGNC:13733,231169;2965;314777;90636;91347;96253
HGNC:1762,1573;1897
HGNC:14550,1872;791
HGNC:1770,720326
HGNC:1733,646278
HGNC:19338,442835
HGNC:1773,618;99970;99971
HGNC:18672,2512
HGNC:1777,2512
HGNC:1779,528084
HGNC:11411,1934;3095;505652;697160
HGNC:1785,276152;652
HGNC:1786,231120;397590;436144;85173
HGNC:1787,1333;1501;252206;404560;524;585909;618;715721;99861
HGNC:17104,220386;280195;280200;93924;93925;93926;95496
HGNC:24576,2554
HGNC:31948,90635;90636
HGNC:1833,102724;319465;319480
HGNC:2550,442835
HGNC:1850,569816
HGNC:1857,444069;506307
HGNC:24866,475;88616
HGNC:26690,220493;474;475
HGNC:29086,2512
HGNC:29298,2512;808
HGNC:29182,3156
HGNC:29021,110;2318;3156;564;65
HGNC:29366,808
HGNC:12370,220493;475
HGNC:1161,500135
HGNC:30794,1052
HGNC:25740,231183
HGNC:17966,93591
HGNC:21638,572013
HGNC:21699,791
HGNC:14253,424027
HGNC:2205,528084
HGNC:33720,244
HGNC:28188,244
HGNC:1260,1872;653709;803
HGNC:27232,110;1872;791
HGNC:4883,200421;244242;244275;329931;544472;75376;93571
HGNC:5394,200418;244242;244275;544472;75376
HGNC:1875,171436
HGNC:1884,399805;48;498359;586;60033;700124
HGNC:20311,692193
HGNC:1912,716893
HGNC:15559,275872;276435;457050;803
HGNC:1915,529965
HGNC:1917,1942;2382
HGNC:1918,599082
HGNC:1919,653712
HGNC:16816,528084
HGNC:20626,138;39041;432;478
HGNC:20153,261229;642675
HGNC:1937,88616
HGNC:1938,280671;521305
HGNC:1940,180
HGNC:8740,324569
HGNC:24537,100069;100070;275864;803
HGNC:1943,233
HGNC:1955,33108;716758;716765;716816
HGNC:1958,98784
HGNC:1961,716758;716765;716816
HGNC:1962,98784
HGNC:1967,2990;33108
HGNC:24464,2953
HGNC:1971,263463
HGNC:6938,98969
HGNC:17198,363417
HGNC:14280,727296
HGNC:14214,178469
HGNC:7067,572
HGNC:24212,3463
HGNC:1985,2512
HGNC:26877,3255
HGNC:2021,528084
HGNC:2022,485350;777
HGNC:2023,93622
HGNC:2024,610573
HGNC:2025,210110;53;667
HGNC:2027,358;89938;93605
HGNC:2035,90636
HGNC:2037,31043
HGNC:2074,699780;699796
HGNC:2076,699802;699807;699812
HGNC:2077,700467;700472;700477
HGNC:2079,1947;700484
HGNC:16999,411493
HGNC:30664,445038;486
HGNC:2084,642945;642976
HGNC:12605,231183;791
HGNC:2092,178342;178469;319308;442835
HGNC:25678,244
HGNC:2148,791
HGNC:2150,1872;49382
HGNC:2151,791
HGNC:2153,1871;49382;827
HGNC:19701,442835;777
HGNC:103,620363
HGNC:105,1873
HGNC:7877,528084;556955
HGNC:7878,289513;697764
HGNC:7879,528084;99861
HGNC:11968,697160
HGNC:2172,86814
HGNC:8011,2680
HGNC:18025,1561
HGNC:20492,436271
HGNC:29932,397725;611256
HGNC:2180,90635
HGNC:6545,263508
HGNC:18620,263501;85172
HGNC:14857,263487
HGNC:18621,363523;464443
HGNC:18622,79333
HGNC:18623,95428
HGNC:2185,174
HGNC:2187,1427;166100;2021;90635;90636
HGNC:2195,1571
HGNC:2197,1310;1899;216796;216804;216812;216820;230857;287;31112;314029
HGNC:2200,137678;166100;1856;209867;2380;459051;485;85166;85198;86820;90653;93279;93296;93297;93315;93316;93346;94068
HGNC:2201,231160;2500;286;636941;86
HGNC:2202,36383;477749;481986;73229;75326;899;99810
HGNC:2203,36383;99810
HGNC:2204,653722;656;88918;88919
HGNC:2206,653722;88918;88919
HGNC:2207,1018;653722;88917
HGNC:2209,287
HGNC:2210,287
HGNC:2211,610;646113;75840
HGNC:2212,289380;610;646113;75840
HGNC:2213,464440;610;646113;75840
HGNC:2214,158673;158676;231568;79408;79409;79410;79411;89842;89843
HGNC:2217,166002;250984
HGNC:2219,166002;250984
HGNC:17213,293843
HGNC:2227,750;93308
HGNC:2231,633035
HGNC:2232,2512
HGNC:25223,227510;98933
HGNC:19693,457185
HGNC:20233,280406;93921
HGNC:2244,319678;658778
HGNC:16812,139485
HGNC:19041,656;791
HGNC:25302,319678
HGNC:2252,228003
HGNC:2260,254905
HGNC:2263,1561
HGNC:26970,254905
HGNC:2265,254905
HGNC:2277,435998
HGNC:2280,254905
HGNC:2295,48818
HGNC:23228,519388
HGNC:17272,2512;808
HGNC:2303,633028
HGNC:25801,2754;475;65684
HGNC:2309,280;86909
HGNC:2321,659672;79273
HGNC:2323,147
HGNC:2326,528084
HGNC:2328,156
HGNC:2330,228302;228305;228308;263524
HGNC:2336,536;696894
HGNC:2340,88616
HGNC:2343,251295;35612;65;791
HGNC:18688,443988;656
HGNC:2348,353277;353281;370026;592574
HGNC:14630,576235;99067;99068
HGNC:14312,715640
HGNC:37276,352479;370980;588;899
HGNC:2383,1872;65;791
HGNC:2433,313808;556985
HGNC:2435,264675
HGNC:2436,264675
HGNC:2457,528084
HGNC:2460,178469;689397
HGNC:26193,397715;475;564
HGNC:2472,154
HGNC:2482,248;308
HGNC:2494,280;714399
HGNC:26169,1775;313838
HGNC:13723,363611
HGNC:2498,48431
HGNC:2501,212
HGNC:2505,2584;3162;436159;536;900
HGNC:2509,26106;99001
HGNC:2514,1501;210159;2780;33402;404473;54595;569248;689430;873;891;91414;952
HGNC:2515,1997
HGNC:2516,178469;281;86814
HGNC:2518,411629;411634;411641
HGNC:2519,420573
HGNC:16850,528084;654
HGNC:9251,351;575553
HGNC:2529,700487;700492;700497
HGNC:2531,352709
HGNC:2536,763
HGNC:2553,300530;716116
HGNC:2555,85293
HGNC:2557,178469
HGNC:19347,2382
HGNC:10664,166035
HGNC:25613,453521
HGNC:2561,51636
HGNC:2570,621;90796
HGNC:2873,621
HGNC:2579,1460
HGNC:13760,442835
HGNC:2584,211;867
HGNC:2592,403;556030
HGNC:2597,708;98976;98977
HGNC:2605,909
HGNC:2606,289157
HGNC:20582,320411
HGNC:23198,41751
HGNC:2652,100986;79302
HGNC:28358,79315
HGNC:2666,206599;280333;370997;899
HGNC:2678,363412
HGNC:25538,137898
HGNC:2698,268145;268162;268173;268184
HGNC:25784,3464
HGNC:2701,238722;2744;478
HGNC:18141,480556;84081;90636
HGNC:17642,275;39041
HGNC:29812,88616
HGNC:2714,2148;99796
HGNC:2717,716109
HGNC:2718,910
HGNC:2719,35708
HGNC:19714,101008
HGNC:29106,320380
HGNC:2728,300536
HGNC:2731,93358
HGNC:2736,280558
HGNC:2745,3338;457260;99861
HGNC:18674,488647
HGNC:25360,2919
HGNC:2747,528084
HGNC:14677,468620;714385
HGNC:18423,442835;98784;98820
HGNC:2770,154;719921;85146;98909
HGNC:2852,329903;357008
HGNC:2858,279934;329314
HGNC:2859,35107
HGNC:2860,818
HGNC:20603,442835;791
HGNC:2861,319651
HGNC:2867,246
HGNC:23537,329258;79154
HGNC:16716,647788
HGNC:17210,242;251510;983
HGNC:2876,2573;477814;494444
HGNC:17098,276399;284343;404476;99757;99914;99915;99916
HGNC:28648,2849;654
HGNC:19711,220386;280195;280200;93924;93925;93926
HGNC:2890,1775;3322
HGNC:2896,79244
HGNC:2898,2394
HGNC:2902,777
HGNC:2903,528084
HGNC:2908,178469;220386;280195;280200;93924;93925;93926
HGNC:2928,154;206546;777;98895;98896
HGNC:2934,242
HGNC:2938,1934;453533;90635
HGNC:30539,244
HGNC:16725,244
HGNC:32700,244
HGNC:20188,244
HGNC:30492,244
HGNC:21493,244
HGNC:26013,244
HGNC:28570,244
HGNC:2940,244;276234
HGNC:2942,244
HGNC:2946,276234
HGNC:2950,244
HGNC:2953,101063;244
HGNC:2954,244
HGNC:18744,244
HGNC:14889,730
HGNC:5228,314485;443950
HGNC:14888,34516;708126
HGNC:28908,508523
HGNC:30528,66634
HGNC:27030,811
HGNC:16410,104;904
HGNC:16235,228343
HGNC:15469,2828;391411
HGNC:23247,244
HGNC:2959,300345;36412
HGNC:2972,2382;442835
HGNC:2973,330050;98673
HGNC:2974,100044;169189;228179;363409
HGNC:2976,314404;456318
HGNC:2978,276621;404443;658595;86845
HGNC:2979,2268;269
HGNC:23483,658946;658951
HGNC:2988,447737
HGNC:2989,528084
HGNC:19189,974
HGNC:19190,411986
HGNC:19191,178469;217390
HGNC:28662,528084
HGNC:26594,716825;994
HGNC:23406,154;91131
HGNC:2995,353327;86309
HGNC:9964,1465
HGNC:3003,459061
HGNC:3004,459061
HGNC:3005,79322
HGNC:3006,329178
HGNC:19414,171709
HGNC:3012,1675;293948
HGNC:3013,38874
HGNC:20637,528084;7
HGNC:24245,244;276234
HGNC:29937,244
HGNC:4166,244
HGNC:3036,293888;293899;293910
HGNC:21144,2953
HGNC:3049,154;293888;293899;293910
HGNC:3054,166260;166265;99791
HGNC:1090,314381;412181
HGNC:17328,231531
HGNC:21317,178355;239
HGNC:2961,178469;209341;284232
HGNC:2962,474;93269;93270;93271
HGNC:21862,474;93271
HGNC:28296,474;93271
HGNC:3091,268261;464311
HGNC:3097,178400;199329;268;45448
HGNC:26551,731
HGNC:29419,314051
HGNC:19087,658843;96148
HGNC:3133,35173;401973
HGNC:3151,653880
HGNC:3153,530
HGNC:2895,1810;248
HGNC:16787,695783
HGNC:3188,659396
HGNC:3192,442835;528084
HGNC:3208,88616
HGNC:3214,101112
HGNC:3218,75376;98977
HGNC:3219,314718;90349;91387
HGNC:25789,811
HGNC:3226,1520
HGNC:30858,79113
HGNC:3236,251576;251579
HGNC:1232,247511
HGNC:3239,101084;64748;99951
HGNC:24650,261652;96147
HGNC:3250,146
HGNC:9437,256
HGNC:3255,1667
HGNC:19687,199241;275777;31837
HGNC:3257,157713;157716;157719;99853;99854
HGNC:3258,157713;157716;157719;99853;99854
HGNC:3259,157713;157716;157719;99853;99854
HGNC:3260,157713;157716;157719;99853;99854
HGNC:3261,157713;157716;157719;99853;99854
HGNC:3267,85282
HGNC:3284,528084
HGNC:18683,3102
HGNC:3300,528084
HGNC:14198,369913
HGNC:3309,2686;486
HGNC:3319,632;676125
HGNC:3327,3193;90348;904;91387
HGNC:14415,1955;352333;827
HGNC:18248,717795
HGNC:28957,480898
HGNC:27609,528084
HGNC:16912,1270
HGNC:19880,485418
HGNC:3330,99796
HGNC:3349,231160;275777;329971;774
HGNC:3356,289176;324561;51608;758
HGNC:3363,401810
HGNC:28526,974
HGNC:3373,353284
HGNC:29331,1493
HGNC:3395,1053;568065;693912;90186
HGNC:3413,501
HGNC:3432,178469;803
HGNC:3433,1466;90322
HGNC:3434,1466;220295;33364;910
HGNC:3435,220295;33364;910
HGNC:3436,220295;84;90321;910
HGNC:3437,1466;220295;910
HGNC:3438,1466;178338;90321;90322;90324
HGNC:26922,319465;401764
HGNC:3439,178338;90321;90322;90324
HGNC:3444,647681;726700
HGNC:16947,300605;401785
HGNC:1356,209951;247604;280384
HGNC:27230,2319;3103
HGNC:13281,231169;90635;90636
HGNC:3473,90636
HGNC:3481,394529;394532
HGNC:3482,394529;394532
HGNC:3483,394529;394532
HGNC:23287,51188
HGNC:3495,146;168629;2030;2665;314950;585929;98823
HGNC:3497,289;952
HGNC:19747,289;952
HGNC:17085,642085
HGNC:17944,2254
HGNC:17035,2254
HGNC:3512,321;502;55880
HGNC:3513,321;466926;52022
HGNC:3518,508533
HGNC:3519,107;52429;720341
HGNC:3522,217622;90635
HGNC:21555,791
HGNC:3527,3447
HGNC:3528,328
HGNC:3529,329
HGNC:3530,100054;330;617919
HGNC:3531,331
HGNC:3534,331
HGNC:3535,325;329217
HGNC:3542,131;326;329217;391320;599579;600194
HGNC:3544,327
HGNC:3546,169802;169805;169808;177926
HGNC:3551,169793;169796;169799;177929
HGNC:21197,171629;329308
HGNC:3579,882
HGNC:24725,2763;93325
HGNC:29162,2754
HGNC:22140,1832
HGNC:18786,528084
HGNC:29170,401996
HGNC:3582,84
HGNC:3583,3412;84
HGNC:3584,84
HGNC:3585,84
HGNC:3586,84
HGNC:3587,84
HGNC:3588,84
HGNC:25568,84
HGNC:20748,84
HGNC:26222,438178;615938
HGNC:21062,319519;466722
HGNC:3592,178506
HGNC:17800,178506
HGNC:11920,117;3261;3437
HGNC:11936,3261
HGNC:29160,166105
HGNC:23109,2136;314679
HGNC:3604,115
HGNC:3606,348
HGNC:13601,369897
HGNC:13590,528084
HGNC:29046,442835
HGNC:16510,88616
HGNC:13607,528084
HGNC:16712,528084
HGNC:29002,647804
HGNC:3629,730300
HGNC:3642,542585;543470
HGNC:3647,79278
HGNC:15889,2908
HGNC:23151,99844
HGNC:1184,88616
HGNC:3661,101041;248408;93562;98880;98881
HGNC:3662,101041;248408;98880;98881
HGNC:3663,915
HGNC:19125,99954
HGNC:3670,36387
HGNC:3671,675216;98764
HGNC:3681,2791;90024;99806
HGNC:3687,3237
HGNC:3688,168953;2117;220386;2396;251576;251579;251615;2645;280200;314950;3157;3366;432;478;93258;93924;99798
HGNC:3689,1540;1555;168624;207;2363;313855;596008;794;87;93258;93259;93260
HGNC:3690,15;1860;2363;251576;251579;35099;429;53271;794;85164;85165;93262;93274
HGNC:3694,101041;248408;98880;98881
HGNC:3700,24;29072;523
HGNC:3705,500095
HGNC:16873,139515;208441;3472;803
HGNC:17997,34515;370959;370968;370980;588;899
HGNC:3622,154;206554;272;370980;588;899
HGNC:24671,394529;394532
HGNC:27310,122;2903;422526
HGNC:3754,1826;2301;2484;482606;555877;75497;88630;90650;90652;98892;99811
HGNC:3755,1190;1263;3275;503;56305
HGNC:3756,154;171445;293910;63273;75249
HGNC:3767,3303;79452
HGNC:24682,88628
HGNC:20105,221126
HGNC:14074,88616
HGNC:3771,468726
HGNC:3775,261483;642691;908;93256
HGNC:3778,84090;93315
HGNC:29418,693647
HGNC:3791,217382
HGNC:3798,697356
HGNC:3800,250923;708;782;91483;98978
HGNC:3801,33001
HGNC:3806,1226;146;319487;95713
HGNC:3808,708;83461;91387
HGNC:3811,261144;442835;598164
HGNC:3816,244
HGNC:12765,169095;676039;83471
HGNC:13875,209908;251061
HGNC:6106,37042
HGNC:26927,2609
HGNC:19185,2052;93100
HGNC:29007,777
HGNC:1362,88616
HGNC:13753,1872;791
HGNC:3974,51208
HGNC:3999,157846;163;254704;440731
HGNC:24678,210144
HGNC:13254,777
HGNC:4006,349
HGNC:4010,275872;300605;79105;803;99967
HGNC:3951,95
HGNC:4042,891;90050;91495
HGNC:24824,442835
HGNC:4056,79258
HGNC:24861,331176
HGNC:4057,466026
HGNC:4065,308552;420429
HGNC:4070,178469
HGNC:4507,3095;442835
HGNC:4075,307;33069;64280
HGNC:4076,442835
HGNC:4077,79102
HGNC:4079,442835
HGNC:4082,442835
HGNC:4083,2382;64280
HGNC:4084,1606;307;36387
HGNC:4087,1945;33069;36387;442835;64280
HGNC:4092,210141
HGNC:4115,206436;206443;206448
HGNC:4116,308473;308487
HGNC:4118,79237
HGNC:24063,570422
HGNC:4122,309297
HGNC:4125,306661
HGNC:4135,79239
HGNC:4136,382
HGNC:4137,643
HGNC:4138,730
HGNC:4162,139536;99938
HGNC:4170,124;231393;363727;420611;67044;79277;86849;99887
HGNC:4171,228423
HGNC:4172,2237;585936
HGNC:4173,251071;251510;3303;334;576232;99067;99068;99103
HGNC:4174,2140;2255;3303;334;665044;665058;99067;99103
HGNC:30778,363686
HGNC:4175,3337;35704
HGNC:4177,2072;411602;77259;77260;77261;85212
HGNC:18986,320391;352641
HGNC:4180,206583;308621;308638;308655;308670;308684;308698;308712
HGNC:4189,25
HGNC:4193,2102;98808
HGNC:4195,552;79299;99885
HGNC:4208,289857;289860;289863
HGNC:15968,101097;101102;217055;99944;99948
HGNC:4217,275777;774
HGNC:4226,777
HGNC:20043,88616
HGNC:4235,363717;363722
HGNC:4236,330054
HGNC:4238,140957;734
HGNC:13780,137681
HGNC:29682,565624
HGNC:4241,353327
HGNC:4247,436274;91135;98434
HGNC:11960,411602
HGNC:18183,90636
HGNC:4283,101075;1175
HGNC:4284,166286;2202;2698;477;494;90635;90636
HGNC:17494,280282;320401;568051
HGNC:4289,284411;284414
HGNC:4296,324
HGNC:4298,309310;79255;79256;79257
HGNC:4313,289857;289860;289863
HGNC:29514,994
HGNC:4318,220386;280195;280200;420584;93924;93925;93926;95494
HGNC:4319,36;380;672;93322;93334;93335;93338
HGNC:28510,79118
HGNC:4331,557056;557064
HGNC:4335,35878
HGNC:4341,71278
HGNC:24247,941
HGNC:4367,309246
HGNC:22923,869
HGNC:22932,353327;363623;370959;370968;588
HGNC:4389,1934;592564
HGNC:4390,3205;624;675359;723195;723203;79483
HGNC:4392,189427;2762;562;57782;79443;79444;79445;93276;93277;94089
HGNC:4393,714096
HGNC:4394,1871;49382
HGNC:4396,488613
HGNC:4398,166282;528084
HGNC:4401,542306
HGNC:23657,300605;3166;438207;602
HGNC:4416,309796
HGNC:29670,423461;576
HGNC:23026,423470
HGNC:4422,79272
HGNC:25676,2078
HGNC:4431,280620
HGNC:4439,140957;274;52530;853
HGNC:4440,140957;274;567;853
HGNC:14388,98885
HGNC:4444,274
HGNC:4446,529665
HGNC:4451,373;654
HGNC:4452,2662;373
HGNC:15465,308400;3197
HGNC:20145,54
HGNC:23694,95496
HGNC:31371,714079
HGNC:13308,2478
HGNC:29501,314597;90636
HGNC:18062,477673
HGNC:2001,157794
HGNC:2799,423454;90635;98973
HGNC:25839,101023;155878;888;99771;99772
HGNC:4571,178469;88616
HGNC:4573,364028
HGNC:4574,528084
HGNC:4576,363432
HGNC:4580,528084;88616
HGNC:4584,178469;1934;208447;88616
HGNC:4585,163721;1945;289266;725;98818
HGNC:4586,589547;697160
HGNC:4588,442835
HGNC:18708,2052
HGNC:10013,75382
HGNC:4593,324262;404507;631095
HGNC:4598,714079
HGNC:4599,1934;88616
HGNC:4601,100069;100070;275864;314629
HGNC:31673,90636
HGNC:2810,90635
HGNC:4624,289846;289849
HGNC:24959,319192
HGNC:4651,33364
HGNC:21157,33364
HGNC:4659,904
HGNC:14880,444013
HGNC:4678,1871;1872;75377
HGNC:4689,1872;65;75377
HGNC:4696,584
HGNC:4699,263297;456369
HGNC:4706,137625
HGNC:4707,2089
HGNC:4718,642763
HGNC:4764,715950;723358
HGNC:4787,717854
HGNC:4790,717854
HGNC:4793,717854
HGNC:4796,521438
HGNC:9639,2020
HGNC:21033,464282;635
HGNC:4799,71212
HGNC:4801,243367;5;746
HGNC:4803,746
HGNC:15598,648581;79230
HGNC:16915,99749
HGNC:4823,163596;247511;330041;707789;715143;93616;98791
HGNC:4824,163596;247511;330041;707789;715143;715154;93616;98791
HGNC:4827,2132;2133;231214;231222;231226;231237;231242;232;247511;251365;251370;251375;251380;330041;46532;695140;695147;699822;700090;700107;700111;715125;715128;715135;715140;715143;715157;90039
HGNC:4837,2556
HGNC:4839,369962;777
HGNC:4845,36387;442835
HGNC:14063,1001
HGNC:13315,199;3459
HGNC:29853,726695
HGNC:26361,210548;2478
HGNC:4867,457359
HGNC:4868,329195
HGNC:4877,226307;3157;478;95494;95496
HGNC:4878,309178;309185;309192
HGNC:4879,309155;309162;309169
HGNC:4886,443057;443062;465508;586;648581
HGNC:4892,56
HGNC:26527,791;79271
HGNC:4908,88639
HGNC:26938,495844
HGNC:4912,324442
HGNC:4916,567
HGNC:4921,178469
HGNC:4887,648581;79230
HGNC:4922,90031;99953
HGNC:4976,79242
HGNC:4982,79276
HGNC:5009,276148;397590;94063;99970;99971
HGNC:5005,20
HGNC:5008,35701
HGNC:5013,562509;586
HGNC:5017,157962
HGNC:11621,319303;324575;404511;552
HGNC:11630,1309;2578;261265;93111;93172;93173;97363;97364
HGNC:5024,263455;544628;552
HGNC:5028,88616
HGNC:5035,528084
HGNC:5037,55596
HGNC:5041,662207
HGNC:5042,662198
HGNC:5044,352665;453504
HGNC:5047,662189
HGNC:5048,238769
HGNC:25155,93600
HGNC:5099,69737;69739
HGNC:5102,2438;2957
HGNC:5144,99657
HGNC:5147,2118;69723
HGNC:28242,631076;641353
HGNC:5157,510;79233
HGNC:5163,231500
HGNC:15597,231512
HGNC:15844,231500
HGNC:17022,231512
HGNC:18817,231512
HGNC:5193,528084
HGNC:5209,320
HGNC:4800,391428;391457;85295
HGNC:5213,300;642945;642976
HGNC:18324,79301
HGNC:5246,139525;99940
HGNC:30171,139525;476093;99945
HGNC:5261,100994;280288
HGNC:5273,1606;1865;800
HGNC:14348,2828;505208
HGNC:4851,248111;399;528084
HGNC:30892,528084
HGNC:24587,85163
HGNC:19368,244
HGNC:5330,541423
HGNC:29685,436174;506
HGNC:27302,363424;468661
HGNC:5351,695183
HGNC:5383,163634;251589;251598;251601;251604;251627;251630;251656;251663;296;726004;79315;86845
HGNC:5389,217085;217093
HGNC:5391,93473;93474;93476
HGNC:18550,306558
HGNC:18873,51;689231;85191
HGNC:13556,1515;93268
HGNC:29077,140969;474;65;730;791
HGNC:30391,110;140969;474;791
HGNC:18626,110
HGNC:17861,3156;93269
HGNC:21424,110;137893;475
HGNC:29262,474;93268;93271
HGNC:5464,73272
HGNC:5465,73273
HGNC:5466,2128;231117;231140;231144;397590
HGNC:5541,33110
HGNC:5542,443073;98920
HGNC:5960,397787;700205
HGNC:5961,464;69088;699605;98813
HGNC:13176,317473;36426;585909;695172;697414
HGNC:5964,238569
HGNC:5965,238569
HGNC:5967,284149
HGNC:5996,777
HGNC:6006,357329
HGNC:6008,169100;85408;85410
HGNC:6010,276;39041
HGNC:6024,169154;39041
HGNC:28741,90636
HGNC:6052,65;791
HGNC:6053,98808
HGNC:6055,791;99000
HGNC:18362,791;99000
HGNC:23791,656;93114
HGNC:21474,1454;220493;475;75858
HGNC:33882,662184
HGNC:6080,2746;3144
HGNC:6081,552;99885
HGNC:6091,2297;263458;508;769
HGNC:17870,3156;93591
HGNC:9853,60030
HGNC:28949,3156;65
HGNC:29112,88616
HGNC:29059,217377;397933
HGNC:14282,597623
HGNC:6119,3452;726442;726452;726479
HGNC:6121,1300;141291;199302;199306;708014;888;99798
HGNC:14361,314555
HGNC:28660,569274
HGNC:19857,457406
HGNC:29882,43115
HGNC:6132,93930
HGNC:13890,228426
HGNC:6138,140957;849;853
HGNC:6139,306504
HGNC:6156,140957;849;853
HGNC:6171,538963
HGNC:6176,457375
HGNC:6180,1065;208513;98769
HGNC:6182,730318;730332
HGNC:6183,178469
HGNC:6186,33
HGNC:6190,574957;667662
HGNC:6193,35078
HGNC:15532,306547
HGNC:6196,528084
HGNC:12313,567;91352
HGNC:14202,154
HGNC:24565,363958;363965
HGNC:6215,254334;3240;652532;90636
HGNC:5275,726684
HGNC:13013,370026;457193
HGNC:17933,528084
HGNC:6217,89844
HGNC:29068,475
HGNC:37227,171439
HGNC:6218,1934;199326;37612;972;98809
HGNC:6220,442835
HGNC:6231,442835
HGNC:6233,435438
HGNC:6234,442835
HGNC:6235,98768
HGNC:6250,3473;420561
HGNC:6254,442835
HGNC:6255,620220
HGNC:6257,276580;276603;552;79134;79644;99885;99886;99989
HGNC:6259,364055;65;91496
HGNC:6267,435628
HGNC:6278,275777
HGNC:6279,598603
HGNC:6283,166108
HGNC:6284,664438;79137
HGNC:6292,3473
HGNC:6296,140927;178469;1949;293181;306;439218
HGNC:6297,1949;306;307
HGNC:6298,90635
HGNC:6299,178469
HGNC:18865,293181;98784
HGNC:19698,209932
HGNC:18249,2036
HGNC:21957,263516;699708
HGNC:26624,1810
HGNC:29079,189427;477993
HGNC:13610,528084;717812;717841
HGNC:1337,633004
HGNC:29136,528084
HGNC:18039,178469;88616
HGNC:11114,85279
HGNC:12637,2322
HGNC:29012,528084
HGNC:6307,3303
HGNC:4021,316;317
HGNC:19960,397715;475
HGNC:22219,251615;791
HGNC:29508,521390
HGNC:6388,2526
HGNC:19181,2512;439897
HGNC:888,101010;662367;970
HGNC:19349,45358;994
HGNC:6323,100991;324611
HGNC:30497,166024;2189;2754;36
HGNC:23419,66629
HGNC:6342,102724;158766;158769;158772;158775;158778;280785;280794;2884;44890;566393;566396;79455;842;90389;98829;98834;98849
HGNC:15865,791
HGNC:6354,300525
HGNC:30372,171430
HGNC:15646,157820;603684;603689;603694;791
HGNC:6371,749
HGNC:7132,319182;402017;585918;589534;589595;98831;98835
HGNC:15840,528084;589618
HGNC:13726,261652
HGNC:7133,2322;589856
HGNC:18541,528084
HGNC:24283,684226
HGNC:6383,483;599418
HGNC:24054,2512
HGNC:6404,397612
HGNC:1573,221061
HGNC:6469,521438;79155
HGNC:6470,1497;2182;2466;306617
HGNC:20499,79314
HGNC:26058,2065
HGNC:6481,370022
HGNC:6482,258;565837
HGNC:6485,521450;656;716903
HGNC:6486,352682;662229
HGNC:6487,2670;98915
HGNC:6501,34587
HGNC:6511,370968;588;899
HGNC:24912,319671
HGNC:6512,370088
HGNC:17095,528091;642945;642976
HGNC:25726,3459;404521
HGNC:18874,504523
HGNC:31923,364055;65
HGNC:6524,280142
HGNC:6529,720371
HGNC:6547,391665
HGNC:18640,391665
HGNC:6556,280
HGNC:6572,101046;1934
HGNC:21253,90636
HGNC:16429,401859
HGNC:6597,3206
HGNC:6600,298
HGNC:6601,99812
HGNC:30922,88616
HGNC:6617,75233;75234
HGNC:6621,435660
HGNC:29569,401862
HGNC:16841,101083
HGNC:6631,35909
HGNC:19263,88616
HGNC:23038,79284
HGNC:25287,528084
HGNC:6636,154;157973;1662;168796;2229;2348;280365;293888;293899;293910;300751;363618;54260;675396;740;79084;79474;90153;98853;98855;98856
HGNC:6637,2514;99027
HGNC:6638,457265;79087
HGNC:6648,154
HGNC:6649,171430;171436
HGNC:6654,2613;2614;495818
HGNC:9479,1458;2140;79243
HGNC:6664,91387
HGNC:26521,90636
HGNC:13345,99845
HGNC:14450,77297
HGNC:6685,364055;65;791
HGNC:1742,445018
HGNC:6694,2143
HGNC:6696,3152;3258;716825
HGNC:6697,178377;2783;2788;2790;2924;3416;498481;891;90050
HGNC:15714,70472
HGNC:18618,2828;411602
HGNC:25135,300319
HGNC:25033,90636
HGNC:6708,1366;2850;55654;98994
HGNC:6714,90349
HGNC:6715,238763;3449;98976
HGNC:28072,1460
HGNC:1968,167;352723
HGNC:6741,110
HGNC:6742,251576;251579;2678;648;93921
HGNC:6757,495875
HGNC:6758,424099
HGNC:13664,572013
HGNC:6766,528084;686495
HGNC:6776,1272;1377;98984;98989
HGNC:6783,459056
HGNC:16353,570371
HGNC:6814,177901;177904;177910;398069;98754;994
HGNC:6816,791
HGNC:6819,397964;52417
HGNC:6823,397941;88616
HGNC:6826,309282;309288
HGNC:6827,528084
HGNC:6831,118
HGNC:6833,3057;727719
HGNC:6836,90635;98892
HGNC:6842,1340;638
HGNC:17797,2020;488232
HGNC:6871,261330
HGNC:6884,528084
HGNC:29536,93589;93592
HGNC:6891,2505
HGNC:3332,528084
HGNC:25133,314603;447954
HGNC:26401,90636
HGNC:6901,293843
HGNC:6903,168598
HGNC:6912,600;803
HGNC:29140,199
HGNC:6913,29072;726703
HGNC:20444,178469;228402
HGNC:15505,88616
HGNC:15455,216796;216812;216820;2273;2340;659;85284
HGNC:6936,6
HGNC:6937,6
HGNC:16732,308425
HGNC:18451,35909
HGNC:40050,244
HGNC:21484,444048
HGNC:13356,578
HGNC:6954,2512
HGNC:19835,442835
HGNC:6971,29072
HGNC:3498,402020;71289
HGNC:6990,1762;209370;3077;3095;536;777;778
HGNC:11957,1415;293707;776;777;93932
HGNC:16050,528084
HGNC:22474,528084
HGNC:22962,216718;369891
HGNC:2375,402364
HGNC:2372,88616
HGNC:2377,726677
HGNC:6996,228384;576227;664416
HGNC:6998,117;3243;329967;342
HGNC:14575,254525;254528;254531;254534;96184;96334
HGNC:29634,439212
HGNC:3233,65759
HGNC:7001,261190;652514
HGNC:7010,2965;314786;314790;652;97279;99725;99879
HGNC:7027,791
HGNC:26988,88616
HGNC:25006,2512
HGNC:24858,485421
HGNC:16877,2398;64751;90118;90120;99947
HGNC:25897,2512
HGNC:28486,1872;228366
HGNC:7045,79329
HGNC:16205,352447
HGNC:7060,664377;85202
HGNC:33702,67047
HGNC:1530,401768
HGNC:7095,2745
HGNC:33914,90636
HGNC:7102,319487;728514
HGNC:7105,293822;319298;404511;42665;618;895;897
HGNC:7108,110;2473
HGNC:7121,110;220493;475;564
HGNC:17082,2478
HGNC:7150,943
HGNC:18871,79310
HGNC:19331,79311
HGNC:24525,79282
HGNC:25221,308380;308442;79283
HGNC:7154,495274;497757;497764;69063
HGNC:7526,289916;79312
HGNC:7180,251679;263662;693549
HGNC:18234,93602
HGNC:7190,308386
HGNC:7193,308393
HGNC:24862,79330
HGNC:23573,466768
HGNC:21606,447784
HGNC:7207,79323
HGNC:7208,269505
HGNC:7216,79319
HGNC:13937,728467
HGNC:7217,3318;71493;726047;824
HGNC:16002,33364
HGNC:7224,255229
HGNC:7225,100046;101082;3115;324585;538574;64748;99942;99943
HGNC:3496,90636
HGNC:7227,648
HGNC:16650,352563
HGNC:14508,137908;243
HGNC:25544,528084
HGNC:7370,730261
HGNC:10545,488168
HGNC:7373,504530
HGNC:27375,90636
HGNC:29678,502423
HGNC:7392,1541;251290;60015
HGNC:7414,104;225154;254913;255210;320360;397750;644
HGNC:7419,104;254905;550;90641;99845
HGNC:7421,254905;550
HGNC:7422,104;254905;550;99845
HGNC:7427,104;137675;1460
HGNC:7455,104;255210;2609;550
HGNC:7458,255210;2609;99718
HGNC:7459,104;255210;550;90641;99718
HGNC:7461,104;255210;550;551
HGNC:7462,104;255210;550;99718
HGNC:7470,551;90641
HGNC:7479,254864;2596
HGNC:7481,550;551;620371
HGNC:7487,550;551;90641
HGNC:7488,620371
HGNC:7489,1349;255210;551
HGNC:7490,255210;324525;480;550;551;663
HGNC:7493,663
HGNC:7494,551
HGNC:7497,2202;550;551;663;90641
HGNC:7498,231183;550;551
HGNC:7499,254857
HGNC:7500,255210
HGNC:7501,255210;550
HGNC:29666,319524
HGNC:7432,658813
HGNC:7436,395;563609;563612
HGNC:7437,597874
HGNC:7448,456328;596;604680
HGNC:7450,99955
HGNC:19261,314637
HGNC:3942,269001;269008;457485;99802
HGNC:25532,254343
HGNC:7468,2170
HGNC:26784,254930;320375
HGNC:7473,2169
HGNC:25094,528084
HGNC:7506,647667
HGNC:7508,88949
HGNC:7525,716825;994
HGNC:7530,29;343;735;79152
HGNC:7551,154;54260
HGNC:7559,357027;357034;391641;635;730286
HGNC:7569,2241;229;91387;98829
HGNC:7572,363677;79091
HGNC:7577,154;1880;324604;54260;59135;636965;636970
HGNC:7579,182050;477742;90635
HGNC:7583,2020
HGNC:7590,2241;91387
HGNC:33778,1358
HGNC:7594,90636
HGNC:18150,447974
HGNC:7601,90636
HGNC:7602,33445;79476;79478
HGNC:7605,228012;90635;90636
HGNC:7606,231169;231178;90635;90636
HGNC:7610,98976;98977
HGNC:1181,647811
HGNC:29401,508542
HGNC:7623,647799;699850
HGNC:18704,276432;568
HGNC:30782,528084
HGNC:15908,88616
HGNC:20967,500545
HGNC:7631,79279;79280;79281
HGNC:7632,447964;79270
HGNC:17996,927
HGNC:19082,1146;1147;2053;562528;700336
HGNC:19237,168454
HGNC:7643,730327
HGNC:26274,444458;79134;90636
HGNC:25576,555402
HGNC:18453,555407
HGNC:7648,178469
HGNC:31928,721
HGNC:17597,88616
HGNC:7666,528084
HGNC:17619,2177;443162;89844
HGNC:7678,190;649;891;90050;91495
HGNC:7680,88616
HGNC:7683,2609
HGNC:7685,85136
HGNC:18828,2609
HGNC:28086,2609
HGNC:29918,2609
HGNC:21034,2609
HGNC:15899,2609
HGNC:28625,3337
HGNC:20372,2556;2609
HGNC:7698,2609
HGNC:7707,2609
HGNC:7708,104;2609
HGNC:7711,2609
HGNC:7713,2609
HGNC:7714,2609
HGNC:7715,2609
HGNC:7716,2609
HGNC:7717,139447;2609
HGNC:7720,171430;171433;171436;171439;33108;399103;708123
HGNC:9706,141291;199302;199306;3253
HGNC:7728,98892
HGNC:7737,803
HGNC:7739,101085;228374;99939
HGNC:7744,2751;803;93269
HGNC:18592,244
HGNC:13387,294415;730;93591
HGNC:10663,88616
HGNC:7758,812;93399;93400
HGNC:7763,1934
HGNC:29433,1942;85277
HGNC:29557,154
HGNC:7765,139474;29072;293199;363700;634461;638;715721;86834;97685;99756;99757
HGNC:7773,2495;634475;637;93921
HGNC:7784,401986
HGNC:7785,714407;714413
HGNC:7788,420179;447980;561
HGNC:7794,696874
HGNC:7795,293978
HGNC:7797,150;251576;251579;98813
HGNC:16287,401869
HGNC:7808,64752
HGNC:17646,404454
HGNC:25737,169079
HGNC:21576,501
HGNC:24731,621758
HGNC:7820,627;98991;98994
HGNC:28862,199;329802
HGNC:29873,700325
HGNC:11825,1429;146;209905;95713
HGNC:2488,101351;1479;1627;2248;3303;334;402075;871;95712;95713;99103
HGNC:17877,1872;65
HGNC:7863,361
HGNC:5331,90340
HGNC:7865,101063;220386;280195;280200;93924;93925;93926
HGNC:7866,140908;140917;1412;3237;3250
HGNC:7871,319308;466791
HGNC:7881,402075;974
HGNC:7882,261629;955
HGNC:7887,528084
HGNC:7897,216972;216975;216978;216981;216986
HGNC:14537,216972;216975;216978;216981;216986
HGNC:7905,110;220497;3156;93592
HGNC:7907,294415;3032;3156;93589;93591
HGNC:19104,3156;93592
HGNC:7908,656;839
HGNC:24969,98820
HGNC:14124,98820
HGNC:7974,53540;791
HGNC:7975,401777
HGNC:7976,99067;99068
HGNC:7979,171871
HGNC:7981,1617;660012;98808
HGNC:7983,2138;242;243;251510;393;399805
HGNC:7988,154
HGNC:7989,146;2612;268114;389;626;648;86834
HGNC:7994,528084
HGNC:8002,791
HGNC:8008,600663
HGNC:14234,1627;228415;3447;821
HGNC:12766,280;659642
HGNC:13398,139;251383
HGNC:8022,320396
HGNC:8028,454840
HGNC:14288,528084
HGNC:8031,146;642;64752;715694;99361
HGNC:8032,251615;442835;697160;715694;99704
HGNC:20278,2609
HGNC:8049,694937
HGNC:17859,729761
HGNC:8064,402014;99861
HGNC:28958,656
HGNC:21042,442835
HGNC:8091,414
HGNC:8101,177901;177904;79432;98754;98794
HGNC:8104,1229
HGNC:8108,534;93623
HGNC:26560,244
HGNC:25583,244
HGNC:28303,244
HGNC:25280,244
HGNC:8109,544488
HGNC:2567,244;2750;2754;475;791
HGNC:8124,31
HGNC:8140,1215;1239;98673
HGNC:8142,67036;67047
HGNC:8148,137831
HGNC:9936,16;1872;90001
HGNC:4206,16;1872;90001
HGNC:17142,803
HGNC:25896,2593;317428;3204
HGNC:17151,2554
HGNC:18028,2065
HGNC:21652,667
HGNC:8512,664
HGNC:16378,90636
HGNC:8515,90636
HGNC:8516,90636
HGNC:26901,90636
HGNC:25402,528084
HGNC:24281,505237
HGNC:25118,500062
HGNC:8522,178364;3157;35612;364055;65;95494;98938;990;99001
HGNC:8527,832
HGNC:18124,36355
HGNC:28858,436141
HGNC:30032,329224
HGNC:23794,442835
HGNC:8574,217385;531;95232;99796
HGNC:8582,2209;293284;708895
HGNC:8590,717884
HGNC:8591,1571
HGNC:8592,528084
HGNC:26144,1333;145;178;84
HGNC:18669,528084
HGNC:29679,401979
HGNC:16369,2828;90020
HGNC:8609,1775;2032;3322
HGNC:30563,442835
HGNC:8615,720357
HGNC:8616,1475;656;97362
HGNC:8617,1529;894;896;99756
HGNC:8619,641372
HGNC:8620,1065;2253;2334;250923;35737;708;893;98942;98943;98944;98945;98946;98947
HGNC:8622,146;95712;95713;95720
HGNC:8623,99798
HGNC:8632,585956;656130;97362
HGNC:8636,353308;353314;353320
HGNC:34383,791
HGNC:8646,1578
HGNC:8653,35
HGNC:8654,35
HGNC:8657,319192
HGNC:14270,33069;714652
HGNC:8717,528084
HGNC:12929,688642
HGNC:8724,2880
HGNC:13406,97249
HGNC:16068,2637;808
HGNC:20001,391665;727932
HGNC:8754,65;85167
HGNC:8756,631073
HGNC:8761,221061
HGNC:8766,2512
HGNC:8772,494526;494541
HGNC:8783,439822;950
HGNC:8785,791
HGNC:8786,714096;791
HGNC:8787,1871;49382
HGNC:8788,2754;475
HGNC:8789,791
HGNC:8803,168940;168947;199306;314950;44890
HGNC:8804,168950;1980;2591;314950;363665;477831;86830
HGNC:8806,79243
HGNC:8808,255138
HGNC:21350,255182
HGNC:8811,352675
HGNC:9279,79246
HGNC:17759,254898
HGNC:6107,2805;552;99885
HGNC:26257,231178;90636
HGNC:8840,742
HGNC:8850,3220;44;772;912
HGNC:8851,247815;44;772;912
HGNC:8853,44;772;912
HGNC:8854,44;772;912
HGNC:8855,44;772;912
HGNC:8856,44;772;912
HGNC:8857,44;642954;772;912
HGNC:9713,44;772;912
HGNC:9717,44;642965;772;912
HGNC:22965,44;772;912
HGNC:8858,44;772;912
HGNC:9719,44;468717;772;912
HGNC:8859,3220;44;772;912;95433
HGNC:8860,309789;773
HGNC:8881,803
HGNC:25712,401820;88616
HGNC:17893,247262
HGNC:23719,247262
HGNC:8896,713
HGNC:8905,319646
HGNC:20898,528084
HGNC:8907,443811
HGNC:20990,697160
HGNC:8918,89936
HGNC:24156,52022
HGNC:18145,127
HGNC:20672,85287
HGNC:8923,583607;79351
HGNC:15673,589905
HGNC:8925,715
HGNC:8927,79240
HGNC:8931,264580
HGNC:9143,2151;635;661;99803
HGNC:8940,773
HGNC:8983,436252;631079;98889
HGNC:23352,475
HGNC:28993,3202;568062
HGNC:8957,293181;300496;397922;447;697160
HGNC:8960,88616
HGNC:25985,280;488635
HGNC:8966,247262;3474
HGNC:18858,83639
HGNC:8967,2059;280633
HGNC:23215,247262
HGNC:3046,1934
HGNC:14135,1934
HGNC:14938,369837
HGNC:26031,247262
HGNC:23213,247262;83639
HGNC:8971,557003
HGNC:8977,221139;33110;693661
HGNC:8979,3163;33110;693681
HGNC:8980,83473
HGNC:14581,2828
HGNC:8996,137783
HGNC:8999,589442
HGNC:9005,334;708;782;91481;91483;98978
HGNC:29502,90636
HGNC:9008,730;88924
HGNC:9009,730
HGNC:9016,53035;731
HGNC:9020,766
HGNC:9039,199351;35069
HGNC:9043,521426
HGNC:17825,686999
HGNC:15917,293181;697160
HGNC:9059,137888
HGNC:17175,656
HGNC:9069,1114;158684;254361;257;79401
HGNC:29105,206580;369867
HGNC:9071,537072;722
HGNC:9076,280356
HGNC:11397,2518;808
HGNC:9080,154;293910
HGNC:9086,280210;280219;280224;280229;280234;599376;99015
HGNC:9457,3006
HGNC:9099,528084
HGNC:9115,79318
HGNC:9118,101081;3115;640;64748;90658;98916
HGNC:18667,1170
HGNC:9119,569290
HGNC:9154,101101;1934;459033
HGNC:7892,760
HGNC:30802,565612;98908
HGNC:16268,1173;1180;139480;2377;3363
HGNC:30260,79096
HGNC:23166,101111;319514;90636
HGNC:24488,314394
HGNC:30836,1872
HGNC:14988,79145
HGNC:22954,480682;79145
HGNC:18801,468678
HGNC:9173,163976;85453
HGNC:9175,363649;440437;447877;718047
HGNC:9177,352712;440437;447877;85173
HGNC:9179,254881;254886;254892;298;402082;70595;726;94125
HGNC:9181,90342
HGNC:17264,1200
HGNC:20194,861;88637
HGNC:20422,861
HGNC:9187,708208
HGNC:30074,137639;3455;447893;447896;77295;88637
HGNC:30348,88637
HGNC:19139,206564;370959;588;791;899
HGNC:25902,899
HGNC:26267,370959;445110;899
HGNC:9202,370959;370968;370980;588;86812;899
HGNC:19743,206559;370959;370968;588;899
HGNC:1152,476084
HGNC:9208,63269;95699
HGNC:17652,2092;98938
HGNC:17284,251627;251630;618;67038
HGNC:9216,656135
HGNC:9217,1435;90641
HGNC:9220,90635
HGNC:9236,146;251576;251579;696242;79083
HGNC:9277,653767
HGNC:9280,79473
HGNC:9282,2701
HGNC:14951,391408
HGNC:9299,726659
HGNC:9302,457284
HGNC:9305,98762
HGNC:9311,726667
HGNC:9312,457279
HGNC:9314,442835;565858
HGNC:9325,699718;699734;699739;699745
HGNC:9330,93945;93946;93947;93950
HGNC:13998,728521
HGNC:14000,154;1606;54260
HGNC:9360,391343;540;88
HGNC:9364,2848
HGNC:20340,178469;402082
HGNC:9381,289
HGNC:9386,439854
HGNC:9388,1359;1501;520;615;647772;950
HGNC:9390,412066;692173
HGNC:9399,664711
HGNC:9411,2924
HGNC:9413,317425
HGNC:9414,91387
HGNC:8607,2828
HGNC:25557,464288
HGNC:9451,745
HGNC:9453,419
HGNC:18455,432;478
HGNC:15836,3157;432;478;95496
HGNC:9454,1872;319640;791;827
HGNC:19958,642945;642976
HGNC:9456,743
HGNC:17348,791
HGNC:15446,791
HGNC:17340,528084;791
HGNC:9942,1872;227796;364055;52427;65;75377;791;827;99000;99001;99003
HGNC:9462,1187;411536;411543;423479;90625;99014
HGNC:29217,659904
HGNC:30500,306;36387;569;98809;98810;98811
HGNC:9475,676
HGNC:9477,88616
HGNC:39433,35612
HGNC:13420,544469
HGNC:13797,64748;99952
HGNC:9498,139406;206436;309252;309256;309263;309271
HGNC:19129,284417;583602
HGNC:9557,528084;529962
HGNC:9577,583612;79350
HGNC:9585,220386;2353;280195;280200;377;77301;93924;93925;93926
HGNC:26392,777
HGNC:9587,2658
HGNC:9588,109;137608;145;201;210548;2969;494547;494550;500464;500478;502363;502366;65285;726807;79076
HGNC:23734,2805;65288
HGNC:14406,528084
HGNC:9666,169157
HGNC:9679,90635;90636
HGNC:24265,456312
HGNC:9689,13
HGNC:17042,508488;508498
HGNC:14957,589515;642747
HGNC:9701,314655;438216
HGNC:15508,2598
HGNC:25461,488627
HGNC:26033,528084
HGNC:14966,289499;699850
HGNC:9721,2078;293633;357064
HGNC:30262,2512;481152
HGNC:9725,369
HGNC:9726,368
HGNC:9751,404437;423306
HGNC:9752,226
HGNC:24713,580940
HGNC:9760,178469
HGNC:14244,2510
HGNC:9758,717830
HGNC:14263,65759
HGNC:9766,79477
HGNC:9768,1872
HGNC:16499,2379;777
HGNC:17063,1387;2510
HGNC:17168,1387;2510;401830
HGNC:9788,99936
HGNC:9801,500159
HGNC:9802,183707;688543;692812
HGNC:9803,528084;659609
HGNC:9811,199;502
HGNC:9820,145;84
HGNC:9823,145
HGNC:9831,157949;231154;331206;39041
HGNC:9832,157949;331206;39041
HGNC:9834,1713;477817;819
HGNC:9839,528084
HGNC:9848,178342;263524;88619
HGNC:16854,86814
HGNC:9865,689829
HGNC:9870,438114
HGNC:21406,166073
HGNC:9878,664699
HGNC:9879,420566
HGNC:9884,1587;357027;357034;668;70573
HGNC:9891,313795;808
HGNC:15864,329173;397937
HGNC:9896,2886
HGNC:27424,154
HGNC:9905,3320
HGNC:9910,3078;85286
HGNC:9922,352718;98938
HGNC:20759,675775;675782
HGNC:18243,99002
HGNC:19689,65
HGNC:17964,436245
HGNC:19977,65;791
HGNC:9940,227796;52427
HGNC:9944,90636
HGNC:9949,1225;221016;3021
HGNC:30078,791
HGNC:9955,530792;596759
HGNC:9956,688594
HGNC:9958,217330;97369
HGNC:9965,1606;494344
HGNC:9967,146;1848;247698;247709;276621;29072;388;93100;99361;99803
HGNC:25964,970
HGNC:9969,504476
HGNC:9972,715623
HGNC:30220,244310
HGNC:9986,572
HGNC:21478,293864
HGNC:9987,572
HGNC:9988,572
HGNC:20788,2198
HGNC:10012,52427;714096;791
HGNC:18756,1934;2131
HGNC:18750,217335
HGNC:10019,529977
HGNC:13872,90636
HGNC:10023,648
HGNC:10024,227796;52427;791;85128
HGNC:13429,528084
HGNC:21176,324535;642945;642976
HGNC:10031,175;39041;93347
HGNC:18518,51
HGNC:25671,51;689234
HGNC:24116,51
HGNC:21686,85136
HGNC:12974,33364
HGNC:10057,544503
HGNC:26661,420741
HGNC:10061,528084
HGNC:18505,157798
HGNC:18666,231662
HGNC:10193,686488;791
HGNC:34016,1824;2636;353298
HGNC:34033,51
HGNC:10249,95496
HGNC:13433,2744
HGNC:29478,1946
HGNC:10257,1507;572385
HGNC:10258,528084
HGNC:10263,791
HGNC:15946,247834;791
HGNC:10274,791
HGNC:10294,364055;65;791
HGNC:10295,1872;244;247522;49382;791
HGNC:29168,1454;220497;564
HGNC:17056,716903
HGNC:10297,440706
HGNC:10298,435938;459070
HGNC:10360,124
HGNC:10383,124
HGNC:10402,124
HGNC:10411,124
HGNC:10432,192;276630;777
HGNC:17271,648
HGNC:10449,567
HGNC:17296,254892;255235;298;329336;480
HGNC:10457,792
HGNC:12371,244
HGNC:21054,244
HGNC:21558,244
HGNC:21057,244
HGNC:29420,457395
HGNC:24152,88616
HGNC:15888,1775;2032;3322
HGNC:18647,98676
HGNC:18654,468631
HGNC:10471,102724;521;71290;98850
HGNC:1535,102724
HGNC:13530,899
HGNC:10480,730355
HGNC:10483,169186;169189;178145;324581;33108;423;424107;466650;597;700188;98905;99741
HGNC:3169,90636
HGNC:10521,75382;791
HGNC:10524,857
HGNC:31750,86814
HGNC:1348,306658;494433
HGNC:1349,2585;619367;631106
HGNC:15925,481662;51
HGNC:10537,2512;88616
HGNC:17697,363694
HGNC:15975,653751
HGNC:25403,2512
HGNC:10541,684232
HGNC:21637,251019;251028;576283
HGNC:19440,622934;811;88
HGNC:10542,363981
HGNC:2135,99956
HGNC:10547,46059
HGNC:19304,528084
HGNC:13081,110;791
HGNC:1665,163696;308;77259
HGNC:10583,306577;391392;391397;46348;88642;90026
HGNC:10585,1942;2382;293181;33069;36387;442835;569
HGNC:10588,140927;178469;1934;2131;293181;306;33069;36387;697160
HGNC:10590,442835;98820
HGNC:10591,681;682;684;716881;99734;99735;99736
HGNC:10596,178469;306;442835;86909
HGNC:10599,130;171876;526;60033
HGNC:10602,171876;526;60033
HGNC:10603,1561
HGNC:10604,1561;521411;98619
HGNC:10606,163684
HGNC:14372,466794
HGNC:19286,1143
HGNC:10671,110;3156
HGNC:10680,139411;154;29072;3208;44890;97286
HGNC:33867,3208
HGNC:26034,29072
HGNC:10681,139411;276621;29072;3208;44890;97286
HGNC:10682,139411;29072;44890;97286
HGNC:10683,100093;276621;29072;3208;97286
HGNC:10702,98873
HGNC:21082,2924
HGNC:30972,171706
HGNC:29361,506353
HGNC:15999,2020;324604;84132;97244
HGNC:10739,178469
HGNC:30605,247198;2524
HGNC:21061,352328
HGNC:775,82
HGNC:8583,465;673556
HGNC:9075,79
HGNC:1228,100050;100051
HGNC:8943,530303
HGNC:10760,178469;99861
HGNC:15573,436151;798
HGNC:29010,528084
HGNC:29187,178469;717812
HGNC:18420,597738;597743
HGNC:25566,1620;528084
HGNC:445,357043;64753
HGNC:10768,723195;723203;75564
HGNC:10771,1788;245
HGNC:10799,2032
HGNC:10801,217563;685082
HGNC:10802,2032;217566;440392;685082
HGNC:16088,391348
HGNC:10805,62
HGNC:10806,119
HGNC:10807,154;219
HGNC:10808,36899
HGNC:10809,353
HGNC:10817,506334
HGNC:10818,79269
HGNC:29605,3318;391366
HGNC:10820,538931
HGNC:29242,137834
HGNC:29427,99949
HGNC:14294,662169;662172
HGNC:10848,220386;280195;280200;476119;485275;730721;93321;93336;93405;93924;93925;93926;988
HGNC:25543,256
HGNC:10857,528084
HGNC:11142,1934;697160
HGNC:24624,559
HGNC:19353,500166;94065
HGNC:19354,500166
HGNC:10887,107;52429;90635
HGNC:10889,220386;280195;280200;485275;93924;93925;93926
HGNC:10896,1606;2462
HGNC:10898,84064
HGNC:23639,84064
HGNC:10908,83642
HGNC:10910,620217
HGNC:10911,633021;633024
HGNC:13818,293181
HGNC:10914,1496
HGNC:23089,1946;442835
HGNC:10923,59
HGNC:10933,309324;309331;309334
HGNC:20151,90635
HGNC:10935,352649
HGNC:16266,199348;263410;65284
HGNC:10939,166412;2195
HGNC:10940,442835
HGNC:10941,209967;2131
HGNC:10942,447997
HGNC:10979,356978;716917
HGNC:10982,353217
HGNC:10983,247585;247598
HGNC:10985,415
HGNC:1421,159
HGNC:19954,1934;293181
HGNC:20662,2095;2963
HGNC:20661,466784
HGNC:10990,1369;254892
HGNC:25198,2254;90120
HGNC:10994,56304;628;93298;93307
HGNC:8818,705;90636;95713;95720
HGNC:23096,168569;1782
HGNC:11005,168577;1942;2131;53583;71277;86911;98811
HGNC:13444,3342
HGNC:1329,505242
HGNC:11018,1934;36387
HGNC:95,171863;300313
HGNC:11021,238459
HGNC:11022,268973;356961;729224
HGNC:20197,99843
HGNC:20800,3144
HGNC:18044,442835
HGNC:32434,397618
HGNC:20859,157965
HGNC:20858,521406
HGNC:17129,37
HGNC:20862,468699
HGNC:11025,163690;163693;238523;93612
HGNC:10909,647834;648562
HGNC:17939,88616
HGNC:30521,90045
HGNC:13811,664430
HGNC:11030,93607
HGNC:30224,572543
HGNC:16187,572550
HGNC:14025,139589;716893
HGNC:11042,178469;1942;435638
HGNC:31399,457212
HGNC:27960,2116;42062
HGNC:11049,238455
HGNC:11051,3197
HGNC:11055,52503
HGNC:11056,289860;289863
HGNC:11065,470
HGNC:11067,93613
HGNC:11079,85278
HGNC:23503,363396;90636
HGNC:6768,60030;91387
HGNC:6772,402075
HGNC:6774,275777
HGNC:11098,3051;637013
HGNC:11100,1465;231108;370396;466962
HGNC:11101,370334
HGNC:11102,1830
HGNC:11103,1465;231108;2495;263662;93921;99966
HGNC:11105,1465
HGNC:11106,1465
HGNC:11109,1465;2495;263662
HGNC:11111,199;220386;3095;708203
HGNC:2468,199
HGNC:29090,2250;269
HGNC:11119,1553;2495;388
HGNC:20318,1106
HGNC:11120,618891;77292;77293
HGNC:32949,664923
HGNC:11122,700163;90625
HGNC:11123,3063
HGNC:11132,716903
HGNC:11133,66631
HGNC:11138,171695;2828;411602
HGNC:32952,542310
HGNC:30859,791
HGNC:11153,1393
HGNC:14974,667
HGNC:14977,397709
HGNC:19383,619948
HGNC:11179,803
HGNC:11183,500150
HGNC:11184,300605;700508
HGNC:11188,648
HGNC:11190,163746;478;895;897
HGNC:11191,1465
HGNC:18122,275777;289365
HGNC:11195,3157;35612;77298;98938
HGNC:11200,1465
HGNC:11201,313884;313892;626
HGNC:11204,140;2138;242;251510;393;718
HGNC:5401,79124
HGNC:11212,244
HGNC:18514,101000
HGNC:11233,100985
HGNC:20423,364055;65;791
HGNC:29022,141258;141276;1519
HGNC:26293,244;276234
HGNC:16901,169186
HGNC:17575,1606;662234
HGNC:11226,2822;300605;466775
HGNC:11241,33110
HGNC:15464,634
HGNC:11254,662175;662179
HGNC:11257,70594
HGNC:20249,137605
HGNC:17722,648
HGNC:11273,697160
HGNC:11275,528084
HGNC:11276,352403;98766
HGNC:11277,300605;36386
HGNC:11278,300605;36386
HGNC:16974,2044;528084
HGNC:25812,324737
HGNC:16639,652487
HGNC:11317,90635
HGNC:11326,370927
HGNC:10866,697734
HGNC:10872,370933
HGNC:28423,168572
HGNC:11354,502434
HGNC:11355,220386;521258;93925
HGNC:16950,294016
HGNC:11362,319595;391311;391487
HGNC:11364,2314;438159;512017;520;667662;86872;99885
HGNC:11367,220465;520
HGNC:11368,2126
HGNC:26239,777
HGNC:10879,220386;2512;280195;93924;93925;93926;99861
HGNC:11386,2593;317430;3204
HGNC:11389,2869
HGNC:11408,314689
HGNC:30650,2470;98938
HGNC:30172,500533
HGNC:16035,90636;94064
HGNC:6172,370921
HGNC:11429,540
HGNC:11433,586;904
HGNC:18539,36387
HGNC:11444,495818;599373
HGNC:11445,540
HGNC:11448,1933
HGNC:11449,17
HGNC:16466,2495;251858;251863;263662;280200;377;475
HGNC:20376,585
HGNC:11460,99731
HGNC:11465,261229
HGNC:11474,391351
HGNC:17101,213711;3447;659463
HGNC:29204,528084
HGNC:28852,399805
HGNC:11494,85294
HGNC:16918,528084
HGNC:17089,300605;319332;88644;98853
HGNC:11497,1942;442835;544254
HGNC:11503,2828;391411;442835
HGNC:11506,777
HGNC:11509,522077
HGNC:29040,442835
HGNC:17075,664401;664404
HGNC:11535,480907;53351
HGNC:11536,397951
HGNC:11537,528084
HGNC:11540,694946
HGNC:11577,111;154
HGNC:30212,528084
HGNC:25439,480864
HGNC:29259,178469
HGNC:43,34592
HGNC:44,34592
HGNC:11571,275872;300605;700154;803
HGNC:30740,420733
HGNC:11573,28378
HGNC:16133,2510
HGNC:29203,163727;293181;352587;352596;79500;86909;90635;90636
HGNC:21485,141007
HGNC:21066,2477
HGNC:11581,496641
HGNC:11582,2323;496756;93324
HGNC:28261,488632
HGNC:11584,1930;275872;803
HGNC:29529,487825;520
HGNC:11590,1617;528084
HGNC:11592,1727;3303;567;665044;665058;685017
HGNC:11596,199296
HGNC:11598,54260;99103
HGNC:11600,324601;921
HGNC:11602,3138
HGNC:11603,1509;238578;261279;275777;3301
HGNC:11604,392
HGNC:11609,1802
HGNC:11623,209916;35099;672979
HGNC:11631,528084
HGNC:11633,33110;585956;641375
HGNC:11634,171;178469;2896;98974
HGNC:11641,528084
HGNC:11647,1782;210110;486;667
HGNC:11653,859
HGNC:11654,861
HGNC:26113,475;564
HGNC:25774,475;564
HGNC:24519,2753;2754;475;564
HGNC:17768,404493
HGNC:19957,320385
HGNC:27365,730644
HGNC:11720,90635;90636
HGNC:26223,716917
HGNC:11724,1059;2451;714785;714806;717611;98976
HGNC:29099,488642
HGNC:29944,98938
HGNC:11727,1775;2032;3322;88
HGNC:11730,146;1501;1775;2032;2495;3322;457246;618;88
HGNC:28313,684216
HGNC:11743,46627;466729
HGNC:11752,157791;163699;319308;717846
HGNC:11758,146;209916;431329;435819;90117
HGNC:11762,225123;648581
HGNC:11763,476113
HGNC:20324,1388
HGNC:11768,60030;91387
HGNC:11772,284973;60030;65748;91387
HGNC:11773,144;284973;60030;91387;99977
HGNC:11776,220386;280195;280200;93924;93925;93926
HGNC:11782,101150
HGNC:19073,457240
HGNC:28369,363444
HGNC:11795,329319;71493;726050
HGNC:11796,566231
HGNC:11805,528084
HGNC:23656,505216
HGNC:11817,52368
HGNC:1321,2609
HGNC:11822,59181
HGNC:11824,1775;3088;3322
HGNC:11831,254886;730740;730743;730746
HGNC:11842,720321
HGNC:24128,708166
HGNC:16513,90635;90636
HGNC:18188,1394
HGNC:22407,100069;100070;275864
HGNC:25382,227976
HGNC:30883,2609
HGNC:26038,29072;404511
HGNC:30414,698085
HGNC:30760,314667
HGNC:25018,2318;2754;564;791
HGNC:27344,475
HGNC:25363,528084
HGNC:37234,2318;2754;564
HGNC:14432,220497;2318;475;564
HGNC:25186,98773
HGNC:28472,293888;293899;293910;98853
HGNC:23787,631088
HGNC:28396,140976;1454;475;564;84081
HGNC:26050,1194
HGNC:28983,562569
HGNC:30800,90636
HGNC:11877,90636
HGNC:16517,209981
HGNC:26899,352682;98892
HGNC:18153,696907
HGNC:11916,32960;329967
HGNC:11924,664726
HGNC:11926,667
HGNC:11943,154
HGNC:11947,154;75249
HGNC:11948,98902
HGNC:11949,154;54260;75249
HGNC:17103,186;55595
HGNC:29190,528084
HGNC:15954,284339
HGNC:19959,475
HGNC:11990,567502
HGNC:21653,2754;791
HGNC:3098,256;36899
HGNC:29456,424261;719914
HGNC:11998,1333;145;1501;210159;251576;251579;251899;2807;293199;3318;524;52688;585909;667662;668;67038;70573;726004;726036;96253;99756;99757
HGNC:15979,1072;141291;1896;199302;199306;2440;69085;93930;978
HGNC:12003,70573
HGNC:17358,293955
HGNC:12010,154;54260
HGNC:12011,1146;1147;171436;171439;171881;2020
HGNC:12012,171433;171439;171881;178342;2020;476406
HGNC:2073,284324;699751;699761;699769
HGNC:12016,444463
HGNC:26894,90636
HGNC:20456,2495;592570
HGNC:30764,808
HGNC:29947,442835
HGNC:11868,2512
HGNC:25751,369840;369847;869
HGNC:24284,500144
HGNC:19943,528084
HGNC:30832,352530;88616
HGNC:12261,727163;730682
HGNC:17761,100069;100070;1020;275864;2770;803
HGNC:12269,247691;481662;51;536
HGNC:16380,110;1878
HGNC:7523,2576
HGNC:32669,269505
HGNC:15579,1934
HGNC:12303,476126
HGNC:17009,90636
HGNC:12305,166272;93299
HGNC:12306,528084
HGNC:25980,528084
HGNC:28403,391408
HGNC:23141,477684
HGNC:25481,217371;254864;90641
HGNC:17341,369861
HGNC:7146,714079
HGNC:17992,178469
HGNC:17995,30924
HGNC:17994,140957;90020
HGNC:18083,1216;263482;2635;431255;85169;86820;93304;93314;99937
HGNC:12347,90635
HGNC:12362,210159;269008;538;805
HGNC:12363,210159;269001;269008;538;805;88924
HGNC:16791,2524
HGNC:28422,2524
HGNC:15506,2524
HGNC:27561,166063;2524
HGNC:12367,168566
HGNC:12372,90674
HGNC:21641,891
HGNC:16831,101150
HGNC:12382,168593
HGNC:23700,244
HGNC:26006,1460
HGNC:25660,474;93591
HGNC:19274,88616
HGNC:19750,436252
HGNC:20087,110;791
HGNC:26262,391307
HGNC:19963,1872
HGNC:12405,597939;85447;85451
HGNC:20766,171680;45358;467166;994
HGNC:20778,2505
HGNC:16257,140957
HGNC:30829,1766;300573;45358;467166
HGNC:20772,300570;45358;467166
HGNC:20774,139441;98805
HGNC:20771,65
HGNC:12417,261183
HGNC:18127,2518
HGNC:12423,65;791
HGNC:12425,726824
HGNC:30242,88616
HGNC:12428,35093;35099;794
HGNC:1160,1186;254892;363534;642945;642976;70595
HGNC:20652,564
HGNC:30551,1200
HGNC:3148,298
HGNC:12442,352734;352737;79431;79434;895
HGNC:30661,1114
HGNC:23230,442835
HGNC:12472,163956
HGNC:12496,238446;411511;411515;98794;98795
HGNC:13478,2707
HGNC:12499,88616
HGNC:12509,300605;803
HGNC:16808,2315
HGNC:20344,528084
HGNC:12511,500180
HGNC:12513,2828;352654
HGNC:20597,139441
HGNC:25640,2114;442835
HGNC:12559,88950
HGNC:12563,30
HGNC:23150,716903;803
HGNC:23147,540
HGNC:26582,700333
HGNC:16297,65287
HGNC:9962,528084
HGNC:20439,776;777
HGNC:26444,210128
HGNC:12591,443062;95159
HGNC:12592,79277
HGNC:12597,231169;90636
HGNC:12601,231178;791
HGNC:12616,481665
HGNC:13486,777
HGNC:12630,500055;643538
HGNC:12632,480880;777
HGNC:12649,209335;803
HGNC:21642,420728
HGNC:2464,898
HGNC:12666,100070;275864;275872;329475;329478;435387;52430;803
HGNC:12687,238557;276621;29072;892
HGNC:20347,2697
HGNC:12698,1766
HGNC:28178,468684
HGNC:14583,466934
HGNC:1908,2388
HGNC:2183,193
HGNC:18179,505248
HGNC:12712,2697
HGNC:13487,411602
HGNC:24641,7
HGNC:12713,95434
HGNC:13488,603448
HGNC:25608,247198
HGNC:12718,2254;423894
HGNC:12726,166078;166084;166087;166090;166093;166096
HGNC:17327,284169;466950
HGNC:12729,2512;528084
HGNC:12730,238455;572798
HGNC:12731,852;86788;906
HGNC:12732,528084
HGNC:29174,88616
HGNC:20751,528084
HGNC:28027,110;1338
HGNC:13831,432;478;95496
HGNC:18340,1515;3156;474;93592
HGNC:21208,513456
HGNC:29250,1515;498497;93271
HGNC:31406,684305
HGNC:12756,2065
HGNC:28912,329284;697160
HGNC:25072,724148
HGNC:24502,2512
HGNC:26790,100033;402041
HGNC:25928,2065;83472
HGNC:26600,1766;269505;269510
HGNC:12762,3463;411590;90635;98991
HGNC:16361,231178;90636
HGNC:12736,714493
HGNC:32225,724143
HGNC:14540,88940;970
HGNC:12774,216812;216820;85193
HGNC:13829,248;2721;50944;99798
HGNC:12784,3107
HGNC:12791,902
HGNC:12796,220;242;251510;3097;347;654;656;83469;893
HGNC:12799,251510;284282;708171;99977
HGNC:592,538934
HGNC:12814,910
HGNC:12816,910
HGNC:28052,93589
HGNC:12825,261349;528084;98838
HGNC:12831,436182
HGNC:15516,1425;370930
HGNC:12840,100045;727861
HGNC:24249,2598
HGNC:30511,684240
HGNC:24877,306558
HGNC:12851,213711;217385;261257;457246;531
HGNC:12852,442835
HGNC:12856,506358;97279
HGNC:12858,911
HGNC:13030,36367
HGNC:13503,3042
HGNC:21143,2268
HGNC:18078,694956
HGNC:24931,3454
HGNC:18475,776
HGNC:14881,261537;261552;626
HGNC:30939,91411
HGNC:20761,100996
HGNC:12872,217;35099;672985
HGNC:12873,220386;280195;280200;93924;93925;93926
HGNC:12874,216718
HGNC:16493,528084
HGNC:12877,1662;740;90154
HGNC:12989,528084
HGNC:19412,244
HGNC:16966,687424;694308
HGNC:12927,528084
HGNC:12933,708178
HGNC:18410,528084
HGNC:15807,329228
HGNC:15992,641368
HGNC:21684,502430
HGNC:29415,528084
HGNC:24750,528084
HGNC:13128,777
HGNC:12309,2836
HGNC:18126,1501
HGNC:29316,1827
HGNC:47,241;90044;98938;98942;98943;98944;98945;98946;98947
HGNC:48,2802
HGNC:124,1855
HGNC:395,100924
HGNC:414,57
HGNC:20266,730
HGNC:19988,221008
HGNC:15492,1416;1522
HGNC:25240,806
HGNC:568,1000;54;664511
HGNC:637,2478
HGNC:29216,974
HGNC:678,656
HGNC:17090,791
HGNC:16876,3157
HGNC:24526,36386
HGNC:797,728662
HGNC:838,254913
HGNC:30889,254913
HGNC:15685,899
HGNC:932,238475
HGNC:14078,714472
HGNC:941,154
HGNC:25657,528084
HGNC:19351,730
HGNC:17208,363454
HGNC:20914,231531
HGNC:1062,276405
HGNC:26019,280586
HGNC:1395,642671;64280
HGNC:1397,397755;423;681;79102
HGNC:26002,1606
HGNC:1516,926
HGNC:28033,467176
HGNC:14153,319160
HGNC:28434,140952
HGNC:1632,90635
HGNC:1653,2584;3162
HGNC:16892,1308
HGNC:14628,2268
HGNC:1848,552
HGNC:25815,808
HGNC:1301,244
HGNC:29368,244
HGNC:1037,544472
HGNC:1974,465824;697403
HGNC:24229,435651
HGNC:1987,101063;3303;99103;99105
HGNC:2186,2021;440354;560;90635;90654
HGNC:26182,99810
HGNC:28216,254905
HGNC:20213,254905
HGNC:2267,254905
HGNC:2279,254905
HGNC:2291,2556
HGNC:30185,88616
HGNC:24290,1425
HGNC:2481,263534;289586
HGNC:20581,293925
HGNC:25536,442835
HGNC:2673,642945
HGNC:26383,244
HGNC:2711,139589;178509;803
HGNC:15518,586
HGNC:2900,199306
HGNC:2939,352470;715635;808
HGNC:2941,137893;399805
HGNC:30718,244
HGNC:2993,572768;572773
HGNC:3007,263494
HGNC:3014,178469
HGNC:29043,101003;93100
HGNC:3178,388;661;897
HGNC:3180,388;895;897
HGNC:5959,1764
HGNC:3341,432;478;485275
HGNC:3372,171703
HGNC:3378,178469
HGNC:3420,90636
HGNC:21296,90636
HGNC:21056,75857;98892
HGNC:3488,536
HGNC:17097,494439
HGNC:3573,306550;99806
HGNC:24200,221043
HGNC:3602,280598;90348;90349
HGNC:28844,139525
HGNC:3686,220386;280195;280200;432;478;93924;93925;93926
HGNC:3749,2308;248340;319;370334;370348;851
HGNC:5022,95494
HGNC:25396,2052;93100;98949
HGNC:25491,466688
HGNC:3976,247790
HGNC:4026,34528
HGNC:4036,566192
HGNC:24846,244
HGNC:28980,505227
HGNC:29450,329469;93592
HGNC:4326,3197
HGNC:17493,2554
HGNC:4387,137888
HGNC:20731,352670
HGNC:30677,2570
HGNC:33862,90636
HGNC:25799,697160
HGNC:4808,154
HGNC:18437,86884
HGNC:26087,124
HGNC:4861,2268
HGNC:4893,90636
HGNC:5006,653725
HGNC:5033,52430
HGNC:17513,90635
HGNC:5181,217467
HGNC:5244,260305;496751
HGNC:5320,67041
HGNC:26558,2189;475
HGNC:17087,695191
HGNC:5385,791
HGNC:29669,1515;791
HGNC:15901,1515
HGNC:17367,508501
HGNC:5870,33110
HGNC:13177,697389;699599
HGNC:13178,67038;699590;699593
HGNC:14283,168629
HGNC:5962,117;238569;536
HGNC:6009,85408;85410
HGNC:6050,88616
HGNC:6143,2020;34520
HGNC:6158,1114;158684;251393;79402;79403
HGNC:14203,98934
HGNC:6264,334
HGNC:25947,508529
HGNC:16905,171430;171433;171436;171439
HGNC:6518,1426;448267;779
HGNC:31708,803;98897
HGNC:25430,244
HGNC:4740,1275
HGNC:6817,280270
HGNC:6834,727719
HGNC:6853,447731
HGNC:6872,2382
HGNC:30550,86814
HGNC:6919,661526
HGNC:6947,75391
HGNC:19691,508093;98676
HGNC:29673,91387
HGNC:20619,101046
HGNC:7104,478049
HGNC:23564,391646
HGNC:31648,90635
HGNC:10379,319509
HGNC:7415,254913;397750;480
HGNC:7456,104;255210;2609
HGNC:7413,85182
HGNC:23386,528084
HGNC:23212,397744;90635
HGNC:26404,431361
HGNC:15625,391677;464724
HGNC:4862,619953
HGNC:20371,2609
HGNC:17194,146
HGNC:7690,2609
HGNC:7693,2609
HGNC:33551,2609
HGNC:7696,2609
HGNC:7704,2609
HGNC:7710,2609
HGNC:24539,442835
HGNC:7762,552
HGNC:14377,1775
HGNC:7853,244
HGNC:26513,436182;808
HGNC:17820,35120
HGNC:29914,2065;243;656
HGNC:18016,2065;656
HGNC:18017,656
HGNC:8734,656;808
HGNC:8490,2554
HGNC:15761,90635
HGNC:15459,90635
HGNC:15894,216866;216873
HGNC:8621,99756
HGNC:8729,438134
HGNC:8863,708651
HGNC:3182,2512
HGNC:26270,1154;2461;376;707937
HGNC:28213,247262
HGNC:9035,468635;477787
HGNC:9052,220436
HGNC:29185,93925
HGNC:29017,210110
HGNC:29131,54260
HGNC:9083,300284
HGNC:9090,90635
HGNC:9117,476394
HGNC:9180,254892
HGNC:20454,861
HGNC:9210,226307;231679;95494
HGNC:25415,268162
HGNC:13993,324290
HGNC:9369,718037
HGNC:9407,276145;708019
HGNC:9449,157941;280397;282166;356;397606;454745;466
HGNC:17349,791
HGNC:9545,324977
HGNC:9608,296;33067;412206;50945;79106
HGNC:9607,93387
HGNC:9817,145;238722;84
HGNC:18662,35612;98938
HGNC:21863,157954
HGNC:5724,974
HGNC:9954,261349;697394
HGNC:10004,75374
HGNC:686,324294
HGNC:17686,199306
HGNC:16031,329173
HGNC:19380,512260;85199
HGNC:17985,402075
HGNC:10351,154
HGNC:10519,98
HGNC:18276,697417
HGNC:10719,562538
HGNC:10727,138
HGNC:10736,281
HGNC:7323,2901
HGNC:8950,90636
HGNC:10798,2032
HGNC:10947,1980
HGNC:10989,91130
HGNC:26054,260305
HGNC:10998,88621
HGNC:11006,2088
HGNC:11023,370943
HGNC:4927,693627
HGNC:11027,3202;398088;822;93608;93610;98868
HGNC:16438,1490;293603;98974
HGNC:11029,51083
HGNC:30225,411712
HGNC:11040,95716
HGNC:11071,448251
HGNC:17123,777
HGNC:32689,466806
HGNC:6769,284984;60030;91387
HGNC:11107,169142
HGNC:11164,177901;177904;177907;177910;411515;98754
HGNC:11199,3157;393;67045;79495;90695
HGNC:11280,275864;275872;603;803
HGNC:11283,480851
HGNC:19744,251615
HGNC:11301,675767
HGNC:17209,244
HGNC:26200,2032;313838
HGNC:16001,35706
HGNC:26703,90636
HGNC:11510,716903;716908
HGNC:11546,2512
HGNC:11566,34592
HGNC:11572,33364
HGNC:24715,656
HGNC:11608,728656
HGNC:18884,94124
HGNC:25941,100019;100020;3318;664729;75564;824;86845;98826;98849;98850
HGNC:11740,1195
HGNC:11766,1328;565788;586
HGNC:11799,566243
HGNC:24552,1369
HGNC:11834,488618
HGNC:15631,536
HGNC:26944,2318
HGNC:30765,88616
HGNC:19661,436242
HGNC:11969,86814
HGNC:12013,140957;178342
HGNC:12029,397959
HGNC:12033,1930
HGNC:12307,1052;654
HGNC:26022,478042
HGNC:30700,217346;726799
HGNC:11854,777
HGNC:16691,2518
HGNC:12420,254925
HGNC:20670,1231;1807;920
HGNC:13481,1930
HGNC:12572,101092
HGNC:21237,1460
HGNC:12586,1460
HGNC:12587,1460
HGNC:23663,98434
HGNC:23595,95434
HGNC:24928,319199
HGNC:28984,100989;7
HGNC:25522,1775
HGNC:12811,59306
HGNC:12827,1980
HGNC:16262,1473;157791
HGNC:25489,86814
HGNC:12855,178469
HGNC:12930,520;99861
HGNC:20509,88616
HGNC:18791,99886
HGNC:16762,2318;93591
HGNC:25662,79501
HGNC:29,31150;425
HGNC:14637,313;457;79394
HGNC:34,1872;791;827
HGNC:35,2026
HGNC:42,69665;79304;99961
HGNC:51,90635
HGNC:53,234
HGNC:60,130;1517;154;334;726782;728619
HGNC:67,98897
HGNC:76,521;585909;643503;99861
HGNC:14376,100031
HGNC:145,104077;2241;2604
HGNC:28494,276234
HGNC:166,656
HGNC:169,717830
HGNC:188,178307
HGNC:17109,3449;363992
HGNC:218,1901
HGNC:219,2136
HGNC:13202,93592
HGNC:14632,521445
HGNC:14631,1901;2623
HGNC:19706,1885
HGNC:232,90636
HGNC:21285,2197
HGNC:237,2680
HGNC:3337,493342
HGNC:4516,48
HGNC:17416,231178;36387
HGNC:263,363549
HGNC:282,86814
HGNC:20093,482601
HGNC:303,536532
HGNC:7135,589595
HGNC:317,168612;168615
HGNC:26504,98974
HGNC:24684,90308
HGNC:328,714484
HGNC:333,97369
HGNC:336,97369
HGNC:338,777
HGNC:348,791
HGNC:349,2850
HGNC:358,2965;314777;314786;314790;963;99725
HGNC:359,1872;65
HGNC:361,86817
HGNC:20091,276234
HGNC:33814,276234;719880
HGNC:373,137893
HGNC:374,276234
HGNC:379,130
HGNC:385,443087
HGNC:387,443087
HGNC:409,35612;98938
HGNC:7179,289307
HGNC:430,281122;313;79394
HGNC:13743,281122;313;79394
HGNC:437,597887
HGNC:452,100031
HGNC:461,100033
HGNC:464,2856
HGNC:465,2856
HGNC:467,688581;86818
HGNC:14604,35858
HGNC:468,45
HGNC:470,45
HGNC:33188,100032
HGNC:483,803
HGNC:484,599418
HGNC:485,363999
HGNC:23140,231160
HGNC:20763,656
HGNC:29101,2512
HGNC:15819,154
HGNC:25681,85408;85410
HGNC:29422,101063
HGNC:25527,714477
HGNC:14082,656
HGNC:21625,2573
HGNC:14004,420485
HGNC:18971,163927;163931;247353
HGNC:15718,55654
HGNC:600,425;93560
HGNC:601,238269
HGNC:17288,530849
HGNC:609,309020
HGNC:610,181428
HGNC:613,329481;412
HGNC:24035,552
HGNC:626,976
HGNC:15984,1168
HGNC:634,223
HGNC:638,2337
HGNC:25361,656
HGNC:681,696942
HGNC:14103,140481
HGNC:25968,199306
HGNC:685,777
HGNC:24046,67038
HGNC:694,475;791
HGNC:24048,1556
HGNC:21099,137893
HGNC:25781,189427
HGNC:24102,231183
HGNC:32521,401815
HGNC:25239,662216
HGNC:728,567
HGNC:24268,486811
HGNC:738,99803
HGNC:757,412022
HGNC:26321,313
HGNC:13825,163699;319308
HGNC:24007,656279
HGNC:32151,656279
HGNC:779,94122
HGNC:783,97338
HGNC:13907,289499;91495
HGNC:13542,411515
HGNC:811,53347
HGNC:812,218;79151
HGNC:13211,2841
HGNC:819,464756
HGNC:837,254913
HGNC:866,402041
HGNC:857,357074
HGNC:3706,69665;79306;99960
HGNC:18802,254913
HGNC:33499,808
HGNC:10548,98755
HGNC:10549,98761
HGNC:7106,276238;276241;276244
HGNC:10560,94147
HGNC:32925,98760
HGNC:10561,98760
HGNC:14188,656
HGNC:894,30925
HGNC:897,223;93606
HGNC:914,314652;34592
HGNC:923,284139
HGNC:17397,280576
HGNC:18233,536
HGNC:952,145
HGNC:961,904
HGNC:983,132
HGNC:990,480541;545;98839
HGNC:1001,480541;545;98838;98839
HGNC:13815,199285
HGNC:1014,261330;521;585909;99861
HGNC:1033,661;893
HGNC:13652,90636
HGNC:24160,217012
HGNC:1040,98991
HGNC:1041,441452;98984;98985
HGNC:35126,157801;1986;3329
HGNC:591,52417
HGNC:1057,536;552
HGNC:1067,216812;314029
HGNC:1068,243;398987
HGNC:1069,261295;93396
HGNC:1073,465508
HGNC:24154,66637
HGNC:1076,157794;329971;440437;79076
HGNC:1077,2098;2639;93384;93388;93396
HGNC:23505,1114
HGNC:1081,243
HGNC:30988,93110
HGNC:1093,247378;714
HGNC:1097,1340;146;251615;500;54595;58017;626;648;687730;687733;687738;687741;840;96253
HGNC:24185,280679
HGNC:20473,145;84
HGNC:12760,244
HGNC:1133,47;632
HGNC:1142,797
HGNC:1144,2440
HGNC:1151,1052
HGNC:16405,904
HGNC:26973,154
HGNC:19849,399805
HGNC:1245,169147
HGNC:1246,169147;300345;75392
HGNC:1247,169147;75392
HGNC:1248,169147
HGNC:1323,117;169147;300345;536
HGNC:1324,169147;536
HGNC:1331,169150
HGNC:1339,169150
HGNC:1346,169150
HGNC:1352,169150
HGNC:1353,169150
HGNC:1354,169150
HGNC:1358,169150
HGNC:1371,542657
HGNC:1375,791
HGNC:1386,364055;65;714070;98784
HGNC:1390,130;528084;595098;595105;595109;727156
HGNC:1399,130;442835;51083
HGNC:1402,130
HGNC:1404,211067;307
HGNC:1406,178469
HGNC:16709,363999
HGNC:1455,131;3318;824
HGNC:26276,163693;238523;369881
HGNC:20039,154
HGNC:1476,488594
HGNC:16446,2897
HGNC:17057,714410
HGNC:16391,457088
HGNC:1500,3261
HGNC:1512,2593;88635
HGNC:1513,730631
HGNC:1514,417;428;676;93372
HGNC:1515,444138
HGNC:25062,399805
HGNC:17116,276234
HGNC:18810,94064
HGNC:14438,171709
HGNC:1537,329469
HGNC:4268,332
HGNC:1552,242
HGNC:26821,478
HGNC:25079,399805
HGNC:18111,90635
HGNC:18782,146
HGNC:25367,2616
HGNC:24855,38
HGNC:2500,220393;220402
HGNC:1582,29073;52416;67038;892
HGNC:1591,803
HGNC:1602,117
HGNC:1607,220393;220402
HGNC:1618,139578
HGNC:21685,853
HGNC:1630,300333
HGNC:1678,3452
HGNC:2665,566175
HGNC:1689,169464
HGNC:1701,696881
HGNC:1706,169085
HGNC:1723,488191
HGNC:1754,178469
HGNC:26929,98869
HGNC:1788,618;652;715721
HGNC:1802,263553;90368
HGNC:1815,586
HGNC:1818,586
HGNC:1836,169142;566067
HGNC:1856,2512;808
HGNC:32933,90635
HGNC:29264,65684
HGNC:28209,110;397615
HGNC:23752,363992;79394
HGNC:1869,181428
HGNC:29523,791
HGNC:28506,276234
HGNC:26684,276234
HGNC:25631,276234
HGNC:26708,137893
HGNC:16053,101063
HGNC:26530,101063
HGNC:15872,137893
HGNC:25325,276234
HGNC:26107,276234
HGNC:30726,276234
HGNC:18292,216718;216729;244283;99042
HGNC:2771,169467
HGNC:4888,329931;93571
HGNC:4890,329931
HGNC:16980,329931
HGNC:24668,329931;93571
HGNC:8864,2966
HGNC:19057,2108
HGNC:1925,488191
HGNC:16627,145;440437;524;668
HGNC:16171,441447;98993
HGNC:29861,91489
HGNC:1952,2970
HGNC:1956,98784
HGNC:1960,199318
HGNC:1965,33108;716758;716765;716816;719880
HGNC:1966,716758;716765;716772;716816
HGNC:15993,263548
HGNC:16920,302
HGNC:24579,90636
HGNC:30452,93334
HGNC:21219,199332;307
HGNC:53647,101063
HGNC:16744,420492
HGNC:2018,586
HGNC:17412,1545;157820
HGNC:2019,614
HGNC:2020,307;363540;404
HGNC:2026,89938
HGNC:2032,59303
HGNC:2033,528105
HGNC:2040,2196
HGNC:14558,1334
HGNC:2063,324410
HGNC:13517,90636
HGNC:10461,88616
HGNC:2586,904
HGNC:24039,2301
HGNC:2093,453510
HGNC:29437,2116
HGNC:27015,1980
HGNC:13164,606
HGNC:2149,88620
HGNC:2171,210163
HGNC:13830,163681
HGNC:24990,254905
HGNC:33848,1561
HGNC:23571,199306
HGNC:6546,435934
HGNC:2188,536516;610;75840
HGNC:2190,98915
HGNC:2191,79501
HGNC:2194,251393;293381;79402;79406
HGNC:2198,1899;216796;216804;216812;216820;230851;230857;314029
HGNC:18603,1143;45358;91411
HGNC:22986,438117
HGNC:2208,1018;90625
HGNC:2216,98973;98974
HGNC:2218,166002;250984
HGNC:2220,293843
HGNC:2226,98915
HGNC:2228,567
HGNC:2230,444092
HGNC:2236,718017
HGNC:19012,275555
HGNC:16232,199337
HGNC:2294,254905
HGNC:2296,676
HGNC:17245,163717;36387
HGNC:18540,444099
HGNC:2345,569164;97338
HGNC:18856,216812;79105
HGNC:23720,79105
HGNC:18855,300293
HGNC:2355,98784
HGNC:2359,468672
HGNC:11701,220386;280195;280200;93924;93925;93926
HGNC:2363,261330
HGNC:2364,1545;157820;930
HGNC:2379,2050;216804;216812;216820
HGNC:2388,1377;441452;98988;98991;98994
HGNC:2389,154;280553;399058;441452;98991;98993
HGNC:2394,441452;98985;98991;98993
HGNC:2395,98988;98991
HGNC:2396,1377;441452
HGNC:2397,1377;98984;98991
HGNC:2398,1377;441447;98984;98985;98989;98991;98994
HGNC:2400,98988;98991
HGNC:2409,441452;98988;98994
HGNC:2410,1377;441452;98984;98991
HGNC:2411,1377;441452;98984;98989;98990;98991
HGNC:2417,441452;98985
HGNC:2418,90635
HGNC:2439,279943;420702;86829;98824
HGNC:2452,164736
HGNC:2475,100008
HGNC:26047,399805
HGNC:2511,293888;293899;293910
HGNC:2523,103918;676
HGNC:2527,50943
HGNC:2528,2342;678
HGNC:2535,2073
HGNC:2548,35858
HGNC:21024,2616
HGNC:6027,420699
HGNC:2577,379
HGNC:2578,319605;379
HGNC:28672,379
HGNC:19986,168629
HGNC:2590,168558;289548
HGNC:2591,403;90795
HGNC:2593,90793;90796
HGNC:2594,178345;91
HGNC:2600,315306;315311
HGNC:2602,300547
HGNC:20577,398189
HGNC:20580,289157
HGNC:26820,313
HGNC:2649,521432
HGNC:2651,209902
HGNC:18274,723195;723203
HGNC:18143,656
HGNC:2661,363710
HGNC:17748,268823;63260;857
HGNC:2671,803
HGNC:2682,1646
HGNC:15964,1646
HGNC:15965,1646
HGNC:15966,1646
HGNC:2689,230
HGNC:15594,33364
HGNC:24891,401964
HGNC:13681,314679;741
HGNC:2705,101068
HGNC:2709,597733
HGNC:18985,2843
HGNC:2726,99967
HGNC:16110,93352
HGNC:2699,1646
HGNC:2768,402014
HGNC:2843,329242
HGNC:16940,487814
HGNC:2865,168563;242
HGNC:17211,791
HGNC:21528,90635
HGNC:15480,90635
HGNC:17805,146;422526
HGNC:2891,268882;85193
HGNC:2899,99977
HGNC:2907,254525;254528;254531;254534;650077;650097;96184;96334
HGNC:2909,2311
HGNC:2910,1114;974
HGNC:2911,29072
HGNC:2916,100034;3352
HGNC:2917,199306
HGNC:2918,2440;71271
HGNC:2919,2440
HGNC:24475,243343
HGNC:2932,289176
HGNC:2933,589821;589824;589827;589830;589833
HGNC:18661,244
HGNC:5270,401920
HGNC:14886,700170
HGNC:30343,411602
HGNC:9439,445062
HGNC:2955,238722
HGNC:14353,276234
HGNC:2956,300345;536
HGNC:26532,137893;399805
HGNC:30373,98994
HGNC:3010,228140;2514
HGNC:18648,2032
HGNC:28769,1872
HGNC:3023,36899
HGNC:3037,217407
HGNC:3048,369992;369999;370002;50942
HGNC:21307,55654;573
HGNC:3052,154;158687;2032;293165;293888;293899;293910;369992;476096;50942;65282
HGNC:3057,54260
HGNC:13273,226316;95716
HGNC:32698,95716
HGNC:3072,432;478
HGNC:3078,725898
HGNC:50800,269
HGNC:3082,269
HGNC:3084,3107
HGNC:3087,3107
HGNC:24595,289;474
HGNC:3146,388
HGNC:3147,329457
HGNC:3157,181;99798
HGNC:17756,181
HGNC:14341,1810;248;99798
HGNC:26114,88616
HGNC:3176,137888
HGNC:3179,443995;586
HGNC:16406,1941;307
HGNC:3229,210159;620368
HGNC:3247,300;3337
HGNC:3296,411602
HGNC:12741,904
HGNC:17233,140436;3019
HGNC:26158,90636
HGNC:21308,423296
HGNC:3331,98863
HGNC:3334,656
HGNC:3344,100031
HGNC:3354,99849
HGNC:3374,247511;276621;324299
HGNC:3377,288
HGNC:3381,822
HGNC:11529,144;92050
HGNC:3386,441447;98991;98993;98994
HGNC:3401,238475
HGNC:3415,247511
HGNC:3416,90042
HGNC:24634,2440
HGNC:21297,444
HGNC:3424,642945;642976
HGNC:18173,117
HGNC:3430,213726;2800;388;99976
HGNC:3431,137776;388
HGNC:15842,656912
HGNC:17072,146;280325
HGNC:3446,319;370334
HGNC:29205,1143
HGNC:3467,785
HGNC:3468,99361
HGNC:3490,319
HGNC:3493,319
HGNC:3508,209916;319;370334;569164;83469;97338
HGNC:24662,641361
HGNC:9137,2254
HGNC:30578,412189
HGNC:12691,88616
HGNC:26171,84
HGNC:19367,2032
HGNC:25808,791
HGNC:23015,1031
HGNC:23168,399805;84
HGNC:3596,589527
HGNC:3600,295197;404451
HGNC:26740,684742
HGNC:3603,1885;2084;2462;2623;2833;284963;284979;300382;3449;91387;969
HGNC:28521,399805;488191
HGNC:13586,171695
HGNC:10847,2440
HGNC:3618,536
HGNC:15626,3002
HGNC:3619,437552
HGNC:3620,464370;536
HGNC:3625,331190
HGNC:3631,79152
HGNC:22788,478
HGNC:3666,2363;86815
HGNC:3668,442835
HGNC:3672,2498
HGNC:3673,432;478
HGNC:3677,1848
HGNC:3680,306661;89937
HGNC:3683,411788
HGNC:3701,422526
HGNC:3702,178461;431272;97239;98863
HGNC:3703,154
HGNC:24669,243
HGNC:19124,168940;314950;520
HGNC:18169,1149;216812;216820;2771
HGNC:18625,300179
HGNC:3722,904
HGNC:3748,461
HGNC:33276,263548
HGNC:3760,320406
HGNC:3762,478
HGNC:3763,275555
HGNC:3765,102724;585909;589534;589595;98829;98832;98833;98834;99861
HGNC:3796,675396
HGNC:3797,673556;675396
HGNC:3809,210122
HGNC:3814,220386;280195;280200;93924;93925;93926
HGNC:3815,402041;705
HGNC:1092,572333;572354;572361;99915
HGNC:3819,99756
HGNC:3823,391372;52417
HGNC:3826,447740
HGNC:23399,217266;2717;3366;93100
HGNC:3954,269
HGNC:3960,791
HGNC:3964,52901
HGNC:3969,243;64739
HGNC:21675,276234
HGNC:26219,3027;620158
HGNC:14673,98991;98994
HGNC:4040,3107;93328
HGNC:4043,98942;98943;98944;98945;98946;98947
HGNC:4044,280654
HGNC:23375,656
HGNC:4165,220386;280195;280200;93924;93925;93926
HGNC:1197,146
HGNC:15802,3303;334;402075
HGNC:29941,154
HGNC:4192,438274
HGNC:4311,33574;586
HGNC:4198,2239;99879
HGNC:15805,399805
HGNC:4204,98994
HGNC:4214,216718;3303;97548
HGNC:4218,2345;98938
HGNC:4220,2098;2639;3237;3250;63442;93384;93388;93396;968
HGNC:4221,2345;3237;65;98938
HGNC:4232,388;661
HGNC:752,154
HGNC:4237,486
HGNC:4243,1848
HGNC:18869,171709
HGNC:4249,642945;642976
HGNC:4250,33573
HGNC:4261,231662;231671;231679;629
HGNC:4263,314802;633
HGNC:4266,684247
HGNC:4267,314811
HGNC:1226,98897
HGNC:4274,1010;1522;2248;2710;317;90636;93404
HGNC:4277,98984;98991;98993
HGNC:4279,3303;334
HGNC:4281,1377;91490;98984;98985;98991;98994
HGNC:4285,139512;317;90635;90636
HGNC:4286,317
HGNC:4288,189;477;90635;90636
HGNC:4315,1486;53696;803
HGNC:4317,289;93334;93335;93339
HGNC:14373,83454
HGNC:4329,3197
HGNC:20134,255132;401866
HGNC:24870,803
HGNC:4379,101049;1556;428;675359;714737;723195;723203;79483;79484
HGNC:4382,1063;2122;675359
HGNC:4388,329466
HGNC:4415,289891
HGNC:4419,432
HGNC:4421,432
HGNC:4428,146
HGNC:20356,2065
HGNC:17643,171709
HGNC:4454,93329
HGNC:4455,300293
HGNC:28956,130
HGNC:4458,712
HGNC:24945,535458
HGNC:4462,319635
HGNC:14963,963
HGNC:4492,171
HGNC:4519,100033
HGNC:25169,500188
HGNC:4556,93317
HGNC:4562,90636
HGNC:4564,96182
HGNC:31042,1848;93100
HGNC:17655,99798
HGNC:4570,93599
HGNC:4612,397623
HGNC:4620,85448
HGNC:4623,90030
HGNC:4635,586
HGNC:4661,904
HGNC:30775,904
HGNC:4679,791
HGNC:4685,401945
HGNC:4688,103908;314373;314376
HGNC:4704,288
HGNC:15808,527450
HGNC:4713,2128;231117;231127;231140;231144;654
HGNC:20503,723358
HGNC:4776,723358
HGNC:4768,723358
HGNC:4795,168588
HGNC:4798,319487
HGNC:4806,2157
HGNC:4816,231183;488333
HGNC:4817,642945;642976
HGNC:4829,231237;699822;715135;715140
HGNC:4831,231237;251380;46532
HGNC:4832,251380;280615;46532;707792
HGNC:16882,130;166282
HGNC:4847,2073;83465
HGNC:14064,163966
HGNC:43984,244242
HGNC:15977,2311
HGNC:4881,91387
HGNC:18270,1422
HGNC:4909,531
HGNC:23302,791
HGNC:4931,179
HGNC:4932,117;275798;29207;3287;36426;397
HGNC:4933,585909
HGNC:4938,900
HGNC:4940,133;900
HGNC:4942,930
HGNC:4944,2073;477738;703;83465;930
HGNC:4947,505
HGNC:4948,2073;220393;220402;220407;3437;397;477738;536;545;703;747;797;83465;85414
HGNC:4977,641375
HGNC:4978,527468
HGNC:5031,399086;52430;803
HGNC:5101,71289
HGNC:5103,140963;83463
HGNC:5111,306530
HGNC:5125,69084
HGNC:5133,295201;295203
HGNC:5136,295191;295195;887;93387;93406;93409
HGNC:5154,1525;217059;2796
HGNC:18374,2704
HGNC:5172,444;701;86819
HGNC:5173,146;2612;2874;3071;79414
HGNC:14178,599418
HGNC:5201,432;478
HGNC:5208,168588
HGNC:5212,752
HGNC:5218,90791
HGNC:5227,441452;98994
HGNC:5248,139525
HGNC:16389,422526
HGNC:5286,498251
HGNC:9476,199354;252128;252212;482077
HGNC:5321,508476
HGNC:5326,96191;99886
HGNC:5382,163634;251576;251579;296;726004;86845;99646
HGNC:5384,791
HGNC:16644,216828
HGNC:5433,431166
HGNC:5438,699618;805;88
HGNC:5439,117;319569;319581;99898
HGNC:5440,319547;319574;319589
HGNC:5456,98771
HGNC:20606,791
HGNC:5461,52055
HGNC:5468,140941
HGNC:5476,284247
HGNC:5477,52416;52417;545;585948
HGNC:5525,536;67038
HGNC:5526,183675
HGNC:5586,67038
HGNC:5650,300878
HGNC:5716,183675
HGNC:5948,329235
HGNC:5950,451612
HGNC:5956,63446;93388
HGNC:5969,117;186
HGNC:49094,117
HGNC:5970,319558;3287
HGNC:5971,186;319552
HGNC:16404,1334
HGNC:5985,1334
HGNC:18358,1334
HGNC:17616,478
HGNC:6000,210115
HGNC:6005,477661
HGNC:19100,117
HGNC:18969,353220
HGNC:15561,163927;163931;247353;404546
HGNC:6018,85414
HGNC:6019,656326
HGNC:6021,656283;656300;656313
HGNC:6023,302
HGNC:6062,494547;494550;500464;500478;502363;502366
HGNC:6066,213504
HGNC:26956,723146
HGNC:20739,456333
HGNC:29171,93334
HGNC:6112,536;93552
HGNC:17967,70592
HGNC:6116,699615
HGNC:21729,520;696904
HGNC:6120,186;220393;220402;536
HGNC:6122,574918
HGNC:5358,319600
HGNC:14359,457246
HGNC:4053,319563
HGNC:6137,853
HGNC:6142,79403
HGNC:6144,1848
HGNC:6149,536
HGNC:6155,99842
HGNC:6161,100031;100032;2850
HGNC:6174,397758;97345;97346
HGNC:6181,468666
HGNC:21071,95716
HGNC:6188,261600;261619;3303
HGNC:26926,423384
HGNC:6192,131;3318;667662;71493;729;824
HGNC:14686,1980
HGNC:28917,213711;536
HGNC:6199,307;64280
HGNC:6207,158687;293888;293899;293910;34217
HGNC:19309,210141
HGNC:29300,420686;656
HGNC:17582,3047;85201
HGNC:6224,334
HGNC:6229,1606
HGNC:6239,130;98772
HGNC:6240,334;727185;90647
HGNC:6242,334;727178
HGNC:6243,130;681
HGNC:6241,130;86818
HGNC:6251,51083;727149
HGNC:6256,199343;705;98809
HGNC:39080,79102
HGNC:6263,334;37553;51083
HGNC:6266,251274;334;37553
HGNC:6269,130;1517;728619
HGNC:6293,3202;586
HGNC:6294,334;51083;727141;90647
HGNC:6295,2128;231117
HGNC:25705,36899
HGNC:23177,276399
HGNC:6309,53691
HGNC:33699,254688;254693
HGNC:6315,2056
HGNC:30071,220402;536
HGNC:29110,2754;474;475
HGNC:28532,93334
HGNC:17273,261323
HGNC:16636,29072;99946
HGNC:6317,397946
HGNC:9787,75249
HGNC:6391,93360
HGNC:6392,98870
HGNC:23204,178469
HGNC:6341,432;650097
HGNC:4510,432;650077;650097
HGNC:6343,280628;363494;79146;895;90635
HGNC:6344,306661
HGNC:20716,320406
HGNC:6345,251380;293825;46532;727394
HGNC:11811,552
HGNC:28557,98843
HGNC:18829,399805
HGNC:18732,399081
HGNC:6365,100033
HGNC:6377,117
HGNC:30767,221139
HGNC:6396,171612
HGNC:21839,401959;488191
HGNC:6407,1333;1340;144;146;2396;251615;2612;268114;3339;648;86834
HGNC:17550,708036
HGNC:6412,2199;281139;281190;312;50942;530838;538574;79503
HGNC:6413,281139;281190;312;512103
HGNC:6414,98954
HGNC:6415,171723
HGNC:6416,69087;79396;79397;79399;79400;86920;89838
HGNC:6423,2199;2309;448264
HGNC:6427,2309;841
HGNC:6439,455
HGNC:30839,170
HGNC:6440,98954
HGNC:6441,171723
HGNC:6442,158681;79145;79396;79397;79399;79400;89838
HGNC:6443,2309
HGNC:6444,2309
HGNC:20406,402003
HGNC:28927,170
HGNC:28929,170;69084;90368
HGNC:6458,573
HGNC:6460,316;573
HGNC:6462,69084
HGNC:6463,573
HGNC:6447,2199
HGNC:26576,496686;496689
HGNC:26789,85414
HGNC:6483,2407;79402;79404
HGNC:6484,154
HGNC:6490,100031;79402;79404
HGNC:6493,79402;79404
HGNC:6494,280640
HGNC:29796,90023
HGNC:16960,661
HGNC:6522,79292;79293
HGNC:6530,53690
HGNC:15710,154;293888;293899;293910;54260;98912
HGNC:6535,284426
HGNC:6541,284435
HGNC:6551,708043
HGNC:21244,441447;659873;98994
HGNC:28887,166119;1879;94063
HGNC:6553,66628
HGNC:6554,179494
HGNC:6560,2311
HGNC:18712,2680
HGNC:6584,325448
HGNC:6585,3000;96265;96266
HGNC:6593,261265
HGNC:6595,226307;231720
HGNC:21734,226307;85442;95494;95496
HGNC:6610,98994
HGNC:6613,904
HGNC:32207,635
HGNC:6619,140905
HGNC:18483,170;55654
HGNC:23452,313
HGNC:13243,2378;931;93321;93336;93405;988
HGNC:14154,535453
HGNC:6641,635
HGNC:6647,2241
HGNC:6663,316;79395
HGNC:13869,250984
HGNC:4478,146
HGNC:15520,170;55654
HGNC:6677,309015
HGNC:20889,2704
HGNC:24783,714079
HGNC:23405,352745
HGNC:6692,2340;79100
HGNC:6698,1810;99798
HGNC:6701,98619
HGNC:19027,33110
HGNC:18608,500548
HGNC:30860,51
HGNC:6716,2623;2899;969
HGNC:6717,221145;98896
HGNC:14985,1606
HGNC:21365,397593
HGNC:6740,93561
HGNC:6764,84
HGNC:6408,233;2774;529574
HGNC:18957,656
HGNC:28880,317476
HGNC:2568,456328;95706
HGNC:29623,695110
HGNC:6840,1340;389
HGNC:6848,242;251510
HGNC:6858,26106
HGNC:6859,1826;3238
HGNC:6888,466718
HGNC:6893,100069;100070;240071;240085;240094;240103;240112;275864
HGNC:6898,397735;401835;440427
HGNC:6902,331187
HGNC:19042,168629
HGNC:6904,91387
HGNC:6909,156728;93311
HGNC:6929,618;79432
HGNC:6930,361
HGNC:6932,71529
HGNC:29622,98676
HGNC:6944,90635
HGNC:6950,2512
HGNC:25636,1596
HGNC:6973,524;99970;99971
HGNC:28845,464738;88616
HGNC:28613,254688
HGNC:28569,399805
HGNC:7013,2345
HGNC:13520,216804
HGNC:29659,2311
HGNC:7029,319298;33402;47044;488265;715704;90636
HGNC:19068,904
HGNC:18121,251279;35612
HGNC:7059,251576;251579;618
HGNC:21086,54260
HGNC:30577,54260
HGNC:7096,777
HGNC:7097,586;85414
HGNC:7103,441452;98985;98989;98991;98993;98994
HGNC:31527,623695
HGNC:31555,293936
HGNC:31582,488197
HGNC:7114,650077;650097
HGNC:7127,144;252202
HGNC:16063,99861
HGNC:7136,402017
HGNC:29643,79478
HGNC:11645,3287
HGNC:14668,186
HGNC:7155,79408
HGNC:7159,1040;2501;93356
HGNC:7160,371428
HGNC:7165,464760
HGNC:7166,371428
HGNC:7167,100033
HGNC:14357,101063
HGNC:7171,1606
HGNC:7176,1040
HGNC:4979,1552
HGNC:7197,2073
HGNC:7199,488191
HGNC:7201,399805
HGNC:7218,2587
HGNC:1304,361
HGNC:7230,145;240760;251347
HGNC:14048,254920
HGNC:14499,457223
HGNC:14334,402023;619941
HGNC:7325,144;252202
HGNC:7326,480536
HGNC:7327,243
HGNC:7328,399805
HGNC:7329,144;252202
HGNC:7380,171
HGNC:7391,141291;199302;199306;2228;99798
HGNC:7460,104
HGNC:7491,2131;663
HGNC:7495,550;551
HGNC:26190,169189
HGNC:7467,14
HGNC:7516,171700;2032;686465
HGNC:21666,171700
HGNC:7527,247798;440437
HGNC:7529,79152
HGNC:7545,251671;86849;99861
HGNC:7549,1146;137783;498693
HGNC:7553,480541;543;99861
HGNC:7562,33226;70592;714046
HGNC:7566,169189
HGNC:7573,1146;1147;2053;2990;3275;65743
HGNC:7576,154;166282;99103
HGNC:15906,54260
HGNC:7578,319340;3377
HGNC:7582,544602
HGNC:7585,334
HGNC:52391,1358
HGNC:7595,90635
HGNC:7597,90635
HGNC:7599,656
HGNC:13879,661
HGNC:7603,2290;480491;79306
HGNC:7608,716889
HGNC:7611,994
HGNC:3656,599418
HGNC:19918,1980
HGNC:12399,268129;98911
HGNC:23246,154;171439;171881;75249
HGNC:25875,1980
HGNC:7627,2126
HGNC:26232,520
HGNC:29832,521438
HGNC:7634,83330;83418;83419
HGNC:23044,399805
HGNC:7652,145;647
HGNC:28952,2512
HGNC:7660,379;904
HGNC:7661,379
HGNC:7662,379
HGNC:7671,146
HGNC:17091,289478
HGNC:7675,177901;177904;177910;98754
HGNC:26256,478
HGNC:7679,99950
HGNC:19688,247820
HGNC:7745,791
HGNC:18591,464366;64754
HGNC:12768,280
HGNC:13806,83620
HGNC:7774,529980
HGNC:7775,723161
HGNC:7782,619979
HGNC:15910,397593
HGNC:11075,244305
HGNC:7818,432
HGNC:14906,319675;808
HGNC:17043,100988;261183
HGNC:17044,261183
HGNC:28018,313;79394
HGNC:7828,728764
HGNC:32940,3303;334;665058
HGNC:951,228387
HGNC:19321,527497
HGNC:16412,436166;576349
HGNC:14374,352662
HGNC:22938,247868
HGNC:22948,488191
HGNC:16400,1451;47045;575;647815
HGNC:21269,488191
HGNC:22947,254688;254693;488191
HGNC:20461,101063
HGNC:16473,244
HGNC:7869,319189
HGNC:14378,1775
HGNC:15911,276198
HGNC:7872,930
HGNC:53924,2289;98897
HGNC:7883,136;2591;2789;729649
HGNC:7896,440437
HGNC:13394,656
HGNC:7910,1775;300865;402026;520;98833;98834;98842
HGNC:7939,1344;334
HGNC:7944,329191;40
HGNC:7945,329191
HGNC:7960,242;251510;393;95702
HGNC:7967,480476;69665
HGNC:7978,786;96253
HGNC:7982,209916
HGNC:8007,388
HGNC:29843,432
HGNC:25994,88616
HGNC:8021,289601
HGNC:8029,238722
HGNC:23319,3095;528084
HGNC:8033,146;2030;2665;715694
HGNC:22208,39041
HGNC:8059,520
HGNC:8063,334
HGNC:18658,656
HGNC:29929,2512;656
HGNC:17359,225154
HGNC:8066,225154
HGNC:8067,994
HGNC:29919,443167
HGNC:23438,213711
HGNC:23445,213711;457246
HGNC:51204,98897
HGNC:23448,457246
HGNC:18008,1507
HGNC:8086,572428
HGNC:15719,99845
HGNC:29092,2616
HGNC:26300,100033
HGNC:8125,422526
HGNC:8149,33572
HGNC:1012,88629
HGNC:8487,2554
HGNC:8507,353220
HGNC:15804,98973
HGNC:8537,67038
HGNC:8540,2073
HGNC:19316,216804;216812
HGNC:19317,98619
HGNC:8547,397
HGNC:8548,2050;216796
HGNC:8565,270
HGNC:18337,1410
HGNC:20449,488191
HGNC:8587,633099
HGNC:17068,1333
HGNC:19366,98993
HGNC:8599,488191
HGNC:8604,448242;93282
HGNC:33630,488191
HGNC:8618,552
HGNC:30064,404511
HGNC:14674,231169;90636
HGNC:8725,2880
HGNC:8727,146
HGNC:8743,71528
HGNC:8760,536
HGNC:8773,1359;647772;647782
HGNC:8776,90635
HGNC:8778,1276
HGNC:8790,49382
HGNC:8794,228169;647782
HGNC:8800,1980;2495;263662;31112
HGNC:8805,210159
HGNC:8807,399805
HGNC:29602,1606
HGNC:8820,101108
HGNC:8846,164736
HGNC:8847,164736
HGNC:52293,714490
HGNC:17637,659
HGNC:40045,254905
HGNC:8877,371
HGNC:8889,97234
HGNC:16090,98994
HGNC:8919,730892
HGNC:8926,264580
HGNC:8930,715
HGNC:691,45358
HGNC:15514,99861
HGNC:9394,171709
HGNC:8975,140944;144;168984;210159;221061;2495;276280;295239;295243;314662;583097;60040;714737;714785;717611;90308;99802
HGNC:30035,64753
HGNC:23785,98970
HGNC:8997,585936
HGNC:21043,1872
HGNC:9004,1275;293144;293150;498494
HGNC:9006,162;98993
HGNC:18053,101063
HGNC:9023,158668
HGNC:9024,130;293888;293899;293910;54260
HGNC:9038,363989
HGNC:9045,276148;397590
HGNC:9046,96191;99886
HGNC:9051,480528
HGNC:9056,589435
HGNC:9060,2387
HGNC:9066,300359;324530
HGNC:17158,589522
HGNC:24501,98765
HGNC:29393,696063
HGNC:9081,1900
HGNC:9082,2771
HGNC:9091,391330
HGNC:13635,329242
HGNC:9107,3384;570
HGNC:17728,529970
HGNC:9113,520
HGNC:9121,144
HGNC:9122,144;252202
HGNC:9141,735
HGNC:9153,98810
HGNC:21185,399805
HGNC:21246,79394
HGNC:9171,2828;391411
HGNC:9176,718047
HGNC:30349,243
HGNC:9201,71526
HGNC:20330,281201
HGNC:30129,93347
HGNC:9211,186
HGNC:9218,314647
HGNC:21694,654
HGNC:25686,154
HGNC:9255,216804;216812;216820;98673
HGNC:29035,90636
HGNC:9276,163693
HGNC:17485,171709;1770
HGNC:9343,319308
HGNC:32528,791
HGNC:13995,122
HGNC:13997,478664
HGNC:9349,90354
HGNC:9350,466729
HGNC:30228,163690;163693;238523;369881;716893
HGNC:17019,308
HGNC:9380,289;401920
HGNC:9382,438207
HGNC:9402,98763
HGNC:9412,1606
HGNC:9438,210571
HGNC:9446,397685
HGNC:9455,226307;90695;95494
HGNC:9460,329217
HGNC:15860,791
HGNC:9461,803
HGNC:9142,990
HGNC:9483,676
HGNC:9495,900
HGNC:9508,100069;100070;1020;154;275864
HGNC:9509,1020;154
HGNC:30100,79145
HGNC:9538,39041
HGNC:17928,243
HGNC:9580,251523;69126
HGNC:9586,141276;377
HGNC:9606,189466
HGNC:9644,2499;500;648;86834
HGNC:9647,99141
HGNC:9650,85408;85410
HGNC:9652,3437;397;536;85408;85410;900
HGNC:9655,70567
HGNC:9658,3243;538863;538866;538869;538872
HGNC:9670,180188
HGNC:9673,566192
HGNC:9678,656
HGNC:23326,536
HGNC:21100,251671
HGNC:21020,570491
HGNC:16075,178355
HGNC:18072,1333
HGNC:9804,98870
HGNC:9816,145;240760
HGNC:9829,154;251615;500;626;648
HGNC:17679,130
HGNC:9863,33108;719880;994
HGNC:9864,520
HGNC:9871,693907;90307
HGNC:9872,648
HGNC:18286,1872
HGNC:9890,399805
HGNC:14959,402023
HGNC:9912,1646
HGNC:9921,791
HGNC:25786,101011;139536
HGNC:17975,401849
HGNC:9957,101046;89844
HGNC:13764,100032
HGNC:9966,2024;654
HGNC:9968,570
HGNC:9970,904
HGNC:25539,84
HGNC:9990,791
HGNC:30304,75374
HGNC:10006,3203;71275
HGNC:10008,71275
HGNC:10009,71275
HGNC:667,589608
HGNC:19102,85191
HGNC:26814,98897
HGNC:17282,1872
HGNC:21876,464724
HGNC:496,1234;1401
HGNC:21390,2311
HGNC:28349,508512
HGNC:24496,93347
HGNC:18466,329336
HGNC:21158,137634
HGNC:17023,422526
HGNC:25358,631082
HGNC:27729,399805
HGNC:14539,2573
HGNC:21698,1173
HGNC:10069,99977
HGNC:10227,791
HGNC:34270,791
HGNC:34285,791
HGNC:34269,791
HGNC:10250,289365
HGNC:10254,791
HGNC:10256,90636
HGNC:10260,477857
HGNC:10261,251579;70567;715701
HGNC:10288,791
HGNC:13436,1872;564;65
HGNC:17976,399805
HGNC:10301,124
HGNC:10303,370015
HGNC:10306,124
HGNC:10310,124
HGNC:10313,55654
HGNC:10327,124
HGNC:10328,124
HGNC:10334,124
HGNC:10344,124
HGNC:10345,124
HGNC:10368,124
HGNC:10369,124
HGNC:10381,402020
HGNC:10387,86841
HGNC:10388,67038
HGNC:10389,124
HGNC:10397,124
HGNC:10405,124;440437
HGNC:10414,124
HGNC:10416,124
HGNC:10418,124
HGNC:10419,124
HGNC:10440,124
HGNC:6502,101351
HGNC:19903,73224
HGNC:10447,648;86834
HGNC:10451,254886
HGNC:29100,1980
HGNC:21679,85112
HGNC:28583,3301
HGNC:16175,94150
HGNC:14665,254525;254528;254531;254534;96184;96334
HGNC:10468,100993
HGNC:28991,404499
HGNC:10472,1452;2504
HGNC:10484,726788;730618
HGNC:10513,85445
HGNC:24797,100032
HGNC:10526,98942;98943;98944;98945;98946;98947;99861
HGNC:15924,2307;233;261638;261647;959
HGNC:10535,71
HGNC:10536,3129
HGNC:19182,231040;447961
HGNC:10540,2340;93552
HGNC:29917,791
HGNC:1664,181428
HGNC:19869,2460
HGNC:16941,714481
HGNC:26406,110
HGNC:10582,130;306577;46348;88642;90026
HGNC:10586,130;1934;33069;334;36387;871
HGNC:10589,130;334
HGNC:20665,130;334
HGNC:10592,334
HGNC:10593,130;1344;154;166282;228140;334;723139;727203;871
HGNC:10597,306577;33069;36387;46348;88642;90026;970
HGNC:10600,171876;526;60033
HGNC:29958,313;79394
HGNC:10701,50814
HGNC:10705,567
HGNC:10706,2050;216796
HGNC:10845,2440
HGNC:10723,130;478
HGNC:10725,388
HGNC:10726,388
HGNC:10729,1872;440437;791
HGNC:10732,171
HGNC:26348,276234
HGNC:33280,251576;251579
HGNC:9165,171709
HGNC:8941,178396;586;60
HGNC:1540,199247
HGNC:13902,140966
HGNC:8952,263548;289586
HGNC:8824,216812;216820
HGNC:1546,216812
HGNC:10774,319308
HGNC:10778,3005
HGNC:25088,435988
HGNC:30417,261197;261222;329249
HGNC:10825,184
HGNC:13867,696945
HGNC:23664,252128;252212
HGNC:26535,399805
HGNC:15454,2701
HGNC:10853,240;2632;314795
HGNC:1492,440713
HGNC:29215,85288
HGNC:10856,35122
HGNC:8157,139552;300605
HGNC:10882,171829;369873;398079
HGNC:23801,98994
HGNC:14934,580933
HGNC:10888,488437
HGNC:10891,107
HGNC:10892,35612;435930;98938
HGNC:10905,238475
HGNC:22981,238475
HGNC:10907,586;645814
HGNC:10912,358
HGNC:10922,165991;171690;438075
HGNC:23094,247794
HGNC:16192,79152
HGNC:10936,716893;994
HGNC:10937,661412
HGNC:10938,49827
HGNC:17989,94088
HGNC:10969,158
HGNC:10978,100032;100033
HGNC:20611,370097
HGNC:10981,29072
HGNC:14409,217396;99742
HGNC:29683,394532
HGNC:3018,53689
HGNC:9359,90636
HGNC:14468,276234
HGNC:14469,586
HGNC:11007,399
HGNC:13446,94088
HGNC:25355,309854
HGNC:11019,157215;244305;300547;3337
HGNC:11020,60025
HGNC:20305,157215
HGNC:18762,42062
HGNC:4061,79259
HGNC:20502,98619
HGNC:13941,90635
HGNC:16472,79435
HGNC:16628,422526
HGNC:11036,35710
HGNC:11037,69076
HGNC:10964,99757
HGNC:11044,435638
HGNC:11047,586
HGNC:26441,42062
HGNC:11048,443236
HGNC:30927,42062
HGNC:29326,791
HGNC:54925,99852
HGNC:11073,103908;586
HGNC:10959,3111
HGNC:10961,3111
HGNC:10955,2796;468641
HGNC:16643,130
HGNC:18746,87503
HGNC:23845,84
HGNC:6770,1333;2588;329971;774;91387
HGNC:18398,1658;289465;384
HGNC:11117,83330;83418;83419;83420
HGNC:11118,83330;83418;83419;83420
HGNC:20323,314721
HGNC:11094,2884;895
HGNC:11161,55654
HGNC:29256,562559
HGNC:27845,399805
HGNC:11185,1020
HGNC:11187,2024;648
HGNC:13771,1513;3152;3416
HGNC:11194,69735
HGNC:14530,100031
HGNC:17321,1513;216820
HGNC:26620,276234;399805
HGNC:11219,216820
HGNC:11220,101068
HGNC:29935,171709
HGNC:20373,101001
HGNC:11237,35689;99013
HGNC:11242,186
HGNC:28971,243
HGNC:11244,103918;700124
HGNC:11245,399805
HGNC:11247,563708
HGNC:11255,536;93552
HGNC:25356,435953
HGNC:15533,363494;432;478
HGNC:11272,288;822
HGNC:11274,288;822
HGNC:11285,753
HGNC:11289,388
HGNC:11300,486
HGNC:11303,314399
HGNC:30668,163721;1945;98889
HGNC:10783,98823;98849;98850
HGNC:11311,1772;2138;242;251510;393
HGNC:11340,3273
HGNC:24809,99789
HGNC:11335,276234;3273
HGNC:11336,3273
HGNC:11344,91132
HGNC:11356,399805
HGNC:11359,325524;325529;361
HGNC:11363,431166;714429
HGNC:11365,117;536;85408;85410;93552
HGNC:24592,300298
HGNC:27962,425120;481662
HGNC:23508,275555
HGNC:11425,281090;461
HGNC:30611,370924
HGNC:11427,412057;631103
HGNC:11431,94089
HGNC:11438,2290
HGNC:11446,714423
HGNC:11459,313;79394
HGNC:12502,99798
HGNC:16252,529970
HGNC:18130,399805
HGNC:11491,695807
HGNC:17084,98853
HGNC:23143,284271
HGNC:11521,432
HGNC:11522,251576;251579
HGNC:11524,251576;251579
HGNC:11528,432;478
HGNC:11530,98957
HGNC:11544,199302
HGNC:11547,209916;803
HGNC:11532,154
HGNC:11538,399805
HGNC:11556,99861
HGNC:11559,101028
HGNC:26887,457378
HGNC:30684,293910
HGNC:18502,718255
HGNC:11586,904
HGNC:11588,98759
HGNC:11594,93333
HGNC:11605,1797;2311
HGNC:11515,178;397927
HGNC:11610,154;34514
HGNC:11648,99861
HGNC:11652,2967
HGNC:11708,2224
HGNC:20122,399805
HGNC:11714,86813
HGNC:4551,88616
HGNC:14293,276234
HGNC:8117,88620
HGNC:18345,216812
HGNC:26675,399805
HGNC:28520,399805
HGNC:19246,618
HGNC:11733,399805
HGNC:11737,399805
HGNC:11738,399805
HGNC:11742,1297
HGNC:17037,90641
HGNC:11753,319308
HGNC:11764,95716
HGNC:11765,99798
HGNC:11769,293888;293899;293910;60030;91387
HGNC:11771,98956;98960;98961;98962;98963;98964
HGNC:11774,231160
HGNC:11777,100976;281122;281127;313;79394
HGNC:11779,1410
HGNC:11781,263534
HGNC:16255,276193;319465
HGNC:20856,98806
HGNC:11784,436169;544472
HGNC:17754,231160;363999
HGNC:25835,91387
HGNC:11802,603
HGNC:18348,1930
HGNC:11828,238475;480483;90635
HGNC:25295,1872
HGNC:30788,488191
HGNC:11843,99103;99106
HGNC:11849,1930
HGNC:11850,117
HGNC:15632,675628
HGNC:5056,99861
HGNC:13532,99861
HGNC:18021,302
HGNC:20474,302
HGNC:28128,564
HGNC:26991,90636
HGNC:17125,100974
HGNC:20185,689822
HGNC:23018,904
HGNC:25535,216820
HGNC:26186,728902
HGNC:25913,684742
HGNC:24529,35612
HGNC:11875,154
HGNC:9490,168601
HGNC:11878,363969
HGNC:25904,90636
HGNC:5318,90635
HGNC:11896,536;674762
HGNC:11905,494547;494550;500464;500478;502363;502366
HGNC:11908,1782;178389;2801;85195
HGNC:11909,1416;2801
HGNC:17755,696925
HGNC:11917,2584;3162
HGNC:11918,431149
HGNC:11927,696931
HGNC:11931,186
HGNC:11934,2073;536
HGNC:16903,536
HGNC:19297,391316
HGNC:11946,1146;1147
HGNC:11950,1146;1147
HGNC:11976,230839;289365
HGNC:18001,1020
HGNC:7801,93357
HGNC:11992,254886;508512
HGNC:26197,254688
HGNC:16197,2065
HGNC:12009,868
HGNC:12015,95716
HGNC:12017,146;88616
HGNC:24259,2065
HGNC:12027,99861
HGNC:1343,1334
HGNC:12036,1810
HGNC:29011,33543
HGNC:25604,2512
HGNC:23068,93284
HGNC:12155,99861
HGNC:12252,99861
HGNC:12266,103909
HGNC:12298,238670
HGNC:12299,99832
HGNC:15974,397968
HGNC:16379,597201
HGNC:11812,146
HGNC:9975,146
HGNC:16384,654
HGNC:16290,146;2412
HGNC:19016,250923
HGNC:12310,486811;486815
HGNC:25748,300605
HGNC:497,391389;581271
HGNC:12335,458798
HGNC:12338,656
HGNC:17993,130;316;871
HGNC:12340,502;77258
HGNC:18084,448264;659
HGNC:14006,417;676
HGNC:12373,424;90673;95713;95720;99819
HGNC:10669,141074
HGNC:1268,685067
HGNC:12381,1646
HGNC:25455,124
HGNC:19141,98767
HGNC:30761,276234
HGNC:29936,276234
HGNC:12403,140922;154;169186;178464;289377;293888;293899;293910;324604;334;466921;609;707983
HGNC:12404,96
HGNC:12406,791
HGNC:12410,140957;250972
HGNC:20773,488191
HGNC:17772,478029
HGNC:18155,154;361
HGNC:12440,300865;331226;98842
HGNC:12441,1775
HGNC:12449,2770
HGNC:12450,79433
HGNC:12469,1145;596753
HGNC:20486,117
HGNC:12461,100993;631068
HGNC:40028,1872
HGNC:12463,101023;155878;99771;99772
HGNC:12488,536
HGNC:25009,84
HGNC:12500,1606
HGNC:30791,98967
HGNC:12518,276556
HGNC:12520,567
HGNC:12530,2312;79234;79235
HGNC:12556,2268
HGNC:12565,1872
HGNC:14304,441447;98991
HGNC:12580,93100
HGNC:34399,1460
HGNC:12582,1460
HGNC:29594,1460
HGNC:25792,1775;221046
HGNC:16356,231169
HGNC:13485,276234
HGNC:20080,65
HGNC:18533,90635;96253
HGNC:12629,477742
HGNC:12631,401795;96253
HGNC:12633,1646
HGNC:1983,168583
HGNC:29304,178338
HGNC:25507,3472;497906
HGNC:12642,251282;716903
HGNC:11486,251510
HGNC:15512,3027
HGNC:15511,563609;563612
HGNC:12665,154
HGNC:12679,93160
HGNC:12682,569821
HGNC:12949,154
HGNC:12692,675396;98984
HGNC:18085,466703
HGNC:22082,25980
HGNC:23594,2828
HGNC:18287,904
HGNC:14579,369852
HGNC:10895,99789
HGNC:12723,98973
HGNC:1975,98938
HGNC:30910,314485
HGNC:12738,90636
HGNC:12754,652522
HGNC:30914,401800
HGNC:19684,488191
HGNC:14544,88939
HGNC:12775,2440;99798
HGNC:12781,714487
HGNC:12782,3301
HGNC:15983,85193
HGNC:12783,139466;247768;2578
HGNC:12786,2854;2879
HGNC:12787,2470
HGNC:12779,1848
HGNC:24042,157791;673556
HGNC:12805,93601
HGNC:12823,100057
HGNC:12829,399805;84
HGNC:15517,85194
HGNC:12843,98676
HGNC:28905,2065
HGNC:30935,79094
HGNC:11642,98973;98974
HGNC:20152,653728
HGNC:1108,488191;675396
HGNC:16700,2140;251510;3303
HGNC:17277,401840
HGNC:28449,251636;530792
HGNC:20393,217
HGNC:20997,399805
HGNC:12926,93334
HGNC:18194,2073;83465
HGNC:20041,791;891
HGNC:23216,90354
HGNC:26498,791
HGNC:28986,83472
HGNC:25843,168606
HGNC:13156,777
HGNC:13187,404466
HGNC:13188,404466
HGNC:13189,404466
HGNC:15662,171709
HGNC:13051,729781
HGNC:26993,243;399805
